sample_id,excel_row,uuid,hospital,exam_id,group_id,label,label_index,split,positive_points,negative_points,phase_point_ratio
row_000003__fd021a65f1ad4c82ab1f0b422446db91,3,fd021a65f1ad4c82ab1f0b422446db91,惠州市桥东社区服务中心,01-000104,惠州市桥东社区服务中心::01-000104,不可用/不明确,0,train,401,377,1.063660477453581
row_000004__9e5bfb66a13240db8db4957152ecaa9a,4,9e5bfb66a13240db8db4957152ecaa9a,惠州市桥东社区服务中心,01-000104,惠州市桥东社区服务中心::01-000104,不可用/不明确,0,train,414,380,1.0894736842105264
row_000005__199e46f0194b492496ec5662f872de50,5,199e46f0194b492496ec5662f872de50,善心体检,01-008480,善心体检::01-008480,限制性通气功能障碍,1,test,398,389,1.0231362467866323
row_000006__325a4d9928cf4cc88d7d2a7ad77db62d,6,325a4d9928cf4cc88d7d2a7ad77db62d,善心体检,01-008480,善心体检::01-008480,限制性通气功能障碍,1,test,410,363,1.1294765840220387
row_000007__4c735b4805524010af72fba58b986389,7,4c735b4805524010af72fba58b986389,善心体检,01-008480,善心体检::01-008480,限制性通气功能障碍,1,test,410,363,1.1294765840220387
row_000008__510645d8beb647d4a00e74d3b142426b,8,510645d8beb647d4a00e74d3b142426b,东莞市塘厦镇卫生服务中心,01-000598,东莞市塘厦镇卫生服务中心::01-000598,限制性通气功能障碍,1,train,312,312,1.0
row_000009__6641943feaf6496f990ea2be89d168c5,9,6641943feaf6496f990ea2be89d168c5,东莞市塘厦镇卫生服务中心,01-000598,东莞市塘厦镇卫生服务中心::01-000598,限制性通气功能障碍,1,train,312,312,1.0
row_000010__500a13c6748240f2a3ace30c03aacbdf,10,500a13c6748240f2a3ace30c03aacbdf,东莞市塘厦镇卫生服务中心,01-000598,东莞市塘厦镇卫生服务中心::01-000598,限制性通气功能障碍,1,train,309,309,1.0
row_000011__d50fe840b67c45988454bb4d18da12e9,11,d50fe840b67c45988454bb4d18da12e9,善心体检,01-008895,善心体检::01-008895,肺通气功能正常,2,train,385,383,1.0052219321148825
row_000012__69769e41a9084bcd807c3d260bb98f9a,12,69769e41a9084bcd807c3d260bb98f9a,善心体检,01-008895,善心体检::01-008895,肺通气功能正常,2,train,386,385,1.0025974025974025
row_000013__4c68b356d5fa4f38b1b4e42e6aa148e9,13,4c68b356d5fa4f38b1b4e42e6aa148e9,善心体检,01-008895,善心体检::01-008895,肺通气功能正常,2,train,382,387,1.013089005235602
row_000014__8888bbffb01c4864be585f72172b73d5,14,8888bbffb01c4864be585f72172b73d5,深圳市南山区南光社区健康服务中心,01-000286,深圳市南山区南光社区健康服务中心::01-000286,阻塞性通气功能障碍,3,train,332,320,1.0375
row_000015__3563ebdeb9944d908e14d450c6f0eb31,15,3563ebdeb9944d908e14d450c6f0eb31,深圳市南山区南光社区健康服务中心,01-000286,深圳市南山区南光社区健康服务中心::01-000286,阻塞性通气功能障碍,3,train,360,344,1.0465116279069768
row_000016__b5ae878e20a34c77be31ad00fe8fc912,16,b5ae878e20a34c77be31ad00fe8fc912,深圳市南山区南光社区健康服务中心,01-000286,深圳市南山区南光社区健康服务中心::01-000286,阻塞性通气功能障碍,3,train,363,348,1.043103448275862
row_000017__7bf35966b0f04164a6519b3295c85b9d,17,7bf35966b0f04164a6519b3295c85b9d,佛山市南海区盐步医院,01-000512,佛山市南海区盐步医院::01-000512,肺通气功能正常,2,train,466,465,1.0021505376344086
row_000018__ec56fcddf3844b5b9689db17720323bc,18,ec56fcddf3844b5b9689db17720323bc,佛山市南海区盐步医院,01-000512,佛山市南海区盐步医院::01-000512,肺通气功能正常,2,train,448,480,1.0714285714285714
row_000019__893e64320b9940929019e7ebcc8d6025,19,893e64320b9940929019e7ebcc8d6025,广州市越秀区光塔街社区卫生服务中心,01-000240,广州市越秀区光塔街社区卫生服务中心::01-000240,肺通气功能正常,2,train,272,274,1.0073529411764706
row_000021__a8f6aac72eb14ee4a32fe520341962ba,21,a8f6aac72eb14ee4a32fe520341962ba,广州市越秀区光塔街社区卫生服务中心,01-000240,广州市越秀区光塔街社区卫生服务中心::01-000240,肺通气功能正常,2,train,274,262,1.0458015267175573
row_000022__bbd0bf1d3d51489e9d94de5f96188dc6,22,bbd0bf1d3d51489e9d94de5f96188dc6,清远市清城区洲心社区卫生服务中心,01-000437,清远市清城区洲心社区卫生服务中心::01-000437,混合性通气功能障碍,4,train,221,170,1.3
row_000023__4898212f66524ef8af476acb10277be8,23,4898212f66524ef8af476acb10277be8,清远市清城区洲心社区卫生服务中心,01-000437,清远市清城区洲心社区卫生服务中心::01-000437,混合性通气功能障碍,4,train,229,213,1.0751173708920188
row_000026__0e4db29c9519476c96c8cb6a894061f4,26,0e4db29c9519476c96c8cb6a894061f4,沙头社区健康服务中心,01-000538,沙头社区健康服务中心::01-000538,肺通气功能正常,2,test,197,219,1.1116751269035532
row_000027__cf99332e6bc442f8a76525a6f72ab18c,27,cf99332e6bc442f8a76525a6f72ab18c,沙头社区健康服务中心,01-000538,沙头社区健康服务中心::01-000538,肺通气功能正常,2,test,192,217,1.1302083333333333
row_000028__674b159c8a8c471588bdfb6f5a8df1de,28,674b159c8a8c471588bdfb6f5a8df1de,东莞市长安镇社区卫生服务中心,01-000849,东莞市长安镇社区卫生服务中心::01-000849,肺通气功能正常,2,train,379,389,1.0263852242744063
row_000029__9535195bc69d4aceb814f1babeb24df4,29,9535195bc69d4aceb814f1babeb24df4,东莞市长安镇社区卫生服务中心,01-000849,东莞市长安镇社区卫生服务中心::01-000849,肺通气功能正常,2,train,375,388,1.0346666666666666
row_000030__01433be121a1436ba3dce67c2db486e2,30,01433be121a1436ba3dce67c2db486e2,东莞市长安镇社区卫生服务中心,01-000849,东莞市长安镇社区卫生服务中心::01-000849,肺通气功能正常,2,train,372,377,1.0134408602150538
row_000031__a6c06be60bbc4f2f91dd7bab4ff6304a,31,a6c06be60bbc4f2f91dd7bab4ff6304a,深圳市南山区松坪山社区健康服务中心,01-000244,深圳市南山区松坪山社区健康服务中心::01-000244,肺通气功能正常,2,test,272,300,1.1029411764705883
row_000032__e453fdbe6dbb40d6bda693219939baee,32,e453fdbe6dbb40d6bda693219939baee,深圳市南山区松坪山社区健康服务中心,01-000244,深圳市南山区松坪山社区健康服务中心::01-000244,肺通气功能正常,2,test,296,300,1.0135135135135136
row_000033__7da640aaf1ec4b488563f5e07cd786c9,33,7da640aaf1ec4b488563f5e07cd786c9,深圳市南山区松坪山社区健康服务中心,01-000244,深圳市南山区松坪山社区健康服务中心::01-000244,肺通气功能正常,2,test,296,300,1.0135135135135136
row_000035__1cc1f0d8e5e44c3cbaf33e2210cd7422,35,1cc1f0d8e5e44c3cbaf33e2210cd7422,广州市荔湾区逢源街社区卫生服务中心,01-000404,广州市荔湾区逢源街社区卫生服务中心::01-000404,混合性通气功能障碍,4,train,250,186,1.3440860215053763
row_000036__2b3fbab2f5f349c09b4fa59560ecfbae,36,2b3fbab2f5f349c09b4fa59560ecfbae,广州市荔湾区逢源街社区卫生服务中心,01-000404,广州市荔湾区逢源街社区卫生服务中心::01-000404,混合性通气功能障碍,4,train,252,220,1.1454545454545455
row_000037__882799fe2e2845efb789ca2e68fc3eb1,37,882799fe2e2845efb789ca2e68fc3eb1,深圳市南山区南光社区健康服务中心,01-000233,深圳市南山区南光社区健康服务中心::01-000233,肺通气功能正常,2,train,252,256,1.0158730158730158
row_000038__9a9de51e9cad41c48ac349c78de1ae34,38,9a9de51e9cad41c48ac349c78de1ae34,深圳市南山区南光社区健康服务中心,01-000233,深圳市南山区南光社区健康服务中心::01-000233,肺通气功能正常,2,train,244,248,1.0163934426229508
row_000039__255016e534fb4b03b7ed04206bc86a34,39,255016e534fb4b03b7ed04206bc86a34,深圳市南山区南光社区健康服务中心,01-000233,深圳市南山区南光社区健康服务中心::01-000233,肺通气功能正常,2,train,244,240,1.0166666666666666
row_000040__43e908980adf468584938b290d5809a4,40,43e908980adf468584938b290d5809a4,佛山市南海区盐步医院,01-000939,佛山市南海区盐步医院::01-000939,肺通气功能正常,2,train,413,435,1.0532687651331718
row_000041__e154789ab2d84326a1113b49251395b0,41,e154789ab2d84326a1113b49251395b0,佛山市南海区盐步医院,01-000939,佛山市南海区盐步医院::01-000939,肺通气功能正常,2,train,421,440,1.0451306413301662
row_000042__85661b07512b4f8bb58657dfa4f6e346,42,85661b07512b4f8bb58657dfa4f6e346,佛山市南海区盐步医院,01-000939,佛山市南海区盐步医院::01-000939,肺通气功能正常,2,train,413,433,1.0484261501210654
row_000043__a4161ed325164b9abbf7a87ef5df66a8,43,a4161ed325164b9abbf7a87ef5df66a8,深圳市南山区高新社区健康服务中心,01-000236,深圳市南山区高新社区健康服务中心::01-000236,限制性通气功能障碍,1,val,320,316,1.0126582278481013
row_000044__2d7baa8f149849c981a72b58d3db9fb3,44,2d7baa8f149849c981a72b58d3db9fb3,深圳市南山区高新社区健康服务中心,01-000236,深圳市南山区高新社区健康服务中心::01-000236,限制性通气功能障碍,1,val,336,332,1.0120481927710843
row_000045__0382d292bb5345888b8754e158692f1f,45,0382d292bb5345888b8754e158692f1f,深圳市南山区高新社区健康服务中心,01-000236,深圳市南山区高新社区健康服务中心::01-000236,限制性通气功能障碍,1,val,328,328,1.0
row_000046__acf6c3dbd23b4164af868aa9ff32c008,46,acf6c3dbd23b4164af868aa9ff32c008,深圳市南山区龙海家园社区健康服务中心,01-000224,深圳市南山区龙海家园社区健康服务中心::01-000224,肺通气功能正常,2,train,440,332,1.3253012048192772
row_000051__2ca719b1184a43058973c899ea7f0cec,51,2ca719b1184a43058973c899ea7f0cec,深圳市南山区南光社区健康服务中心,01-000311,深圳市南山区南光社区健康服务中心::01-000311,肺通气功能正常,2,train,308,320,1.0389610389610389
row_000052__41b5e19335c448ffb9a3282fc7fbf97e,52,41b5e19335c448ffb9a3282fc7fbf97e,深圳市南山区南光社区健康服务中心,01-000311,深圳市南山区南光社区健康服务中心::01-000311,肺通气功能正常,2,train,320,320,1.0
row_000053__1c229f9a8cda449b87f553c34cbd2d38,53,1c229f9a8cda449b87f553c34cbd2d38,深圳市南山区南光社区健康服务中心,01-000311,深圳市南山区南光社区健康服务中心::01-000311,肺通气功能正常,2,train,316,324,1.0253164556962024
row_000056__521c7b53aa3e4c3186171bf995dde802,56,521c7b53aa3e4c3186171bf995dde802,深圳市南山区荔湾社区健康服务中心,01-000203,深圳市南山区荔湾社区健康服务中心::01-000203,阻塞性通气功能障碍,3,train,383,348,1.1005747126436782
row_000057__deb995e7a1c943a9ae27e9d98b1c5031,57,deb995e7a1c943a9ae27e9d98b1c5031,汕头潮阳区和平镇卫生院,01-000486,汕头潮阳区和平镇卫生院::01-000486,肺通气功能正常,2,train,371,362,1.0248618784530388
row_000058__75487a43e68c4f55bf010813b35188a5,58,75487a43e68c4f55bf010813b35188a5,汕头潮阳区和平镇卫生院,01-000486,汕头潮阳区和平镇卫生院::01-000486,肺通气功能正常,2,train,396,377,1.0503978779840848
row_000059__47a1836b1f7242948567546cacc619bd,59,47a1836b1f7242948567546cacc619bd,汕头潮阳区和平镇卫生院,01-000486,汕头潮阳区和平镇卫生院::01-000486,肺通气功能正常,2,train,409,358,1.1424581005586592
row_000063__eafaf5ed28bd431a9c845d3f37b4af80,63,eafaf5ed28bd431a9c845d3f37b4af80,深圳市南山区东角头社区健康服务中心,01-000310,深圳市南山区东角头社区健康服务中心::01-000310,肺通气功能正常,2,train,175,132,1.3257575757575757
row_000064__59b1ad0b3ed641ff9e515aee81229d23,64,59b1ad0b3ed641ff9e515aee81229d23,深圳市南山区东角头社区健康服务中心,01-000310,深圳市南山区东角头社区健康服务中心::01-000310,肺通气功能正常,2,train,208,220,1.0576923076923077
row_000065__df4d069dcd544b9b9954b9bffc023902,65,df4d069dcd544b9b9954b9bffc023902,深圳市南山区东角头社区健康服务中心,01-000310,深圳市南山区东角头社区健康服务中心::01-000310,肺通气功能正常,2,train,208,224,1.0769230769230769
row_000067__ea09d0e4b4a34c6490596be5344b459c,67,ea09d0e4b4a34c6490596be5344b459c,善心体检,01-011846,善心体检::01-011846,非特异性通气功能障碍,5,val,368,353,1.0424929178470255
row_000069__d8661732dcbd43e6945ab7b9fa585d6c,69,d8661732dcbd43e6945ab7b9fa585d6c,善心体检,01-010192,善心体检::01-010192,肺通气功能正常,2,train,423,350,1.2085714285714286
row_000070__abd35d6d4f884cb2a97e139dce62cdca,70,abd35d6d4f884cb2a97e139dce62cdca,善心体检,01-010192,善心体检::01-010192,肺通气功能正常,2,train,423,315,1.3428571428571427
row_000071__7d63702c710d4c2286009c9504eac618,71,7d63702c710d4c2286009c9504eac618,善心体检,01-010192,善心体检::01-010192,肺通气功能正常,2,train,428,350,1.2228571428571429
row_000072__53fe0daf3eab4aaeacfd6cd78aa6a582,72,53fe0daf3eab4aaeacfd6cd78aa6a582,深圳市南山区高新南社区健康服务中心,01-000268,深圳市南山区高新南社区健康服务中心::01-000268,肺通气功能正常,2,train,244,240,1.0166666666666666
row_000073__3d7bdef531d441129b24aa97e323b454,73,3d7bdef531d441129b24aa97e323b454,深圳市南山区高新南社区健康服务中心,01-000268,深圳市南山区高新南社区健康服务中心::01-000268,肺通气功能正常,2,train,236,232,1.0172413793103448
row_000074__5218c77f5c044136afefecb30371f322,74,5218c77f5c044136afefecb30371f322,深圳市南山区高新南社区健康服务中心,01-000268,深圳市南山区高新南社区健康服务中心::01-000268,肺通气功能正常,2,train,240,236,1.0169491525423728
row_000075__0dbd6f2e0ecf426f9ee9c8d4765bfbf6,75,0dbd6f2e0ecf426f9ee9c8d4765bfbf6,佛山市南海区第七人民医院,01-000208,佛山市南海区第七人民医院::01-000208,肺通气功能正常,2,train,468,425,1.1011764705882352
row_000076__c9c4941e7ae44763b162f9e4c26d8483,76,c9c4941e7ae44763b162f9e4c26d8483,佛山市南海区第七人民医院,01-000208,佛山市南海区第七人民医院::01-000208,肺通气功能正常,2,train,452,415,1.0891566265060242
row_000077__b936eae451164563b5bdb98d4f366f69,77,b936eae451164563b5bdb98d4f366f69,佛山市南海区第七人民医院,01-000208,佛山市南海区第七人民医院::01-000208,肺通气功能正常,2,train,463,455,1.0175824175824175
row_000078__72a48701b9e14aa881cedfed3a180d78,78,72a48701b9e14aa881cedfed3a180d78,深圳市南山区东角头社区健康服务中心,01-000340,深圳市南山区东角头社区健康服务中心::01-000340,肺通气功能正常,2,test,200,212,1.06
row_000079__8fb2b4dde4184bf49aed1c88f9bd383c,79,8fb2b4dde4184bf49aed1c88f9bd383c,深圳市南山区东角头社区健康服务中心,01-000340,深圳市南山区东角头社区健康服务中心::01-000340,肺通气功能正常,2,test,211,188,1.122340425531915
row_000080__68b5150b7fb745488633c22c0ffa49c3,80,68b5150b7fb745488633c22c0ffa49c3,深圳市南山区东角头社区健康服务中心,01-000340,深圳市南山区东角头社区健康服务中心::01-000340,肺通气功能正常,2,test,204,204,1.0
row_000081__1c9ac73f94a74ccab73aa309929e1c72,81,1c9ac73f94a74ccab73aa309929e1c72,深圳市南山区阳光社区健康服务中心,01-000265,深圳市南山区阳光社区健康服务中心::01-000265,不可用/不明确,0,train,323,248,1.3024193548387097
row_000082__262db602b0e942d3a78f75a1da9a79d5,82,262db602b0e942d3a78f75a1da9a79d5,深圳市南山区阳光社区健康服务中心,01-000265,深圳市南山区阳光社区健康服务中心::01-000265,不可用/不明确,0,train,288,260,1.1076923076923078
row_000083__68b0407749e14b6aae7fea6e206264fa,83,68b0407749e14b6aae7fea6e206264fa,深圳市南山区阳光社区健康服务中心,01-000265,深圳市南山区阳光社区健康服务中心::01-000265,不可用/不明确,0,train,311,292,1.0650684931506849
row_000084__344827b33bab41869b56b06ed3f7939d,84,344827b33bab41869b56b06ed3f7939d,深圳市南山区蔚蓝海岸社区健康服务中心,01-000180,深圳市南山区蔚蓝海岸社区健康服务中心::01-000180,阻塞性通气功能障碍,3,val,252,256,1.0158730158730158
row_000085__6921e2b2a5d24a00b85518de6636c2c3,85,6921e2b2a5d24a00b85518de6636c2c3,善心体检,01-007354,善心体检::01-007354,肺通气功能正常,2,train,381,327,1.165137614678899
row_000086__ffe0dac1b8d34fb481be9cb93dec3c67,86,ffe0dac1b8d34fb481be9cb93dec3c67,善心体检,01-007354,善心体检::01-007354,肺通气功能正常,2,train,368,362,1.0165745856353592
row_000087__1dbf0d8d3834495a9ac0734f7e508663,87,1dbf0d8d3834495a9ac0734f7e508663,善心体检,01-007354,善心体检::01-007354,肺通气功能正常,2,train,364,358,1.0167597765363128
row_000088__32b3444850b24ce5a3d98fa7eac7599e,88,32b3444850b24ce5a3d98fa7eac7599e,开平市长沙街道办事处社区卫生服务中心,01-000586,开平市长沙街道办事处社区卫生服务中心::01-000586,肺通气功能正常,2,train,400,413,1.0325
row_000089__cf09479330e648e68792e47b14e4437d,89,cf09479330e648e68792e47b14e4437d,开平市长沙街道办事处社区卫生服务中心,01-000586,开平市长沙街道办事处社区卫生服务中心::01-000586,肺通气功能正常,2,train,413,423,1.0242130750605327
row_000090__def97269f259480ebdaf12ca7c28b4f9,90,def97269f259480ebdaf12ca7c28b4f9,开平市长沙街道办事处社区卫生服务中心,01-000586,开平市长沙街道办事处社区卫生服务中心::01-000586,肺通气功能正常,2,train,414,419,1.0120772946859904
row_000094__1956703a9e8943cf87c3ba25c91785ea,94,1956703a9e8943cf87c3ba25c91785ea,开平市长沙街道办事处社区卫生服务中心,01-000464,开平市长沙街道办事处社区卫生服务中心::01-000464,肺通气功能正常,2,val,410,396,1.0353535353535352
row_000095__9e9fd3e620fb401b933aebc174d914ca,95,9e9fd3e620fb401b933aebc174d914ca,开平市长沙街道办事处社区卫生服务中心,01-000464,开平市长沙街道办事处社区卫生服务中心::01-000464,肺通气功能正常,2,val,402,375,1.072
row_000096__d5b7cd5c24ca4ee4b1834be1affa1ac0,96,d5b7cd5c24ca4ee4b1834be1affa1ac0,开平市长沙街道办事处社区卫生服务中心,01-000464,开平市长沙街道办事处社区卫生服务中心::01-000464,肺通气功能正常,2,val,412,405,1.017283950617284
row_000098__891e42eb233948c4bd545462d73befc1,98,891e42eb233948c4bd545462d73befc1,深圳市南山区峰景社区健康服务中心,01-000197,深圳市南山区峰景社区健康服务中心::01-000197,肺通气功能正常,2,train,347,332,1.0451807228915662
row_000099__2bd5a782c443449f94e6091002342421,99,2bd5a782c443449f94e6091002342421,深圳市南山区峰景社区健康服务中心,01-000197,深圳市南山区峰景社区健康服务中心::01-000197,肺通气功能正常,2,train,331,316,1.0474683544303798
row_000103__6cbfda67e86a44e48ac84796d4c4b22a,103,6cbfda67e86a44e48ac84796d4c4b22a,深圳市南山区大汪社区健康服务中心,01-000178,深圳市南山区大汪社区健康服务中心::01-000178,肺通气功能正常,2,train,271,248,1.092741935483871
row_000104__27b1e0267c46416b98fa519fc1f43be5,104,27b1e0267c46416b98fa519fc1f43be5,深圳市南山区大汪社区健康服务中心,01-000178,深圳市南山区大汪社区健康服务中心::01-000178,肺通气功能正常,2,train,271,252,1.0753968253968254
row_000105__55e3bbdd1c2b4d8eb63289b2e66a819e,105,55e3bbdd1c2b4d8eb63289b2e66a819e,深圳市坪山区人民医院万科金域缇香社区健康服务中心,01-000131,深圳市坪山区人民医院万科金域缇香社区健康服务中心::01-000131,肺通气功能正常,2,train,277,289,1.0433212996389891
row_000106__88d85e2e18ed40c98620deeb39e1cf6a,106,88d85e2e18ed40c98620deeb39e1cf6a,深圳市坪山区人民医院万科金域缇香社区健康服务中心,01-000131,深圳市坪山区人民医院万科金域缇香社区健康服务中心::01-000131,肺通气功能正常,2,train,270,261,1.0344827586206897
row_000108__4ce0fcab61d94b968df62e026456aa1a,108,4ce0fcab61d94b968df62e026456aa1a,深圳市南山区东角头社区健康服务中心,01-000325,深圳市南山区东角头社区健康服务中心::01-000325,肺通气功能正常,2,val,283,264,1.071969696969697
row_000109__4067bf1dc563474fb13cbcf1362583ac,109,4067bf1dc563474fb13cbcf1362583ac,深圳市南山区东角头社区健康服务中心,01-000325,深圳市南山区东角头社区健康服务中心::01-000325,肺通气功能正常,2,val,272,268,1.0149253731343284
row_000110__2a0aec90a38147438a088833b7d516b1,110,2a0aec90a38147438a088833b7d516b1,深圳市南山区东角头社区健康服务中心,01-000325,深圳市南山区东角头社区健康服务中心::01-000325,肺通气功能正常,2,val,283,268,1.0559701492537314
row_000111__655a4d6ee2ad4974b15d6482500ebd60,111,655a4d6ee2ad4974b15d6482500ebd60,深圳市南山区荔湾社区健康服务中心,01-000159,深圳市南山区荔湾社区健康服务中心::01-000159,肺通气功能正常,2,test,219,204,1.0735294117647058
row_000112__a42b93af853d430d817d4b138025b466,112,a42b93af853d430d817d4b138025b466,深圳市南山区荔湾社区健康服务中心,01-000159,深圳市南山区荔湾社区健康服务中心::01-000159,肺通气功能正常,2,test,195,180,1.0833333333333333
row_000115__5a15aa115b9d47c39a9abe7cd903ec80,115,5a15aa115b9d47c39a9abe7cd903ec80,广州新市医院,01-000013,广州新市医院::01-000013,限制性通气功能障碍,1,train,101,95,1.063157894736842
row_000116__4ee3acc2c0374980bf3f960e008988cd,116,4ee3acc2c0374980bf3f960e008988cd,广州新市医院,01-000013,广州新市医院::01-000013,限制性通气功能障碍,1,train,102,94,1.0851063829787233
row_000117__bd02031c75f040ed987dcc5cb54ca389,117,bd02031c75f040ed987dcc5cb54ca389,深圳市南山区赤湾社区健康服务中心,01-000216,深圳市南山区赤湾社区健康服务中心::01-000216,混合性通气功能障碍,4,val,224,280,1.25
row_000118__a9d159786d94406cb9e6bbf8be9de5cc,118,a9d159786d94406cb9e6bbf8be9de5cc,深圳市南山区赤湾社区健康服务中心,01-000216,深圳市南山区赤湾社区健康服务中心::01-000216,混合性通气功能障碍,4,val,224,300,1.3392857142857142
row_000120__40285ffcdcc34a9f9654702c0fb7290d,120,40285ffcdcc34a9f9654702c0fb7290d,深圳市南山区花果山东社区健康服务中心,01-000290,深圳市南山区花果山东社区健康服务中心::01-000290,肺通气功能正常,2,train,407,368,1.1059782608695652
row_000121__3917a06a8c04406a9047e3dc8bd699f1,121,3917a06a8c04406a9047e3dc8bd699f1,深圳市南山区花果山东社区健康服务中心,01-000290,深圳市南山区花果山东社区健康服务中心::01-000290,肺通气功能正常,2,train,395,384,1.0286458333333333
row_000122__804892ac4d344430b5e6ad5be80ba6ec,122,804892ac4d344430b5e6ad5be80ba6ec,深圳市南山区花果山东社区健康服务中心,01-000290,深圳市南山区花果山东社区健康服务中心::01-000290,肺通气功能正常,2,train,407,352,1.15625
row_000123__3dd04aaa426b47b3842dccf89de0a87f,123,3dd04aaa426b47b3842dccf89de0a87f,深圳市南山区南光社区健康服务中心,01-000238,深圳市南山区南光社区健康服务中心::01-000238,肺通气功能正常,2,train,292,296,1.0136986301369864
row_000124__ffeec90d42b24f71980564e4f5407cb9,124,ffeec90d42b24f71980564e4f5407cb9,深圳市南山区南光社区健康服务中心,01-000238,深圳市南山区南光社区健康服务中心::01-000238,肺通气功能正常,2,train,303,276,1.0978260869565217
row_000125__e2d28d5b6b654d9ea6323666f578333c,125,e2d28d5b6b654d9ea6323666f578333c,深圳市南山区南光社区健康服务中心,01-000238,深圳市南山区南光社区健康服务中心::01-000238,肺通气功能正常,2,train,288,284,1.0140845070422535
row_000126__30e6cc79f66a4a6486109ec91756456c,126,30e6cc79f66a4a6486109ec91756456c,善心体检,01-010104,善心体检::01-010104,限制性通气功能障碍,1,train,283,218,1.298165137614679
row_000127__66fc6f1f379843759bcefebdb68a3324,127,66fc6f1f379843759bcefebdb68a3324,善心体检,01-010104,善心体检::01-010104,限制性通气功能障碍,1,train,304,252,1.2063492063492063
row_000128__813ff8e5ba864ccab022e5243af6e9d2,128,813ff8e5ba864ccab022e5243af6e9d2,善心体检,01-010104,善心体检::01-010104,限制性通气功能障碍,1,train,305,245,1.2448979591836735
row_000129__f1d79856dd384d4e8368758f7b90dc0a,129,f1d79856dd384d4e8368758f7b90dc0a,广州市从化区鳌头镇中心卫生院,01-000032,广州市从化区鳌头镇中心卫生院::01-000032,混合性通气功能障碍,4,train,193,193,1.0
row_000131__f8577e1447ab44a8bee7b09a71eeb01a,131,f8577e1447ab44a8bee7b09a71eeb01a,广州市从化区鳌头镇中心卫生院,01-000032,广州市从化区鳌头镇中心卫生院::01-000032,混合性通气功能障碍,4,train,210,193,1.0880829015544042
row_000132__2dd12fd3907a46edad55ff00d97e22bf,132,2dd12fd3907a46edad55ff00d97e22bf,广州市越秀区珠光街社区卫生服务中心,01-000373,广州市越秀区珠光街社区卫生服务中心::01-000373,阻塞性通气功能障碍,3,test,268,303,1.1305970149253732
row_000133__703288dc11ea4908bdabba739c503872,133,703288dc11ea4908bdabba739c503872,广州市越秀区珠光街社区卫生服务中心,01-000373,广州市越秀区珠光街社区卫生服务中心::01-000373,阻塞性通气功能障碍,3,test,254,274,1.078740157480315
row_000134__207c7110c67148d09741ba7380789c2f,134,207c7110c67148d09741ba7380789c2f,广州市越秀区珠光街社区卫生服务中心,01-000373,广州市越秀区珠光街社区卫生服务中心::01-000373,阻塞性通气功能障碍,3,test,274,258,1.062015503875969
row_000135__f1eb790239a54a4d97ffb1b44e04de73,135,f1eb790239a54a4d97ffb1b44e04de73,深圳市坪山区人民医院竹坑老围社区健康服务中心,01-000269,深圳市坪山区人民医院竹坑老围社区健康服务中心::01-000269,肺通气功能正常,2,train,362,310,1.167741935483871
row_000136__e75d599985574ad4a60316668a335b3d,136,e75d599985574ad4a60316668a335b3d,深圳市坪山区人民医院竹坑老围社区健康服务中心,01-000269,深圳市坪山区人民医院竹坑老围社区健康服务中心::01-000269,肺通气功能正常,2,train,368,293,1.2559726962457338
row_000137__ea8701bc5b294b6a97a3f4a77f3f132d,137,ea8701bc5b294b6a97a3f4a77f3f132d,深圳市坪山区人民医院竹坑老围社区健康服务中心,01-000269,深圳市坪山区人民医院竹坑老围社区健康服务中心::01-000269,肺通气功能正常,2,train,342,317,1.0788643533123028
row_000138__091c9d1f25dd4f2db80ad36265e48f65,138,091c9d1f25dd4f2db80ad36265e48f65,佛山市南海区盐步医院,01-000667,佛山市南海区盐步医院::01-000667,肺通气功能正常,2,train,482,475,1.0147368421052632
row_000139__d4c6b2ec1fd543648c3267827c5cdf3e,139,d4c6b2ec1fd543648c3267827c5cdf3e,佛山市南海区盐步医院,01-000667,佛山市南海区盐步医院::01-000667,肺通气功能正常,2,train,484,473,1.0232558139534884
row_000140__3534a3e4301f4d05a5ce6bf03cb7e7fc,140,3534a3e4301f4d05a5ce6bf03cb7e7fc,佛山市南海区盐步医院,01-000667,佛山市南海区盐步医院::01-000667,肺通气功能正常,2,train,483,468,1.0320512820512822
row_000141__536d88950cea4a17b841749b4acdcdfe,141,536d88950cea4a17b841749b4acdcdfe,东莞市南城社区卫生服务中心,01-000796,东莞市南城社区卫生服务中心::01-000796,阻塞性通气功能障碍,3,train,375,306,1.2254901960784315
row_000142__2df5441c188d463db61c197eae708ae9,142,2df5441c188d463db61c197eae708ae9,东莞市南城社区卫生服务中心,01-000796,东莞市南城社区卫生服务中心::01-000796,阻塞性通气功能障碍,3,train,363,375,1.0330578512396693
row_000143__afd06a86d825410496fe23a9624b5db6,143,afd06a86d825410496fe23a9624b5db6,东莞市南城社区卫生服务中心,01-000796,东莞市南城社区卫生服务中心::01-000796,阻塞性通气功能障碍,3,train,378,375,1.008
row_000144__9122518caf854ae5a0435ecfbdc26c64,144,9122518caf854ae5a0435ecfbdc26c64,英德市东华镇中心卫生院,01-000631,英德市东华镇中心卫生院::01-000631,限制性通气功能障碍,1,train,200,163,1.2269938650306749
row_000145__b0532668a7b14c4ab5eef3e17799d157,145,b0532668a7b14c4ab5eef3e17799d157,英德市东华镇中心卫生院,01-000631,英德市东华镇中心卫生院::01-000631,限制性通气功能障碍,1,train,218,168,1.2976190476190477
row_000146__26bd81eb7d8d4432b5306d4eb68db2f5,146,26bd81eb7d8d4432b5306d4eb68db2f5,英德市东华镇中心卫生院,01-000631,英德市东华镇中心卫生院::01-000631,限制性通气功能障碍,1,train,204,187,1.0909090909090908
row_000147__354d4e9a48d64067ac342750820cb048,147,354d4e9a48d64067ac342750820cb048,深圳市南山区龙坤社区健康服务中心,01-000203,深圳市南山区龙坤社区健康服务中心::01-000203,肺通气功能正常,2,train,395,364,1.085164835164835
row_000148__d4c5e872d75c4576bd49c6b83e8f98cd,148,d4c5e872d75c4576bd49c6b83e8f98cd,深圳市南山区龙坤社区健康服务中心,01-000203,深圳市南山区龙坤社区健康服务中心::01-000203,肺通气功能正常,2,train,399,316,1.2626582278481013
row_000149__66303958c56f40c8b60e715eac33cd24,149,66303958c56f40c8b60e715eac33cd24,深圳市南山区龙坤社区健康服务中心,01-000203,深圳市南山区龙坤社区健康服务中心::01-000203,肺通气功能正常,2,train,412,408,1.0098039215686274
row_000150__6f1fb724ad444cc19781a33e509524df,150,6f1fb724ad444cc19781a33e509524df,水田社康中心,01-000735,水田社康中心::01-000735,限制性通气功能障碍,1,train,310,318,1.0258064516129033
row_000151__e8bbc00e5e0d486ba018ecf0a1f23058,151,e8bbc00e5e0d486ba018ecf0a1f23058,水田社康中心,01-000735,水田社康中心::01-000735,限制性通气功能障碍,1,train,331,330,1.003030303030303
row_000152__f5b60c7de4084b2d8107df82c5680e42,152,f5b60c7de4084b2d8107df82c5680e42,水田社康中心,01-000735,水田社康中心::01-000735,限制性通气功能障碍,1,train,320,291,1.0996563573883162
row_000153__6d9cc09a0f9c4479bd4e7b9bc5470b80,153,6d9cc09a0f9c4479bd4e7b9bc5470b80,东莞市厚街镇社区卫生服务中心,01-000966,东莞市厚街镇社区卫生服务中心::01-000966,不可用/不明确,0,val,214,178,1.202247191011236
row_000154__01111e8beade4e47bfcd618f33e30573,154,01111e8beade4e47bfcd618f33e30573,东莞市厚街镇社区卫生服务中心,01-000966,东莞市厚街镇社区卫生服务中心::01-000966,不可用/不明确,0,val,198,178,1.1123595505617978
row_000155__efa7d48fc09749b5b6c18e267c1492c5,155,efa7d48fc09749b5b6c18e267c1492c5,东莞市厚街镇社区卫生服务中心,01-000966,东莞市厚街镇社区卫生服务中心::01-000966,不可用/不明确,0,val,192,170,1.1294117647058823
row_000156__b3bd698b23f2478dbcb3a4729d042ef1,156,b3bd698b23f2478dbcb3a4729d042ef1,善心体检,01-010865,善心体检::01-010865,肺通气功能正常,2,test,359,322,1.1149068322981366
row_000157__74c342ba8c8c4abc9dceeb74cdd1dbb3,157,74c342ba8c8c4abc9dceeb74cdd1dbb3,善心体检,01-010865,善心体检::01-010865,肺通气功能正常,2,test,372,335,1.1104477611940298
row_000158__02a192f3ed5c493e8243140896ab3af7,158,02a192f3ed5c493e8243140896ab3af7,善心体检,01-010865,善心体检::01-010865,肺通气功能正常,2,test,371,342,1.0847953216374269
row_000159__06af551eef3e4481a998c18a0dcea5ec,159,06af551eef3e4481a998c18a0dcea5ec,广州市越秀区人民街社区卫生服务中心,01-000190,广州市越秀区人民街社区卫生服务中心::01-000190,肺通气功能正常,2,val,258,230,1.1217391304347826
row_000160__70347a2325744be6afc6926313518572,160,70347a2325744be6afc6926313518572,广州市越秀区人民街社区卫生服务中心,01-000190,广州市越秀区人民街社区卫生服务中心::01-000190,肺通气功能正常,2,val,285,292,1.024561403508772
row_000161__3d8da058230e446b886781ead625c5a4,161,3d8da058230e446b886781ead625c5a4,广州市越秀区人民街社区卫生服务中心,01-000190,广州市越秀区人民街社区卫生服务中心::01-000190,肺通气功能正常,2,val,281,277,1.0144404332129964
row_000162__2c0e391c1460427ebfbcdbef0ed047a9,162,2c0e391c1460427ebfbcdbef0ed047a9,广州市从化区鳌头镇中心卫生院,01-000030,广州市从化区鳌头镇中心卫生院::01-000030,肺通气功能正常,2,train,296,305,1.0304054054054055
row_000163__112e04409aff43b595baa67ec6a57518,163,112e04409aff43b595baa67ec6a57518,广州市从化区鳌头镇中心卫生院,01-000030,广州市从化区鳌头镇中心卫生院::01-000030,肺通气功能正常,2,train,288,295,1.0243055555555556
row_000164__6b7b357ae36f4d57901ef5d9e71e8db8,164,6b7b357ae36f4d57901ef5d9e71e8db8,广州市从化区鳌头镇中心卫生院,01-000030,广州市从化区鳌头镇中心卫生院::01-000030,肺通气功能正常,2,train,288,293,1.0173611111111112
row_000165__44ae142ed9c845e28e24b9b2b8c802f4,165,44ae142ed9c845e28e24b9b2b8c802f4,深圳市南山区阳光社区健康服务中心,01-000290,深圳市南山区阳光社区健康服务中心::01-000290,肺通气功能正常,2,train,275,252,1.0912698412698412
row_000166__2f803ea2d160481392c036f809613341,166,2f803ea2d160481392c036f809613341,深圳市南山区阳光社区健康服务中心,01-000290,深圳市南山区阳光社区健康服务中心::01-000290,肺通气功能正常,2,train,267,236,1.13135593220339
row_000167__705b5c40f8fc4e9d89044c3511583b6d,167,705b5c40f8fc4e9d89044c3511583b6d,深圳市南山区阳光社区健康服务中心,01-000290,深圳市南山区阳光社区健康服务中心::01-000290,肺通气功能正常,2,train,260,264,1.0153846153846153
row_000168__e4f136d358fc4b0e9b1907d514b5d727,168,e4f136d358fc4b0e9b1907d514b5d727,深圳市坪山区人民医院竹坑老围社区健康服务中心,01-000301,深圳市坪山区人民医院竹坑老围社区健康服务中心::01-000301,肺通气功能正常,2,train,210,203,1.0344827586206897
row_000169__ef59e79de7974451bcb50e38a26d9f1f,169,ef59e79de7974451bcb50e38a26d9f1f,深圳市坪山区人民医院竹坑老围社区健康服务中心,01-000301,深圳市坪山区人民医院竹坑老围社区健康服务中心::01-000301,肺通气功能正常,2,train,185,207,1.1189189189189188
row_000170__5def840892894f3ba981a72d4f827bc1,170,5def840892894f3ba981a72d4f827bc1,深圳市坪山区人民医院竹坑老围社区健康服务中心,01-000301,深圳市坪山区人民医院竹坑老围社区健康服务中心::01-000301,肺通气功能正常,2,train,213,200,1.065
row_000171__f5e0e9db6a1345fcae03286c4cd691f8,171,f5e0e9db6a1345fcae03286c4cd691f8,深圳市坪山区人民医院竹坑老围社区健康服务中心,01-000303,深圳市坪山区人民医院竹坑老围社区健康服务中心::01-000303,肺通气功能正常,2,train,198,193,1.0259067357512954
row_000172__37e24d964e9141d6b8ca7f5bf9137607,172,37e24d964e9141d6b8ca7f5bf9137607,深圳市坪山区人民医院竹坑老围社区健康服务中心,01-000303,深圳市坪山区人民医院竹坑老围社区健康服务中心::01-000303,肺通气功能正常,2,train,193,185,1.0432432432432432
row_000173__e19dce51cc344de98e782c70be1eb609,173,e19dce51cc344de98e782c70be1eb609,深圳市坪山区人民医院竹坑老围社区健康服务中心,01-000303,深圳市坪山区人民医院竹坑老围社区健康服务中心::01-000303,肺通气功能正常,2,train,213,203,1.0492610837438423
row_000174__76604a3bb3fd459d8e384019d541bab2,174,76604a3bb3fd459d8e384019d541bab2,深圳市南山区高新社区健康服务中心,01-000143,深圳市南山区高新社区健康服务中心::01-000143,肺通气功能正常,2,train,284,280,1.0142857142857142
row_000175__3a4c3b8ac68d45098aa9ff70349541cf,175,3a4c3b8ac68d45098aa9ff70349541cf,深圳市南山区高新社区健康服务中心,01-000143,深圳市南山区高新社区健康服务中心::01-000143,肺通气功能正常,2,train,288,288,1.0
row_000176__80c0b709a8714989aa1d5419d43189d3,176,80c0b709a8714989aa1d5419d43189d3,深圳市南山区高新社区健康服务中心,01-000143,深圳市南山区高新社区健康服务中心::01-000143,肺通气功能正常,2,train,292,288,1.0138888888888888
row_000177__8b21df19953e4268922046534d0c32a6,177,8b21df19953e4268922046534d0c32a6,善心体检,01-008244,善心体检::01-008244,阻塞性通气功能障碍,3,train,302,245,1.2326530612244897
row_000179__7db85ffd9d1b476397b68ad7e7858134,179,7db85ffd9d1b476397b68ad7e7858134,善心体检,01-008244,善心体检::01-008244,阻塞性通气功能障碍,3,train,295,241,1.2240663900414939
row_000180__673e368a4f9d4817b23e2eb1563f6c2e,180,673e368a4f9d4817b23e2eb1563f6c2e,佛山市南海区盐步医院,01-000254,佛山市南海区盐步医院::01-000254,肺通气功能正常,2,train,343,343,1.0
row_000181__106122fb5d0543dd9e69ec401e4fdc90,181,106122fb5d0543dd9e69ec401e4fdc90,佛山市南海区盐步医院,01-000254,佛山市南海区盐步医院::01-000254,肺通气功能正常,2,train,325,351,1.08
row_000182__7fb91e3409334ad4a3cc8383c87475a0,182,7fb91e3409334ad4a3cc8383c87475a0,佛山市南海区盐步医院,01-000254,佛山市南海区盐步医院::01-000254,肺通气功能正常,2,train,338,350,1.0355029585798816
row_000185__450b6f57efaa45f3ad276cf0d36b1c1c,185,450b6f57efaa45f3ad276cf0d36b1c1c,水田社康中心,01-000676,水田社康中心::01-000676,不可用/不明确,0,train,259,212,1.221698113207547
row_000186__769bd5afbd7a4fe59475bdd4e4c98d48,186,769bd5afbd7a4fe59475bdd4e4c98d48,衙边社区健康服务中心,01-000508,衙边社区健康服务中心::01-000508,肺通气功能正常,2,train,266,242,1.0991735537190082
row_000187__34afe36d2f3f49a785b34c032907daff,187,34afe36d2f3f49a785b34c032907daff,衙边社区健康服务中心,01-000508,衙边社区健康服务中心::01-000508,肺通气功能正常,2,train,284,248,1.1451612903225807
row_000188__3c3d5d0f968c476ca2cc3feb0ba11a2b,188,3c3d5d0f968c476ca2cc3feb0ba11a2b,衙边社区健康服务中心,01-000508,衙边社区健康服务中心::01-000508,肺通气功能正常,2,train,268,230,1.1652173913043478
row_000189__1061c0fd78f04f9a9bd775c7a887adfd,189,1061c0fd78f04f9a9bd775c7a887adfd,广州市荔湾区东漖街社区卫生服务中心,01-000192,广州市荔湾区东漖街社区卫生服务中心::01-000192,限制性通气功能障碍,1,val,172,174,1.0116279069767442
row_000190__a2aa0ea3c38d4ebea165b13386f94fea,190,a2aa0ea3c38d4ebea165b13386f94fea,广州市荔湾区东漖街社区卫生服务中心,01-000192,广州市荔湾区东漖街社区卫生服务中心::01-000192,限制性通气功能障碍,1,val,167,179,1.0718562874251496
row_000191__235740c704674ba597b825618776c3b4,191,235740c704674ba597b825618776c3b4,广州市荔湾区东漖街社区卫生服务中心,01-000192,广州市荔湾区东漖街社区卫生服务中心::01-000192,限制性通气功能障碍,1,val,170,172,1.011764705882353
row_000192__1554cccb0c8f4812b4ff2fa4c49ae52c,192,1554cccb0c8f4812b4ff2fa4c49ae52c,深圳市南山区桃源社区健康服务中心,01-000290,深圳市南山区桃源社区健康服务中心::01-000290,肺通气功能正常,2,train,344,344,1.0
row_000193__ebcdee85f255410992db42a03bf91988,193,ebcdee85f255410992db42a03bf91988,深圳市南山区桃源社区健康服务中心,01-000290,深圳市南山区桃源社区健康服务中心::01-000290,肺通气功能正常,2,train,328,336,1.024390243902439
row_000194__d2c493ba585e4cfe8005c95db6747086,194,d2c493ba585e4cfe8005c95db6747086,深圳市南山区桃源社区健康服务中心,01-000290,深圳市南山区桃源社区健康服务中心::01-000290,肺通气功能正常,2,train,336,344,1.0238095238095237
row_000196__401f95a59c624a1a9b57ef7bacdf0d01,196,401f95a59c624a1a9b57ef7bacdf0d01,佛山市南海区盐步医院,01-000991,佛山市南海区盐步医院::01-000991,肺通气功能正常,2,train,424,373,1.1367292225201073
row_000197__ddbb73b13bff4c61b17ebaea5db76f92,197,ddbb73b13bff4c61b17ebaea5db76f92,佛山市南海区盐步医院,01-000991,佛山市南海区盐步医院::01-000991,肺通气功能正常,2,train,420,361,1.1634349030470914
row_000201__5b5d8e0517ea4a789af75d55b5574097,201,5b5d8e0517ea4a789af75d55b5574097,善心体检,01-011160,善心体检::01-011160,肺通气功能正常,2,train,461,460,1.0021739130434784
row_000202__85bc26212d9e470bb8b9cf346c612a16,202,85bc26212d9e470bb8b9cf346c612a16,善心体检,01-011160,善心体检::01-011160,肺通气功能正常,2,train,462,450,1.0266666666666666
row_000203__9d7f01b08d794fcabe140fb9a609f62e,203,9d7f01b08d794fcabe140fb9a609f62e,善心体检,01-011160,善心体检::01-011160,肺通气功能正常,2,train,471,467,1.0085653104925054
row_000204__b99b0a1d7fae4764b4339e6532cb51d4,204,b99b0a1d7fae4764b4339e6532cb51d4,深圳市南山区南山社区健康服务中心,01-000270,深圳市南山区南山社区健康服务中心::01-000270,肺通气功能正常,2,test,372,320,1.1625
row_000207__6a8fa0bde544459d90ac742a300c38e0,207,6a8fa0bde544459d90ac742a300c38e0,东莞市寮步镇社区卫生服务中心,01-001784,东莞市寮步镇社区卫生服务中心::01-001784,肺通气功能正常,2,train,425,420,1.0119047619047619
row_000208__9fd89ad442b4402ba7bc6dc646615520,208,9fd89ad442b4402ba7bc6dc646615520,东莞市寮步镇社区卫生服务中心,01-001784,东莞市寮步镇社区卫生服务中心::01-001784,肺通气功能正常,2,train,420,423,1.0071428571428571
row_000209__5a4f7f9ec1454df185a061744b2d7076,209,5a4f7f9ec1454df185a061744b2d7076,东莞市寮步镇社区卫生服务中心,01-001784,东莞市寮步镇社区卫生服务中心::01-001784,肺通气功能正常,2,train,418,413,1.0121065375302662
row_000210__d3b009a8441a4841a883cc81f96a9b66,210,d3b009a8441a4841a883cc81f96a9b66,深圳市南山区花果山东社区健康服务中心,01-000241,深圳市南山区花果山东社区健康服务中心::01-000241,肺通气功能正常,2,train,447,332,1.3463855421686748
row_000212__73a956c8ee6342439f067ab2b08b7cae,212,73a956c8ee6342439f067ab2b08b7cae,深圳市南山区花果山东社区健康服务中心,01-000241,深圳市南山区花果山东社区健康服务中心::01-000241,肺通气功能正常,2,train,383,372,1.0295698924731183
row_000213__d186436d12b24105941dbb7ee8da0ab3,213,d186436d12b24105941dbb7ee8da0ab3,善心体检,01-011125,善心体检::01-011125,肺通气功能正常,2,val,390,392,1.005128205128205
row_000214__12fb887e4ce044f8852866ccdcbcce92,214,12fb887e4ce044f8852866ccdcbcce92,善心体检,01-011125,善心体检::01-011125,肺通气功能正常,2,val,389,389,1.0
row_000216__5b88d3a6b12c4325b44a1d5e61233b79,216,5b88d3a6b12c4325b44a1d5e61233b79,遂溪县黄略镇卫生院,01-000511,遂溪县黄略镇卫生院::01-000511,限制性通气功能障碍,1,train,189,142,1.3309859154929577
row_000222__b2b2f26bf21d47148e70f26dedf03163,222,b2b2f26bf21d47148e70f26dedf03163,善心体检,01-010470,善心体检::01-010470,肺通气功能正常,2,train,548,484,1.1322314049586777
row_000223__14dc18e6885f41909e7240abbd8f829a,223,14dc18e6885f41909e7240abbd8f829a,善心体检,01-010470,善心体检::01-010470,肺通气功能正常,2,train,547,495,1.105050505050505
row_000224__5035b3cbad4546e1b346150950c54ac4,224,5035b3cbad4546e1b346150950c54ac4,善心体检,01-010470,善心体检::01-010470,肺通气功能正常,2,train,541,492,1.0995934959349594
row_000225__03da5e68533646db976c0b689c854186,225,03da5e68533646db976c0b689c854186,善心体检,01-008689,善心体检::01-008689,肺通气功能正常,2,train,357,362,1.0140056022408963
row_000226__a554caf45b074ab891a41ea02346fa0f,226,a554caf45b074ab891a41ea02346fa0f,善心体检,01-008689,善心体检::01-008689,肺通气功能正常,2,train,353,355,1.0056657223796035
row_000227__e9975b4f19a3441786327e5e9d202de8,227,e9975b4f19a3441786327e5e9d202de8,善心体检,01-008689,善心体检::01-008689,肺通气功能正常,2,train,350,367,1.0485714285714285
row_000228__46325ab8c3f142eda96bb3c5808e774d,228,46325ab8c3f142eda96bb3c5808e774d,深圳市南山区东角头社区健康服务中心,01-000334,深圳市南山区东角头社区健康服务中心::01-000334,限制性通气功能障碍,1,train,248,244,1.0163934426229508
row_000229__981d40e649f04fa48335022fb8ecd81a,229,981d40e649f04fa48335022fb8ecd81a,深圳市南山区东角头社区健康服务中心,01-000334,深圳市南山区东角头社区健康服务中心::01-000334,限制性通气功能障碍,1,train,260,256,1.015625
row_000230__26dfa577ef974419bb400aae0dc203c1,230,26dfa577ef974419bb400aae0dc203c1,深圳市南山区东角头社区健康服务中心,01-000334,深圳市南山区东角头社区健康服务中心::01-000334,限制性通气功能障碍,1,train,268,264,1.0151515151515151
row_000231__cffd8c8108fc401b918df6d7df0d2411,231,cffd8c8108fc401b918df6d7df0d2411,化州市中垌卫生院,02-001430,化州市中垌卫生院::02-001430,混合性通气功能障碍,4,train,78,94,1.205128205128205
row_000232__9c551ad39f4d493eab1c29c44dbd48e2,232,9c551ad39f4d493eab1c29c44dbd48e2,化州市中垌卫生院,02-001430,化州市中垌卫生院::02-001430,混合性通气功能障碍,4,train,220,240,1.0909090909090908
row_000233__66c5dd4108c144aa902cf1f824c811f0,233,66c5dd4108c144aa902cf1f824c811f0,化州市中垌卫生院,02-001430,化州市中垌卫生院::02-001430,混合性通气功能障碍,4,train,221,230,1.0407239819004526
row_000235__acf8ef032e284c058a796a08f023117b,235,acf8ef032e284c058a796a08f023117b,佛山市南海区大沥镇社区卫生服务中心,01-000046,佛山市南海区大沥镇社区卫生服务中心::01-000046,阻塞性通气功能障碍,3,train,320,265,1.2075471698113207
row_000236__acb15d5925e347e09a48d4049f92656b,236,acb15d5925e347e09a48d4049f92656b,佛山市南海区大沥镇社区卫生服务中心,01-000046,佛山市南海区大沥镇社区卫生服务中心::01-000046,阻塞性通气功能障碍,3,train,287,265,1.0830188679245283
row_000239__db5de273ebc64894be5eccc3e1eaaf6c,239,db5de273ebc64894be5eccc3e1eaaf6c,深圳市南山区月亮湾社区健康服务中心,01-000255,深圳市南山区月亮湾社区健康服务中心::01-000255,肺通气功能正常,2,test,268,268,1.0
row_000242__42aedf41c25f46f19ddba43d8528c272,242,42aedf41c25f46f19ddba43d8528c272,佛山市南海区第七人民医院,01-000464,佛山市南海区第七人民医院::01-000464,肺通气功能正常,2,val,603,528,1.1420454545454546
row_000243__7882e3d1413240e0ae5f4e869775a4ce,243,7882e3d1413240e0ae5f4e869775a4ce,佛山市南海区第七人民医院,01-000464,佛山市南海区第七人民医院::01-000464,肺通气功能正常,2,val,585,456,1.2828947368421053
row_000244__e662a969f8e34e50976eb231181daa91,244,e662a969f8e34e50976eb231181daa91,佛山市南海区第七人民医院,01-000464,佛山市南海区第七人民医院::01-000464,肺通气功能正常,2,val,592,569,1.0404217926186292
row_000245__873e6ab899184ec3a66dac2438d61431,245,873e6ab899184ec3a66dac2438d61431,广州市越秀区大东街社区卫生服务中心,01-000052,广州市越秀区大东街社区卫生服务中心::01-000052,限制性通气功能障碍,1,test,211,182,1.1593406593406594
row_000246__f197a064c85f4b10b81b3bebb240e00c,246,f197a064c85f4b10b81b3bebb240e00c,广州市越秀区大东街社区卫生服务中心,01-000052,广州市越秀区大东街社区卫生服务中心::01-000052,限制性通气功能障碍,1,test,216,207,1.0434782608695652
row_000247__3930b198803646398d6185b4c8569346,247,3930b198803646398d6185b4c8569346,广州市越秀区大东街社区卫生服务中心,01-000052,广州市越秀区大东街社区卫生服务中心::01-000052,限制性通气功能障碍,1,test,225,188,1.196808510638298
row_000248__f699c70f85e14b73aa614c5baf55a943,248,f699c70f85e14b73aa614c5baf55a943,广州市荔湾区东漖街社区卫生服务中心,01-000106,广州市荔湾区东漖街社区卫生服务中心::01-000106,肺通气功能正常,2,train,295,248,1.189516129032258
row_000249__a5fdd81318ac42b989dfbcb7a8d6b524,249,a5fdd81318ac42b989dfbcb7a8d6b524,广州市荔湾区东漖街社区卫生服务中心,01-000106,广州市荔湾区东漖街社区卫生服务中心::01-000106,肺通气功能正常,2,train,235,188,1.25
row_000250__e7cca9463a124b98bd188fdcb43bd847,250,e7cca9463a124b98bd188fdcb43bd847,广州市荔湾区东漖街社区卫生服务中心,01-000106,广州市荔湾区东漖街社区卫生服务中心::01-000106,肺通气功能正常,2,train,273,210,1.3
row_000251__34e45f80710a4e33abe5cc22884e1009,251,34e45f80710a4e33abe5cc22884e1009,遂溪县遂城镇卫生院,01-000105,遂溪县遂城镇卫生院::01-000105,肺通气功能正常,2,train,245,258,1.0530612244897959
row_000252__ccbeabb8fb75476780d11d66883a10bf,252,ccbeabb8fb75476780d11d66883a10bf,遂溪县遂城镇卫生院,01-000105,遂溪县遂城镇卫生院::01-000105,肺通气功能正常,2,train,256,260,1.015625
row_000253__a0a9614e20d44e96aed9219ac8cd7b88,253,a0a9614e20d44e96aed9219ac8cd7b88,遂溪县遂城镇卫生院,01-000105,遂溪县遂城镇卫生院::01-000105,肺通气功能正常,2,train,245,258,1.0530612244897959
row_000257__884f76f0cf624ac9a7d342d9da05d86d,257,884f76f0cf624ac9a7d342d9da05d86d,中山市坦洲镇社区卫生服务中心,01-000278,中山市坦洲镇社区卫生服务中心::01-000278,阻塞性通气功能障碍,3,train,335,316,1.0601265822784811
row_000258__bedaceaf75e94fefb1b265d69ad0d83b,258,bedaceaf75e94fefb1b265d69ad0d83b,中山市坦洲镇社区卫生服务中心,01-000278,中山市坦洲镇社区卫生服务中心::01-000278,阻塞性通气功能障碍,3,train,333,303,1.099009900990099
row_000259__bb3a271c03244fbf8d134da9ee00c02c,259,bb3a271c03244fbf8d134da9ee00c02c,中山市坦洲镇社区卫生服务中心,01-000278,中山市坦洲镇社区卫生服务中心::01-000278,阻塞性通气功能障碍,3,train,332,250,1.328
row_000260__ddc62c7cb64d4933944bfc0ec84a9745,260,ddc62c7cb64d4933944bfc0ec84a9745,马鞍山社区健康服务中心,01-000353,马鞍山社区健康服务中心::01-000353,肺通气功能正常,2,train,363,335,1.0835820895522388
row_000261__8919e80e674247b183bee95c8406c279,261,8919e80e674247b183bee95c8406c279,马鞍山社区健康服务中心,01-000353,马鞍山社区健康服务中心::01-000353,肺通气功能正常,2,train,421,418,1.007177033492823
row_000262__021cbe4498ed44d593fac2df3c669cf5,262,021cbe4498ed44d593fac2df3c669cf5,马鞍山社区健康服务中心,01-000353,马鞍山社区健康服务中心::01-000353,肺通气功能正常,2,train,426,425,1.0023529411764707
row_000266__13cd81cf1f884394b49e78da8e3967e0,266,13cd81cf1f884394b49e78da8e3967e0,深圳市南山区沙河社康社区健康服务中心,01-000359,深圳市南山区沙河社康社区健康服务中心::01-000359,混合性通气功能障碍,4,train,296,300,1.0135135135135136
row_000267__32bce624f1fa40dfb871aedfacae76f9,267,32bce624f1fa40dfb871aedfacae76f9,深圳市南山区沙河社康社区健康服务中心,01-000359,深圳市南山区沙河社康社区健康服务中心::01-000359,混合性通气功能障碍,4,train,308,296,1.0405405405405406
row_000268__adcf80943aaa47e89fdde886da12a7b5,268,adcf80943aaa47e89fdde886da12a7b5,深圳市南山区沙河社康社区健康服务中心,01-000359,深圳市南山区沙河社康社区健康服务中心::01-000359,混合性通气功能障碍,4,train,304,315,1.0361842105263157
row_000269__3051e9efb15d472c8e60c36a1fe95189,269,3051e9efb15d472c8e60c36a1fe95189,深圳市南山区月亮湾社区健康服务中心,01-000239,深圳市南山区月亮湾社区健康服务中心::01-000239,阻塞性通气功能障碍,3,train,423,408,1.036764705882353
row_000270__ee5c2eb311a148758c51284f99eacbc3,270,ee5c2eb311a148758c51284f99eacbc3,深圳市南山区月亮湾社区健康服务中心,01-000239,深圳市南山区月亮湾社区健康服务中心::01-000239,阻塞性通气功能障碍,3,train,411,388,1.059278350515464
row_000271__21f2ae90b4364253a3b1dae626f8d887,271,21f2ae90b4364253a3b1dae626f8d887,深圳市南山区月亮湾社区健康服务中心,01-000239,深圳市南山区月亮湾社区健康服务中心::01-000239,阻塞性通气功能障碍,3,train,411,384,1.0703125
row_000272__edff5003a9244c8d851d361eaeb4bb91,272,edff5003a9244c8d851d361eaeb4bb91,英德市浛洸镇中心卫生院,01-000773,英德市浛洸镇中心卫生院::01-000773,不可用/不明确,0,train,305,248,1.2298387096774193
row_000275__9219442d24cd40ff8bc894d21c84c4e8,275,9219442d24cd40ff8bc894d21c84c4e8,佛山市南海区盐步医院,01-000990,佛山市南海区盐步医院::01-000990,阻塞性通气功能障碍,3,train,468,413,1.1331719128329298
row_000277__1923242a30414cea82b77c3cc953ebb4,277,1923242a30414cea82b77c3cc953ebb4,佛山市南海区盐步医院,01-000990,佛山市南海区盐步医院::01-000990,阻塞性通气功能障碍,3,train,482,373,1.292225201072386
row_000278__59f368030c524545b2ff033f74019bab,278,59f368030c524545b2ff033f74019bab,水田社康中心,01-000740,水田社康中心::01-000740,肺通气功能正常,2,val,398,373,1.0670241286863271
row_000279__d42c477408d04714a814306db71dea06,279,d42c477408d04714a814306db71dea06,水田社康中心,01-000740,水田社康中心::01-000740,肺通气功能正常,2,val,400,386,1.0362694300518134
row_000280__4fba653be27245cb8b7d24e48ecc96ae,280,4fba653be27245cb8b7d24e48ecc96ae,水田社康中心,01-000740,水田社康中心::01-000740,肺通气功能正常,2,val,383,368,1.0407608695652173
row_000282__9a5159ec74424d8394790bc8458c18f3,282,9a5159ec74424d8394790bc8458c18f3,马鞍山社区健康服务中心,01-000389,马鞍山社区健康服务中心::01-000389,肺通气功能正常,2,train,240,263,1.0958333333333334
row_000283__7ca4ec21c7cd435c9e818c5781b3f18e,283,7ca4ec21c7cd435c9e818c5781b3f18e,马鞍山社区健康服务中心,01-000389,马鞍山社区健康服务中心::01-000389,肺通气功能正常,2,train,223,235,1.053811659192825
row_000287__b7ece626edde4f8c9de85e85c3ab00fc,287,b7ece626edde4f8c9de85e85c3ab00fc,深圳市南山区峰景社区健康服务中心,01-000183,深圳市南山区峰景社区健康服务中心::01-000183,肺通气功能正常,2,train,336,332,1.0120481927710843
row_000288__7de935b3a914452d817aee1c7263034b,288,7de935b3a914452d817aee1c7263034b,深圳市南山区峰景社区健康服务中心,01-000183,深圳市南山区峰景社区健康服务中心::01-000183,肺通气功能正常,2,train,348,288,1.2083333333333333
row_000289__4072297ecec3418b82c3490371a6b62c,289,4072297ecec3418b82c3490371a6b62c,深圳市南山区白芒社区健康服务中心,01-000169,深圳市南山区白芒社区健康服务中心::01-000169,肺通气功能正常,2,val,292,308,1.0547945205479452
row_000290__379363ca55af462bb38d63e8bb7129d6,290,379363ca55af462bb38d63e8bb7129d6,深圳市南山区白芒社区健康服务中心,01-000169,深圳市南山区白芒社区健康服务中心::01-000169,肺通气功能正常,2,val,280,292,1.042857142857143
row_000291__3877b3fc14924a989abe682231e19e3f,291,3877b3fc14924a989abe682231e19e3f,深圳市南山区白芒社区健康服务中心,01-000169,深圳市南山区白芒社区健康服务中心::01-000169,肺通气功能正常,2,val,288,308,1.0694444444444444
row_000292__3ce1087ddcd7413e863f236df7249241,292,3ce1087ddcd7413e863f236df7249241,深圳市南山区莲城社区健康服务中心,01-000208,深圳市南山区莲城社区健康服务中心::01-000208,肺通气功能正常,2,test,259,204,1.2696078431372548
row_000293__de99a87a65084738aafe0f69d4685aee,293,de99a87a65084738aafe0f69d4685aee,深圳市南山区莲城社区健康服务中心,01-000208,深圳市南山区莲城社区健康服务中心::01-000208,肺通气功能正常,2,test,207,172,1.2034883720930232
row_000295__387912a329094e28b84e17853cf44c19,295,387912a329094e28b84e17853cf44c19,深圳市南山区东角头社区健康服务中心,01-000320,深圳市南山区东角头社区健康服务中心::01-000320,肺通气功能正常,2,train,428,440,1.02803738317757
row_000296__c4e5aa938ef144d2ae461ffc1e5fa6e6,296,c4e5aa938ef144d2ae461ffc1e5fa6e6,深圳市南山区东角头社区健康服务中心,01-000320,深圳市南山区东角头社区健康服务中心::01-000320,肺通气功能正常,2,train,428,444,1.0373831775700935
row_000297__ed17f62072fc420784ddc82bcfb270aa,297,ed17f62072fc420784ddc82bcfb270aa,深圳市南山区东角头社区健康服务中心,01-000320,深圳市南山区东角头社区健康服务中心::01-000320,肺通气功能正常,2,train,420,444,1.0571428571428572
row_000298__2cfbd3456769441aa8dfee1b26da8b92,298,2cfbd3456769441aa8dfee1b26da8b92,善心体检,01-010175,善心体检::01-010175,肺通气功能正常,2,train,257,264,1.027237354085603
row_000299__76eae0c1dfd440cc98efe8c21e745148,299,76eae0c1dfd440cc98efe8c21e745148,善心体检,01-010175,善心体检::01-010175,肺通气功能正常,2,train,255,230,1.108695652173913
row_000300__71242b1263244d23a6de2f827026b0ea,300,71242b1263244d23a6de2f827026b0ea,善心体检,01-010175,善心体检::01-010175,肺通气功能正常,2,train,257,262,1.0194552529182879
row_000301__85f393494ee54c73836e5089375af055,301,85f393494ee54c73836e5089375af055,深圳市南山区月亮湾社区健康服务中心,01-000265,深圳市南山区月亮湾社区健康服务中心::01-000265,肺通气功能正常,2,train,403,392,1.028061224489796
row_000302__08f899477b2f43a9b47b4c4539fea9f9,302,08f899477b2f43a9b47b4c4539fea9f9,深圳市南山区月亮湾社区健康服务中心,01-000265,深圳市南山区月亮湾社区健康服务中心::01-000265,肺通气功能正常,2,train,423,400,1.0575
row_000306__f02685fdd016454bb1b73b66d7f6f697,306,f02685fdd016454bb1b73b66d7f6f697,深圳市福田区益田社区健康服务中心,01-000304,深圳市福田区益田社区健康服务中心::01-000304,限制性通气功能障碍,1,val,215,175,1.2285714285714286
row_000307__8ca33b6d63824d0ab5d9e3d8f9b3c109,307,8ca33b6d63824d0ab5d9e3d8f9b3c109,水田社康中心,01-000709,水田社康中心::01-000709,肺通气功能正常,2,train,363,380,1.046831955922865
row_000308__e089653c13e34b24b459c584e71c4535,308,e089653c13e34b24b459c584e71c4535,水田社康中心,01-000709,水田社康中心::01-000709,肺通气功能正常,2,train,364,379,1.0412087912087913
row_000309__3210ff28c1384abab00b876a505e5e64,309,3210ff28c1384abab00b876a505e5e64,水田社康中心,01-000709,水田社康中心::01-000709,肺通气功能正常,2,train,380,350,1.0857142857142856
row_000310__a747c48c0fab45389ff169ebc4652ed7,310,a747c48c0fab45389ff169ebc4652ed7,深圳市南山区南光社区健康服务中心,01-000241,深圳市南山区南光社区健康服务中心::01-000241,阻塞性通气功能障碍,3,train,248,260,1.0483870967741935
row_000311__3b7bd558b7974e91aa720b6e844bc519,311,3b7bd558b7974e91aa720b6e844bc519,深圳市南山区南光社区健康服务中心,01-000241,深圳市南山区南光社区健康服务中心::01-000241,阻塞性通气功能障碍,3,train,260,256,1.015625
row_000312__adbdb9ff44414b44ba9a922803f7c1a9,312,adbdb9ff44414b44ba9a922803f7c1a9,深圳市南山区南光社区健康服务中心,01-000241,深圳市南山区南光社区健康服务中心::01-000241,阻塞性通气功能障碍,3,train,248,244,1.0163934426229508
row_000313__977226cfdd35457d89eb5b020c0c09e8,313,977226cfdd35457d89eb5b020c0c09e8,广州市荔湾区东漖街社区卫生服务中心,01-000162,广州市荔湾区东漖街社区卫生服务中心::01-000162,限制性通气功能障碍,1,train,187,187,1.0
row_000314__97984076e79a47beabed5b1b370979bd,314,97984076e79a47beabed5b1b370979bd,广州市荔湾区东漖街社区卫生服务中心,01-000162,广州市荔湾区东漖街社区卫生服务中心::01-000162,限制性通气功能障碍,1,train,197,197,1.0
row_000315__bf9ee802040245cb9185c9de3ff71907,315,bf9ee802040245cb9185c9de3ff71907,广州市荔湾区东漖街社区卫生服务中心,01-000162,广州市荔湾区东漖街社区卫生服务中心::01-000162,限制性通气功能障碍,1,train,182,184,1.010989010989011
row_000316__10d5c8140e284f658abccf2c39f9f29c,316,10d5c8140e284f658abccf2c39f9f29c,深圳市南山区莲城社区健康服务中心,01-000258,深圳市南山区莲城社区健康服务中心::01-000258,肺通气功能正常,2,train,380,336,1.130952380952381
row_000319__7fdc2099c9fd4b5bbf9c1a974c504bd1,319,7fdc2099c9fd4b5bbf9c1a974c504bd1,深圳市南山区南光社区健康服务中心,01-000271,深圳市南山区南光社区健康服务中心::01-000271,肺通气功能正常,2,train,304,324,1.0657894736842106
row_000320__320134cf637547bea1a5c3fa9fea3719,320,320134cf637547bea1a5c3fa9fea3719,深圳市南山区南光社区健康服务中心,01-000271,深圳市南山区南光社区健康服务中心::01-000271,肺通气功能正常,2,train,320,324,1.0125
row_000321__c7615085750a46de8cc9f508b5af156b,321,c7615085750a46de8cc9f508b5af156b,深圳市南山区南光社区健康服务中心,01-000271,深圳市南山区南光社区健康服务中心::01-000271,肺通气功能正常,2,train,320,316,1.0126582278481013
row_000322__1fc7a3c5f25d43cc8c419e9875fc7ef4,322,1fc7a3c5f25d43cc8c419e9875fc7ef4,深圳市南山区花果山东社区健康服务中心,01-000260,深圳市南山区花果山东社区健康服务中心::01-000260,肺通气功能正常,2,train,259,220,1.1772727272727272
row_000323__3d00e66626c54aa391ef04b57160c13f,323,3d00e66626c54aa391ef04b57160c13f,深圳市南山区花果山东社区健康服务中心,01-000260,深圳市南山区花果山东社区健康服务中心::01-000260,肺通气功能正常,2,train,267,232,1.1508620689655173
row_000324__d68b8a4ee84e494e9e37ec065c50b611,324,d68b8a4ee84e494e9e37ec065c50b611,深圳市南山区花果山东社区健康服务中心,01-000260,深圳市南山区花果山东社区健康服务中心::01-000260,肺通气功能正常,2,train,271,248,1.092741935483871
row_000325__d914d2696986433990c99bdb59e157d4,325,d914d2696986433990c99bdb59e157d4,佛山市南海区第七人民医院,01-000451,佛山市南海区第七人民医院::01-000451,肺通气功能正常,2,train,306,302,1.0132450331125828
row_000326__922a1be42047400a88313b96a74cc83f,326,922a1be42047400a88313b96a74cc83f,佛山市南海区第七人民医院,01-000451,佛山市南海区第七人民医院::01-000451,肺通气功能正常,2,train,300,302,1.0066666666666666
row_000327__b5f9f9575faa4c718d5ede8288070d7e,327,b5f9f9575faa4c718d5ede8288070d7e,佛山市南海区第七人民医院,01-000451,佛山市南海区第七人民医院::01-000451,肺通气功能正常,2,train,292,273,1.0695970695970696
row_000329__06b030fb7e724c968c565338e64e0b28,329,06b030fb7e724c968c565338e64e0b28,丰良镇中心卫生院,01-000081,丰良镇中心卫生院::01-000081,限制性通气功能障碍,1,test,151,142,1.0633802816901408
row_000330__f40900aec4eb4e12adf15421e89b6437,330,f40900aec4eb4e12adf15421e89b6437,丰良镇中心卫生院,01-000081,丰良镇中心卫生院::01-000081,限制性通气功能障碍,1,test,165,135,1.2222222222222223
row_000331__fd60a7a91304497f92045a1aa953a6de,331,fd60a7a91304497f92045a1aa953a6de,广州市荔湾区多宝街社区卫生服务中心,01-000117,广州市荔湾区多宝街社区卫生服务中心::01-000117,限制性通气功能障碍,1,train,243,252,1.037037037037037
row_000332__bf5a8c38fe4746c791481416b375cb81,332,bf5a8c38fe4746c791481416b375cb81,广州市荔湾区多宝街社区卫生服务中心,01-000117,广州市荔湾区多宝街社区卫生服务中心::01-000117,限制性通气功能障碍,1,train,258,215,1.2
row_000333__f67f99d2536a42938a8fccba1417bc05,333,f67f99d2536a42938a8fccba1417bc05,广州市荔湾区多宝街社区卫生服务中心,01-000117,广州市荔湾区多宝街社区卫生服务中心::01-000117,限制性通气功能障碍,1,train,265,243,1.0905349794238683
row_000334__0e60223e2bde4512a90c5242f632d452,334,0e60223e2bde4512a90c5242f632d452,深圳市南山区龙海家园社区健康服务中心,01-000268,深圳市南山区龙海家园社区健康服务中心::01-000268,肺通气功能正常,2,train,335,312,1.0737179487179487
row_000335__098ecf5512164382b8f5f2c0687c2826,335,098ecf5512164382b8f5f2c0687c2826,深圳市南山区龙海家园社区健康服务中心,01-000268,深圳市南山区龙海家园社区健康服务中心::01-000268,肺通气功能正常,2,train,323,292,1.106164383561644
row_000336__d5f7c4df411443ed8791f97f1e5e652b,336,d5f7c4df411443ed8791f97f1e5e652b,深圳市南山区龙海家园社区健康服务中心,01-000268,深圳市南山区龙海家园社区健康服务中心::01-000268,肺通气功能正常,2,train,315,292,1.0787671232876712
row_000338__4a715fbb7db84865bd06965375f02f70,338,4a715fbb7db84865bd06965375f02f70,中山市东升镇社区卫生服务中心,01-000223,中山市东升镇社区卫生服务中心::01-000223,肺通气功能正常,2,train,387,305,1.2688524590163934
row_000343__2fb729028dee4c929a05371ddb57e740,343,2fb729028dee4c929a05371ddb57e740,深圳市南山区阳光社区健康服务中心,01-000283,深圳市南山区阳光社区健康服务中心::01-000283,肺通气功能正常,2,test,276,272,1.0147058823529411
row_000344__cfeb35e5fb9944aba1671d5453f21422,344,cfeb35e5fb9944aba1671d5453f21422,深圳市南山区阳光社区健康服务中心,01-000283,深圳市南山区阳光社区健康服务中心::01-000283,肺通气功能正常,2,test,284,280,1.0142857142857142
row_000345__c472c01f91c348b599422713d9de8ae5,345,c472c01f91c348b599422713d9de8ae5,深圳市南山区阳光社区健康服务中心,01-000283,深圳市南山区阳光社区健康服务中心::01-000283,肺通气功能正常,2,test,279,268,1.041044776119403
row_000346__8a61e60d2cab42309c33a75082179ddc,346,8a61e60d2cab42309c33a75082179ddc,东莞市南城社区卫生服务中心,01-000803,东莞市南城社区卫生服务中心::01-000803,肺通气功能正常,2,train,278,254,1.094488188976378
row_000347__47add69cf56c4ff3b420aab59d9b9d1f,347,47add69cf56c4ff3b420aab59d9b9d1f,东莞市南城社区卫生服务中心,01-000803,东莞市南城社区卫生服务中心::01-000803,肺通气功能正常,2,train,273,238,1.1470588235294117
row_000348__0c80c19c6424470fb2b0e5f7a04d53fa,348,0c80c19c6424470fb2b0e5f7a04d53fa,东莞市南城社区卫生服务中心,01-000803,东莞市南城社区卫生服务中心::01-000803,肺通气功能正常,2,train,274,263,1.0418250950570342
row_000349__94aa6e11d3f643128221f24c29a8d769,349,94aa6e11d3f643128221f24c29a8d769,深圳市南山区月亮湾社区健康服务中心,01-000223,深圳市南山区月亮湾社区健康服务中心::01-000223,限制性通气功能障碍,1,train,176,172,1.0232558139534884
row_000350__f7b6cd02658e43d787df8dfa6f05e1da,350,f7b6cd02658e43d787df8dfa6f05e1da,深圳市南山区月亮湾社区健康服务中心,01-000223,深圳市南山区月亮湾社区健康服务中心::01-000223,限制性通气功能障碍,1,train,176,172,1.0232558139534884
row_000352__fc5d8fdeb53c4b6a855397edd8d2bea6,352,fc5d8fdeb53c4b6a855397edd8d2bea6,佛山市南海区第七人民医院,01-000470,佛山市南海区第七人民医院::01-000470,限制性通气功能障碍,1,train,185,192,1.037837837837838
row_000353__70a22286ea14498e88f9d7d82f36313e,353,70a22286ea14498e88f9d7d82f36313e,佛山市南海区第七人民医院,01-000470,佛山市南海区第七人民医院::01-000470,限制性通气功能障碍,1,train,217,165,1.3151515151515152
row_000354__020578095a794b9aa345f71787bfc25f,354,020578095a794b9aa345f71787bfc25f,佛山市南海区第七人民医院,01-000470,佛山市南海区第七人民医院::01-000470,限制性通气功能障碍,1,train,172,150,1.1466666666666667
row_000355__adce35a231ad4908816e9d2b402362b3,355,adce35a231ad4908816e9d2b402362b3,英德市东华镇中心卫生院,01-000589,英德市东华镇中心卫生院::01-000589,限制性通气功能障碍,1,test,135,138,1.0222222222222221
row_000357__1c46d10bf3254e56a520903b0d0645ae,357,1c46d10bf3254e56a520903b0d0645ae,英德市东华镇中心卫生院,01-000589,英德市东华镇中心卫生院::01-000589,限制性通气功能障碍,1,test,138,115,1.2
row_000358__8fadaa3ba3e4483f8b8fe96c26a9f1cd,358,8fadaa3ba3e4483f8b8fe96c26a9f1cd,善心体检,01-010037,善心体检::01-010037,非特异性通气功能障碍,5,train,278,263,1.0570342205323193
row_000359__88437bcc13b849baa27d164eb8ad8b4a,359,88437bcc13b849baa27d164eb8ad8b4a,善心体检,01-010037,善心体检::01-010037,非特异性通气功能障碍,5,train,263,263,1.0
row_000360__fe3e5a7e9151459f882e5c42f6d38993,360,fe3e5a7e9151459f882e5c42f6d38993,善心体检,01-010037,善心体检::01-010037,非特异性通气功能障碍,5,train,267,260,1.0269230769230768
row_000361__5872805c720a4b1488b6463004010406,361,5872805c720a4b1488b6463004010406,善心体检,01-007362,善心体检::01-007362,肺通气功能正常,2,train,331,330,1.003030303030303
row_000362__d347f8f9167c4818aabd2379a1c32cb0,362,d347f8f9167c4818aabd2379a1c32cb0,化州市中垌卫生院,02-001548,化州市中垌卫生院::02-001548,阻塞性通气功能障碍,3,test,315,283,1.1130742049469964
row_000363__3b819e2eb4da4077aabc5e2a37a7e6e0,363,3b819e2eb4da4077aabc5e2a37a7e6e0,化州市中垌卫生院,02-001548,化州市中垌卫生院::02-001548,阻塞性通气功能障碍,3,test,310,240,1.2916666666666667
row_000364__583a1ffbd3284a9091da624761269c14,364,583a1ffbd3284a9091da624761269c14,化州市中垌卫生院,02-001548,化州市中垌卫生院::02-001548,阻塞性通气功能障碍,3,test,285,220,1.2954545454545454
row_000368__d4650461ffb344b2b6c16e671167fbe4,368,d4650461ffb344b2b6c16e671167fbe4,善心体检,01-009297,善心体检::01-009297,肺通气功能正常,2,train,373,375,1.0053619302949062
row_000369__5134e3cc6d1e4ce186ce88d2698e7642,369,5134e3cc6d1e4ce186ce88d2698e7642,善心体检,01-009297,善心体检::01-009297,肺通气功能正常,2,train,380,346,1.0982658959537572
row_000371__62ddcf879a83487980f19397bbd9a5a0,371,62ddcf879a83487980f19397bbd9a5a0,深圳市南山区荔湾社区健康服务中心,01-000173,深圳市南山区荔湾社区健康服务中心::01-000173,肺通气功能正常,2,val,223,172,1.2965116279069768
row_000372__083ff43cd63346b7b09eeb2448b6d3dc,372,083ff43cd63346b7b09eeb2448b6d3dc,深圳市南山区荔湾社区健康服务中心,01-000173,深圳市南山区荔湾社区健康服务中心::01-000173,肺通气功能正常,2,val,219,192,1.140625
row_000375__86ec61cd373e46f99dc7b43fc7cf92fa,375,86ec61cd373e46f99dc7b43fc7cf92fa,沙头社区健康服务中心,01-000536,沙头社区健康服务中心::01-000536,不可用/不明确,0,train,225,205,1.0975609756097562
row_000376__12352c8de1294ad6881c1a002ed31004,376,12352c8de1294ad6881c1a002ed31004,沙头社区健康服务中心,01-000536,沙头社区健康服务中心::01-000536,不可用/不明确,0,train,238,205,1.1609756097560975
row_000377__ba95b55ef1dc478db4391208e5901725,377,ba95b55ef1dc478db4391208e5901725,沙头社区健康服务中心,01-000536,沙头社区健康服务中心::01-000536,不可用/不明确,0,train,266,270,1.0150375939849625
row_000378__d3859cf661284170a35f686ffa095d8c,378,d3859cf661284170a35f686ffa095d8c,深圳市南山区深圳湾社区健康服务中心,01-000331,深圳市南山区深圳湾社区健康服务中心::01-000331,肺通气功能正常,2,train,348,356,1.0229885057471264
row_000379__a290d756148942199824247fc8867985,379,a290d756148942199824247fc8867985,深圳市南山区深圳湾社区健康服务中心,01-000331,深圳市南山区深圳湾社区健康服务中心::01-000331,肺通气功能正常,2,train,352,356,1.0113636363636365
row_000380__96ba381c7bfa4c46889c3c1c5c4c1c64,380,96ba381c7bfa4c46889c3c1c5c4c1c64,深圳市南山区深圳湾社区健康服务中心,01-000331,深圳市南山区深圳湾社区健康服务中心::01-000331,肺通气功能正常,2,train,356,360,1.0112359550561798
row_000381__7b93c7fbd92d4109b37cc87b0e015aed,381,7b93c7fbd92d4109b37cc87b0e015aed,汕头潮阳区和平镇卫生院,01-000431,汕头潮阳区和平镇卫生院::01-000431,肺通气功能正常,2,val,353,334,1.0568862275449102
row_000382__1dccf0c1c78d4556838f3b147074c089,382,1dccf0c1c78d4556838f3b147074c089,汕头潮阳区和平镇卫生院,01-000431,汕头潮阳区和平镇卫生院::01-000431,肺通气功能正常,2,val,341,334,1.0209580838323353
row_000383__e5032cad7ac34a678d4d66185c996b5a,383,e5032cad7ac34a678d4d66185c996b5a,汕头潮阳区和平镇卫生院,01-000431,汕头潮阳区和平镇卫生院::01-000431,肺通气功能正常,2,val,357,330,1.0818181818181818
row_000385__18b4d8de76724626bdcb1ed774feb5da,385,18b4d8de76724626bdcb1ed774feb5da,衙边社区健康服务中心,01-000507,衙边社区健康服务中心::01-000507,限制性通气功能障碍,1,train,143,152,1.062937062937063
row_000386__78ca94a6bbc549df897a0cf304fd23b7,386,78ca94a6bbc549df897a0cf304fd23b7,深圳市坪山区人民医院竹坑老围社区健康服务中心,01-000300,深圳市坪山区人民医院竹坑老围社区健康服务中心::01-000300,限制性通气功能障碍,1,train,223,209,1.0669856459330143
row_000387__af141762880b452eb6a7d2f07b309791,387,af141762880b452eb6a7d2f07b309791,深圳市坪山区人民医院竹坑老围社区健康服务中心,01-000300,深圳市坪山区人民医院竹坑老围社区健康服务中心::01-000300,限制性通气功能障碍,1,train,210,208,1.0096153846153846
row_000388__bccbf11c65f040b08d8469256ec74d9a,388,bccbf11c65f040b08d8469256ec74d9a,深圳市坪山区人民医院竹坑老围社区健康服务中心,01-000300,深圳市坪山区人民医院竹坑老围社区健康服务中心::01-000300,限制性通气功能障碍,1,train,193,178,1.0842696629213484
row_000389__009f2a685b8a48619282615d166ff6fe,389,009f2a685b8a48619282615d166ff6fe,广州市从化区鳌头镇中心卫生院,01-000045,广州市从化区鳌头镇中心卫生院::01-000045,限制性通气功能障碍,1,train,248,238,1.0420168067226891
row_000390__56bfe1bb15b64596b7cc540ba93c82c8,390,56bfe1bb15b64596b7cc540ba93c82c8,广州市从化区鳌头镇中心卫生院,01-000045,广州市从化区鳌头镇中心卫生院::01-000045,限制性通气功能障碍,1,train,269,258,1.0426356589147288
row_000391__7ff6af80401740c6b5e4734fa817888b,391,7ff6af80401740c6b5e4734fa817888b,广州市从化区鳌头镇中心卫生院,01-000045,广州市从化区鳌头镇中心卫生院::01-000045,限制性通气功能障碍,1,train,251,248,1.0120967741935485
row_000392__0cdabf29320f4c829ddc11b55d827e5e,392,0cdabf29320f4c829ddc11b55d827e5e,深圳市南山区大汪社区健康服务中心,01-000189,深圳市南山区大汪社区健康服务中心::01-000189,肺通气功能正常,2,train,328,324,1.0123456790123457
row_000393__9ef39b084c92415c8e0420ec9ab82fd8,393,9ef39b084c92415c8e0420ec9ab82fd8,深圳市南山区大汪社区健康服务中心,01-000189,深圳市南山区大汪社区健康服务中心::01-000189,肺通气功能正常,2,train,327,292,1.11986301369863
row_000394__48e4bdb4bae842a390af6d72360a6a0f,394,48e4bdb4bae842a390af6d72360a6a0f,深圳市坪山区人民医院碧岭社区健康服务中心,01-000335,深圳市坪山区人民医院碧岭社区健康服务中心::01-000335,肺通气功能正常,2,train,371,375,1.0107816711590296
row_000395__fcf15d1de60944658913822a823eeb1a,395,fcf15d1de60944658913822a823eeb1a,深圳市坪山区人民医院碧岭社区健康服务中心,01-000335,深圳市坪山区人民医院碧岭社区健康服务中心::01-000335,肺通气功能正常,2,train,338,330,1.0242424242424242
row_000396__7af6c89f19e749db97db4749075e344f,396,7af6c89f19e749db97db4749075e344f,深圳市坪山区人民医院碧岭社区健康服务中心,01-000335,深圳市坪山区人民医院碧岭社区健康服务中心::01-000335,肺通气功能正常,2,train,378,324,1.1666666666666667
row_000397__d3acdf93f9324ee391bfe582d6faa117,397,d3acdf93f9324ee391bfe582d6faa117,深圳市南山区花果山东社区健康服务中心,01-000311,深圳市南山区花果山东社区健康服务中心::01-000311,肺通气功能正常,2,val,340,284,1.1971830985915493
row_000398__9afd48cccdbb4406be0d965599046c06,398,9afd48cccdbb4406be0d965599046c06,深圳市南山区花果山东社区健康服务中心,01-000311,深圳市南山区花果山东社区健康服务中心::01-000311,肺通气功能正常,2,val,332,344,1.036144578313253
row_000399__68c40b2895264b8fa68854edcea8cca5,399,68c40b2895264b8fa68854edcea8cca5,深圳市南山区花果山东社区健康服务中心,01-000311,深圳市南山区花果山东社区健康服务中心::01-000311,肺通气功能正常,2,val,332,332,1.0
row_000400__20590afa035b4b92929ec0cdbf9d23d8,400,20590afa035b4b92929ec0cdbf9d23d8,东莞市石龙镇社区卫生服务中心,01-000279,东莞市石龙镇社区卫生服务中心::01-000279,阻塞性通气功能障碍,3,train,345,321,1.074766355140187
row_000401__caf8af49ef6044bbaee4589797301d4b,401,caf8af49ef6044bbaee4589797301d4b,东莞市石龙镇社区卫生服务中心,01-000279,东莞市石龙镇社区卫生服务中心::01-000279,阻塞性通气功能障碍,3,train,340,316,1.0759493670886076
row_000404__5245b278192b4a42b4b6369b10d5ba1d,404,5245b278192b4a42b4b6369b10d5ba1d,化州市中垌卫生院,02-001623,化州市中垌卫生院::02-001623,肺通气功能正常,2,val,145,160,1.103448275862069
row_000405__50cc6dc02a7d47fdb56b7047d8a0bf75,405,50cc6dc02a7d47fdb56b7047d8a0bf75,化州市中垌卫生院,02-001623,化州市中垌卫生院::02-001623,肺通气功能正常,2,val,182,214,1.1758241758241759
row_000406__460cc4d098804a268bada56b477f633a,406,460cc4d098804a268bada56b477f633a,中山市板芙镇社区卫生服务中心,01-000243,中山市板芙镇社区卫生服务中心::01-000243,肺通气功能正常,2,train,340,347,1.0205882352941176
row_000407__d244849284e94d2a896b4a4da19f27cf,407,d244849284e94d2a896b4a4da19f27cf,中山市板芙镇社区卫生服务中心,01-000243,中山市板芙镇社区卫生服务中心::01-000243,肺通气功能正常,2,train,349,302,1.1556291390728477
row_000408__dd7847ddd79c42e9ab4f5cc68c5f1fd8,408,dd7847ddd79c42e9ab4f5cc68c5f1fd8,中山市板芙镇社区卫生服务中心,01-000243,中山市板芙镇社区卫生服务中心::01-000243,肺通气功能正常,2,train,350,283,1.2367491166077738
row_000412__d248d8c41a71481782e70f04d35214be,412,d248d8c41a71481782e70f04d35214be,深圳市南山区田厦社区健康服务中心,01-000564,深圳市南山区田厦社区健康服务中心::01-000564,非特异性通气功能障碍,5,train,352,348,1.0114942528735633
row_000413__bfa2adb787034d4eba5ad35198919104,413,bfa2adb787034d4eba5ad35198919104,深圳市南山区田厦社区健康服务中心,01-000564,深圳市南山区田厦社区健康服务中心::01-000564,非特异性通气功能障碍,5,train,224,224,1.0
row_000414__a29ef4624fb24409a7df1d7a9269e473,414,a29ef4624fb24409a7df1d7a9269e473,深圳市南山区田厦社区健康服务中心,01-000564,深圳市南山区田厦社区健康服务中心::01-000564,非特异性通气功能障碍,5,train,264,232,1.1379310344827587
row_000415__31a1be1290c2422893c1861777bc380d,415,31a1be1290c2422893c1861777bc380d,深圳市南山区蔚蓝海岸社区健康服务中心,01-000233,深圳市南山区蔚蓝海岸社区健康服务中心::01-000233,限制性通气功能障碍,1,test,188,220,1.1702127659574468
row_000416__7791b7f8a2b9418f9c3609cd33fd2530,416,7791b7f8a2b9418f9c3609cd33fd2530,深圳市南山区蔚蓝海岸社区健康服务中心,01-000233,深圳市南山区蔚蓝海岸社区健康服务中心::01-000233,限制性通气功能障碍,1,test,200,196,1.0204081632653061
row_000417__b829012d1d06408aa1a16e5b5dc23f8e,417,b829012d1d06408aa1a16e5b5dc23f8e,深圳市南山区蔚蓝海岸社区健康服务中心,01-000233,深圳市南山区蔚蓝海岸社区健康服务中心::01-000233,限制性通气功能障碍,1,test,200,220,1.1
row_000418__fe703e8718b349b193f4e947ba7314e4,418,fe703e8718b349b193f4e947ba7314e4,潭江镇中心卫生院,01-000769,潭江镇中心卫生院::01-000769,限制性通气功能障碍,1,train,213,183,1.1639344262295082
row_000420__40b5cd5a73a0481c8776bf9f8e561caa,420,40b5cd5a73a0481c8776bf9f8e561caa,潭江镇中心卫生院,01-000769,潭江镇中心卫生院::01-000769,限制性通气功能障碍,1,train,243,188,1.2925531914893618
row_000421__808cc709c8ae4a8a86efa005d558630d,421,808cc709c8ae4a8a86efa005d558630d,深圳市南山区南光社区健康服务中心,01-000222,深圳市南山区南光社区健康服务中心::01-000222,阻塞性通气功能障碍,3,test,384,516,1.34375
row_000422__29f481234ef9450b9553eabe6471370e,422,29f481234ef9450b9553eabe6471370e,深圳市南山区南光社区健康服务中心,01-000222,深圳市南山区南光社区健康服务中心::01-000222,阻塞性通气功能障碍,3,test,375,348,1.0775862068965518
row_000423__a0d1ae0a4aec4ffbb776d88557ae79e9,423,a0d1ae0a4aec4ffbb776d88557ae79e9,深圳市南山区南光社区健康服务中心,01-000222,深圳市南山区南光社区健康服务中心::01-000222,阻塞性通气功能障碍,3,test,468,480,1.0256410256410255
row_000424__37f464d5d6cf44878f14966fc5f7d2aa,424,37f464d5d6cf44878f14966fc5f7d2aa,深圳市南山区高新社区健康服务中心,01-000144,深圳市南山区高新社区健康服务中心::01-000144,肺通气功能正常,2,train,243,232,1.0474137931034482
row_000425__c372e8a70ffa40b8ba2698ef7665f0dc,425,c372e8a70ffa40b8ba2698ef7665f0dc,深圳市南山区高新社区健康服务中心,01-000144,深圳市南山区高新社区健康服务中心::01-000144,肺通气功能正常,2,train,248,256,1.032258064516129
row_000426__dbe9417b07c14f61b9eeae43a908aea2,426,dbe9417b07c14f61b9eeae43a908aea2,深圳市南山区高新社区健康服务中心,01-000144,深圳市南山区高新社区健康服务中心::01-000144,肺通气功能正常,2,train,252,248,1.0161290322580645
row_000427__fda9e60dce974de688b65403de1d1d5e,427,fda9e60dce974de688b65403de1d1d5e,广州市荔湾区石围塘街社区卫生服务中心,01-000140,广州市荔湾区石围塘街社区卫生服务中心::01-000140,肺通气功能正常,2,train,387,375,1.032
row_000428__e71b8b945fb540c8ae4da70a0041c8ac,428,e71b8b945fb540c8ae4da70a0041c8ac,广州市荔湾区石围塘街社区卫生服务中心,01-000140,广州市荔湾区石围塘街社区卫生服务中心::01-000140,肺通气功能正常,2,train,388,390,1.0051546391752577
row_000429__94d2cfcceae94ca4a49fbd989d57cd56,429,94d2cfcceae94ca4a49fbd989d57cd56,广州市荔湾区石围塘街社区卫生服务中心,01-000140,广州市荔湾区石围塘街社区卫生服务中心::01-000140,肺通气功能正常,2,train,389,378,1.029100529100529
row_000430__9973f9b4212c4585a330fbfaf1609183,430,9973f9b4212c4585a330fbfaf1609183,深圳市南山区龙坤社区健康服务中心,01-000216,深圳市南山区龙坤社区健康服务中心::01-000216,不可用/不明确,0,train,188,196,1.0425531914893618
row_000431__bcf6ec46771e4baaba1a6e47a644825a,431,bcf6ec46771e4baaba1a6e47a644825a,深圳市南山区龙坤社区健康服务中心,01-000216,深圳市南山区龙坤社区健康服务中心::01-000216,不可用/不明确,0,train,200,196,1.0204081632653061
row_000432__516d24fddd4e4e4eaead8daf0f2c177d,432,516d24fddd4e4e4eaead8daf0f2c177d,深圳市南山区龙坤社区健康服务中心,01-000216,深圳市南山区龙坤社区健康服务中心::01-000216,不可用/不明确,0,train,196,192,1.0208333333333333
row_000433__63587cf3d69d4233a3450dc1090493b0,433,63587cf3d69d4233a3450dc1090493b0,善心体检,01-008976,善心体检::01-008976,非特异性通气功能障碍,5,val,345,275,1.2545454545454546
row_000434__b5cdbe7423ef42028877b748a3bbda5f,434,b5cdbe7423ef42028877b748a3bbda5f,善心体检,01-008976,善心体检::01-008976,非特异性通气功能障碍,5,val,350,305,1.1475409836065573
row_000435__af2fbe215c8247b2a3329320f4c1d717,435,af2fbe215c8247b2a3329320f4c1d717,善心体检,01-008976,善心体检::01-008976,非特异性通气功能障碍,5,val,344,318,1.0817610062893082
row_000436__223cef5f0ee94b66b21140a4ff906a3e,436,223cef5f0ee94b66b21140a4ff906a3e,珠海市横琴新区（镇）社区卫生服务中心,01-000736,珠海市横琴新区（镇）社区卫生服务中心::01-000736,肺通气功能正常,2,train,293,290,1.0103448275862068
row_000437__7772c528538f43caae47ebdc880c5e6f,437,7772c528538f43caae47ebdc880c5e6f,珠海市横琴新区（镇）社区卫生服务中心,01-000736,珠海市横琴新区（镇）社区卫生服务中心::01-000736,肺通气功能正常,2,train,312,263,1.1863117870722433
row_000438__5a7fabe9552140119537dc573828b8d6,438,5a7fabe9552140119537dc573828b8d6,东莞市虎门镇社区卫生服务中心,01-000008,东莞市虎门镇社区卫生服务中心::01-000008,限制性通气功能障碍,1,train,287,276,1.039855072463768
row_000439__69cf9f7a5f8b44c0a0928fd1bb49fbe0,439,69cf9f7a5f8b44c0a0928fd1bb49fbe0,东莞市虎门镇社区卫生服务中心,01-000008,东莞市虎门镇社区卫生服务中心::01-000008,限制性通气功能障碍,1,train,283,272,1.0404411764705883
row_000440__9569593de5c24d379d4b58c84ed8db74,440,9569593de5c24d379d4b58c84ed8db74,深圳市南山区阳光社区健康服务中心,01-000270,深圳市南山区阳光社区健康服务中心::01-000270,肺通气功能正常,2,test,360,360,1.0
row_000441__86fdad0a9bc641d6afd782d0ee93600c,441,86fdad0a9bc641d6afd782d0ee93600c,深圳市南山区阳光社区健康服务中心,01-000270,深圳市南山区阳光社区健康服务中心::01-000270,肺通气功能正常,2,test,367,356,1.0308988764044944
row_000442__96cf6af6934c4a619546f3f0ac7647d5,442,96cf6af6934c4a619546f3f0ac7647d5,深圳市南山区阳光社区健康服务中心,01-000270,深圳市南山区阳光社区健康服务中心::01-000270,肺通气功能正常,2,test,368,376,1.0217391304347827
row_000443__e35363ae5d1d4ca7a0e5937d1bb8b5ca,443,e35363ae5d1d4ca7a0e5937d1bb8b5ca,深圳市坪山区人民医院竹坑老围社区健康服务中心,01-000321,深圳市坪山区人民医院竹坑老围社区健康服务中心::01-000321,限制性通气功能障碍,1,train,197,202,1.0253807106598984
row_000444__0d0ba29a4c1a411c8cbaa6978bb8dc0e,444,0d0ba29a4c1a411c8cbaa6978bb8dc0e,深圳市坪山区人民医院竹坑老围社区健康服务中心,01-000321,深圳市坪山区人民医院竹坑老围社区健康服务中心::01-000321,限制性通气功能障碍,1,train,200,219,1.095
row_000445__5f48458903c04cc3a0138a1b40268978,445,5f48458903c04cc3a0138a1b40268978,深圳市坪山区人民医院竹坑老围社区健康服务中心,01-000321,深圳市坪山区人民医院竹坑老围社区健康服务中心::01-000321,限制性通气功能障碍,1,train,198,208,1.0505050505050506
row_000446__4d58135414fa46d3bdb380650e3448d6,446,4d58135414fa46d3bdb380650e3448d6,深圳市南山区南光社区健康服务中心,01-000259,深圳市南山区南光社区健康服务中心::01-000259,肺通气功能正常,2,test,212,216,1.0188679245283019
row_000447__ee5adf2b28df48cf91d2e3bd49c962f1,447,ee5adf2b28df48cf91d2e3bd49c962f1,深圳市南山区南光社区健康服务中心,01-000259,深圳市南山区南光社区健康服务中心::01-000259,肺通气功能正常,2,test,228,208,1.0961538461538463
row_000449__b0ef5231100c4a1bb1e2cf3345649cb7,449,b0ef5231100c4a1bb1e2cf3345649cb7,东莞市东城社区卫生服务中心,01-000618,东莞市东城社区卫生服务中心::01-000618,肺通气功能正常,2,train,471,475,1.0084925690021231
row_000450__08b30b1134704ac6a8c50e70785d1415,450,08b30b1134704ac6a8c50e70785d1415,东莞市东城社区卫生服务中心,01-000618,东莞市东城社区卫生服务中心::01-000618,肺通气功能正常,2,train,470,473,1.0063829787234042
row_000451__5ae181596132416fbabf0a3faef8b506,451,5ae181596132416fbabf0a3faef8b506,东莞市东城社区卫生服务中心,01-000618,东莞市东城社区卫生服务中心::01-000618,肺通气功能正常,2,train,473,468,1.0106837606837606
row_000454__26d43b28a3074a0d9ff257d23c5abd38,454,26d43b28a3074a0d9ff257d23c5abd38,英德市东华镇中心卫生院,01-000525,英德市东华镇中心卫生院::01-000525,混合性通气功能障碍,4,train,199,158,1.259493670886076
row_000457__1d642b20e3ab41aba23ff2b57a6b4e8a,457,1d642b20e3ab41aba23ff2b57a6b4e8a,深圳市坪山区人民医院竹坑老围社区健康服务中心,01-000307,深圳市坪山区人民医院竹坑老围社区健康服务中心::01-000307,肺通气功能正常,2,train,335,273,1.2271062271062272
row_000459__0e1a9691139e4078b4642109f790d5f0,459,0e1a9691139e4078b4642109f790d5f0,深圳市坪山区人民医院竹坑老围社区健康服务中心,01-000307,深圳市坪山区人民医院竹坑老围社区健康服务中心::01-000307,肺通气功能正常,2,train,322,275,1.170909090909091
row_000460__153a1f3f544443038ddfe358b308d018,460,153a1f3f544443038ddfe358b308d018,深圳市南山区荔湾社区健康服务中心,01-000218,深圳市南山区荔湾社区健康服务中心::01-000218,肺通气功能正常,2,train,208,204,1.0196078431372548
row_000461__34c19706950b4977ad1fd42e84846f93,461,34c19706950b4977ad1fd42e84846f93,深圳市南山区荔湾社区健康服务中心,01-000218,深圳市南山区荔湾社区健康服务中心::01-000218,肺通气功能正常,2,train,191,152,1.256578947368421
row_000462__ff1f6202010247948a5196ab72d5cf29,462,ff1f6202010247948a5196ab72d5cf29,深圳市南山区荔湾社区健康服务中心,01-000218,深圳市南山区荔湾社区健康服务中心::01-000218,肺通气功能正常,2,train,191,148,1.2905405405405406
row_000464__5abf684b89c74872a3d30c591aa253ab,464,5abf684b89c74872a3d30c591aa253ab,深圳市南山区花果山东社区健康服务中心,01-000296,深圳市南山区花果山东社区健康服务中心::01-000296,肺通气功能正常,2,train,235,180,1.3055555555555556
row_000465__ea3f95683a5440dead7895750fd0edc1,465,ea3f95683a5440dead7895750fd0edc1,深圳市南山区南园社区健康服务中心,01-000274,深圳市南山区南园社区健康服务中心::01-000274,阻塞性通气功能障碍,3,test,295,280,1.0535714285714286
row_000466__60cd7781ec6d4374b006e85cf4a702fa,466,60cd7781ec6d4374b006e85cf4a702fa,深圳市南山区南园社区健康服务中心,01-000274,深圳市南山区南园社区健康服务中心::01-000274,阻塞性通气功能障碍,3,test,323,276,1.1702898550724639
row_000467__5863adad237244afa785f9b8d96a6e08,467,5863adad237244afa785f9b8d96a6e08,深圳市南山区南园社区健康服务中心,01-000274,深圳市南山区南园社区健康服务中心::01-000274,阻塞性通气功能障碍,3,test,324,320,1.0125
row_000468__31b0ac3e08db42d9894ebfa3fc53f50d,468,31b0ac3e08db42d9894ebfa3fc53f50d,善心体检,01-011263,善心体检::01-011263,肺通气功能正常,2,train,222,212,1.0471698113207548
row_000469__84781f519302423face3a83df13e391a,469,84781f519302423face3a83df13e391a,善心体检,01-011263,善心体检::01-011263,肺通气功能正常,2,train,228,175,1.302857142857143
row_000470__c017e6daa90c4fb0bd1b1967f10dad65,470,c017e6daa90c4fb0bd1b1967f10dad65,深圳市南山区南光社区健康服务中心,01-000309,深圳市南山区南光社区健康服务中心::01-000309,肺通气功能正常,2,train,232,236,1.0172413793103448
row_000471__eebf451f42304bc3b0ba31ccc8326487,471,eebf451f42304bc3b0ba31ccc8326487,深圳市南山区南光社区健康服务中心,01-000309,深圳市南山区南光社区健康服务中心::01-000309,肺通气功能正常,2,train,228,232,1.0175438596491229
row_000472__a3d81690b74b4b63a1339bf5c9eb7c38,472,a3d81690b74b4b63a1339bf5c9eb7c38,深圳市南山区南光社区健康服务中心,01-000309,深圳市南山区南光社区健康服务中心::01-000309,肺通气功能正常,2,train,224,239,1.0669642857142858
row_000473__c13ad2bd3cf643babdbcc4cc583ce971,473,c13ad2bd3cf643babdbcc4cc583ce971,肇庆市德庆县人民医院,01-000382,肇庆市德庆县人民医院::01-000382,肺通气功能正常,2,train,374,374,1.0
row_000474__6c4d3705dcc449b0bd78bc7b4d87f6ac,474,6c4d3705dcc449b0bd78bc7b4d87f6ac,肇庆市德庆县人民医院,01-000382,肇庆市德庆县人民医院::01-000382,肺通气功能正常,2,train,384,389,1.0130208333333333
row_000475__066c9a18de584969b11fa55d6abc1ef9,475,066c9a18de584969b11fa55d6abc1ef9,肇庆市德庆县人民医院,01-000382,肇庆市德庆县人民医院::01-000382,肺通气功能正常,2,train,382,384,1.0052356020942408
row_000476__d7aeb009e5d543d9aec1ed3938d5f71c,476,d7aeb009e5d543d9aec1ed3938d5f71c,深圳市南山区蔚蓝海岸社区健康服务中心,01-000167,深圳市南山区蔚蓝海岸社区健康服务中心::01-000167,混合性通气功能障碍,4,train,240,268,1.1166666666666667
row_000477__b10799f5259a4bb284e6d57f4a4c342e,477,b10799f5259a4bb284e6d57f4a4c342e,深圳市坪山区人民医院三洋湖社区健康服务中心,01-000290,深圳市坪山区人民医院三洋湖社区健康服务中心::01-000290,肺通气功能正常,2,test,287,278,1.0323741007194245
row_000478__0cdcfae0ba284ddeac8476319c6ef647,478,0cdcfae0ba284ddeac8476319c6ef647,深圳市坪山区人民医院三洋湖社区健康服务中心,01-000290,深圳市坪山区人民医院三洋湖社区健康服务中心::01-000290,肺通气功能正常,2,test,278,268,1.037313432835821
row_000479__715c5f2437d34ae6af9df53177256c10,479,715c5f2437d34ae6af9df53177256c10,深圳市坪山区人民医院三洋湖社区健康服务中心,01-000290,深圳市坪山区人民医院三洋湖社区健康服务中心::01-000290,肺通气功能正常,2,test,284,238,1.1932773109243697
row_000480__cecb6592d2dc427b95a19d8302d74b1a,480,cecb6592d2dc427b95a19d8302d74b1a,深圳市南山区桃源社区健康服务中心,01-000239,深圳市南山区桃源社区健康服务中心::01-000239,肺通气功能正常,2,train,236,232,1.0172413793103448
row_000481__1a85532fbdef4e3ea2e5119343111f15,481,1a85532fbdef4e3ea2e5119343111f15,深圳市南山区桃源社区健康服务中心,01-000239,深圳市南山区桃源社区健康服务中心::01-000239,肺通气功能正常,2,train,228,232,1.0175438596491229
row_000482__84e698568cd04335aeacf3c6f8fe6360,482,84e698568cd04335aeacf3c6f8fe6360,深圳市南山区桃源社区健康服务中心,01-000239,深圳市南山区桃源社区健康服务中心::01-000239,肺通气功能正常,2,train,232,228,1.0175438596491229
row_000483__fc2665f9e5ac4b48bf6c74555793e973,483,fc2665f9e5ac4b48bf6c74555793e973,善心体检,01-010252,善心体检::01-010252,限制性通气功能障碍,1,train,223,228,1.0224215246636772
row_000484__ea3df831c265425aa98865ec751e2356,484,ea3df831c265425aa98865ec751e2356,善心体检,01-010252,善心体检::01-010252,限制性通气功能障碍,1,train,229,234,1.0218340611353711
row_000485__9918f644acf043f896945ed1d0aa4779,485,9918f644acf043f896945ed1d0aa4779,善心体检,01-010252,善心体检::01-010252,限制性通气功能障碍,1,train,237,245,1.0337552742616034
row_000486__32b1b5953adf4c1eab3ba547c5837d0b,486,32b1b5953adf4c1eab3ba547c5837d0b,广州市越秀区光塔街社区卫生服务中心,01-000195,广州市越秀区光塔街社区卫生服务中心::01-000195,限制性通气功能障碍,1,test,287,270,1.0629629629629629
row_000487__4e0a6951cfdf4e02982feb848fa84e57,487,4e0a6951cfdf4e02982feb848fa84e57,广州市越秀区光塔街社区卫生服务中心,01-000195,广州市越秀区光塔街社区卫生服务中心::01-000195,限制性通气功能障碍,1,test,276,273,1.010989010989011
row_000488__09af0a246dce4b5bb50c1e078104a361,488,09af0a246dce4b5bb50c1e078104a361,广州市越秀区光塔街社区卫生服务中心,01-000195,广州市越秀区光塔街社区卫生服务中心::01-000195,限制性通气功能障碍,1,test,284,267,1.0636704119850187
row_000489__cebca9c8a8c640b8a42908454bdcf277,489,cebca9c8a8c640b8a42908454bdcf277,深圳市南山区大学城社区健康服务中心,01-000358,深圳市南山区大学城社区健康服务中心::01-000358,肺通气功能正常,2,val,264,248,1.064516129032258
row_000491__2dd17f66c8844d9d8217a040b279e5c3,491,2dd17f66c8844d9d8217a040b279e5c3,深圳市南山区大学城社区健康服务中心,01-000358,深圳市南山区大学城社区健康服务中心::01-000358,肺通气功能正常,2,val,276,252,1.0952380952380953
row_000502__d8f213a90a7b4b8ca659878478ab804e,502,d8f213a90a7b4b8ca659878478ab804e,潭江镇中心卫生院,01-000887,潭江镇中心卫生院::01-000887,限制性通气功能障碍,1,train,136,122,1.1147540983606556
row_000504__26f56907de79404585a85d6a8979ea16,504,26f56907de79404585a85d6a8979ea16,深圳市南山区莲城社区健康服务中心,01-000247,深圳市南山区莲城社区健康服务中心::01-000247,阻塞性通气功能障碍,3,train,424,408,1.0392156862745099
row_000505__0447ed9286b94221a63c1c3f1d93cffb,505,0447ed9286b94221a63c1c3f1d93cffb,深圳市南山区莲城社区健康服务中心,01-000247,深圳市南山区莲城社区健康服务中心::01-000247,阻塞性通气功能障碍,3,train,440,424,1.0377358490566038
row_000506__39da36fb1446444687e4938391316ec1,506,39da36fb1446444687e4938391316ec1,深圳市南山区莲城社区健康服务中心,01-000247,深圳市南山区莲城社区健康服务中心::01-000247,阻塞性通气功能障碍,3,train,448,424,1.0566037735849056
row_000507__8930612421c94284b491af8e48759812,507,8930612421c94284b491af8e48759812,深圳市南山区月亮湾社区健康服务中心,01-000229,深圳市南山区月亮湾社区健康服务中心::01-000229,肺通气功能正常,2,train,275,236,1.1652542372881356
row_000508__e19d5f9c362d4aabac6abbfddfe18aec,508,e19d5f9c362d4aabac6abbfddfe18aec,深圳市南山区月亮湾社区健康服务中心,01-000229,深圳市南山区月亮湾社区健康服务中心::01-000229,肺通气功能正常,2,train,264,260,1.0153846153846153
row_000509__cf7c46988e854500ac5fbcc60525250c,509,cf7c46988e854500ac5fbcc60525250c,深圳市南山区月亮湾社区健康服务中心,01-000229,深圳市南山区月亮湾社区健康服务中心::01-000229,肺通气功能正常,2,train,268,280,1.044776119402985
row_000510__bccd34f178dc45c48532f819eafac3a2,510,bccd34f178dc45c48532f819eafac3a2,佛山市南海区第七人民医院,01-000211,佛山市南海区第七人民医院::01-000211,阻塞性通气功能障碍,3,train,404,397,1.0176322418136021
row_000511__b7d262747a774fa8ace7570b2ce9f50b,511,b7d262747a774fa8ace7570b2ce9f50b,佛山市南海区第七人民医院,01-000211,佛山市南海区第七人民医院::01-000211,阻塞性通气功能障碍,3,train,403,403,1.0
row_000512__21ecc828e51946868d4abcabec4077fc,512,21ecc828e51946868d4abcabec4077fc,佛山市南海区第七人民医院,01-000211,佛山市南海区第七人民医院::01-000211,阻塞性通气功能障碍,3,train,408,408,1.0
row_000513__c14e7b38bcfc44149cda68eb438f2872,513,c14e7b38bcfc44149cda68eb438f2872,深圳市南山区阳光社区健康服务中心,01-000268,深圳市南山区阳光社区健康服务中心::01-000268,肺通气功能正常,2,train,212,256,1.2075471698113207
row_000514__46956c9e49874ea5880611935197be60,514,46956c9e49874ea5880611935197be60,深圳市南山区阳光社区健康服务中心,01-000268,深圳市南山区阳光社区健康服务中心::01-000268,肺通气功能正常,2,train,276,272,1.0147058823529411
row_000515__200cb485b120447fa3e4df834154b04a,515,200cb485b120447fa3e4df834154b04a,深圳市南山区阳光社区健康服务中心,01-000268,深圳市南山区阳光社区健康服务中心::01-000268,肺通气功能正常,2,train,276,272,1.0147058823529411
row_000516__fbc7f175bb674ab587aa9acff09c65ab,516,fbc7f175bb674ab587aa9acff09c65ab,深圳市南山区高新社区健康服务中心,01-000210,深圳市南山区高新社区健康服务中心::01-000210,肺通气功能正常,2,train,328,339,1.0335365853658536
row_000517__866193c799644d3fbd458f2c723dcaf0,517,866193c799644d3fbd458f2c723dcaf0,深圳市南山区高新社区健康服务中心,01-000210,深圳市南山区高新社区健康服务中心::01-000210,肺通气功能正常,2,train,324,328,1.0123456790123457
row_000518__2b959a60486847e4943fba121204a9fc,518,2b959a60486847e4943fba121204a9fc,深圳市南山区高新社区健康服务中心,01-000210,深圳市南山区高新社区健康服务中心::01-000210,肺通气功能正常,2,train,319,304,1.049342105263158
row_000519__07ee56d8839d423a90d6f19e33aebce2,519,07ee56d8839d423a90d6f19e33aebce2,高埗社区卫生服务中心,01-000084,高埗社区卫生服务中心::01-000084,阻塞性通气功能障碍,3,train,323,335,1.0371517027863777
row_000520__18e108f36152468fb2b5ce10f42e238f,520,18e108f36152468fb2b5ce10f42e238f,高埗社区卫生服务中心,01-000084,高埗社区卫生服务中心::01-000084,阻塞性通气功能障碍,3,train,326,330,1.0122699386503067
row_000521__5c3a20dec34a450087897b3ed8fa67f8,521,5c3a20dec34a450087897b3ed8fa67f8,高埗社区卫生服务中心,01-000084,高埗社区卫生服务中心::01-000084,阻塞性通气功能障碍,3,train,323,325,1.0061919504643964
row_000525__93e1f8358831469db88f7231c1adb300,525,93e1f8358831469db88f7231c1adb300,深圳市南山区南光社区健康服务中心,01-000282,深圳市南山区南光社区健康服务中心::01-000282,肺通气功能正常,2,train,276,272,1.0147058823529411
row_000526__d7426db686824fc0ad73809a0e220c8f,526,d7426db686824fc0ad73809a0e220c8f,深圳市南山区南光社区健康服务中心,01-000282,深圳市南山区南光社区健康服务中心::01-000282,肺通气功能正常,2,train,280,276,1.0144927536231885
row_000527__a68014b2783f4a96b6b805802827e64d,527,a68014b2783f4a96b6b805802827e64d,深圳市南山区南光社区健康服务中心,01-000282,深圳市南山区南光社区健康服务中心::01-000282,肺通气功能正常,2,train,272,276,1.0147058823529411
row_000528__a95f76558ae44b0aa2a1e22348adee07,528,a95f76558ae44b0aa2a1e22348adee07,东莞市塘厦镇卫生服务中心,01-000634,东莞市塘厦镇卫生服务中心::01-000634,肺通气功能正常,2,train,302,302,1.0
row_000531__b9e4a2feb98141ce8ca69accfd1ed9fe,531,b9e4a2feb98141ce8ca69accfd1ed9fe,佛山市南海区盐步医院,01-000447,佛山市南海区盐步医院::01-000447,肺通气功能正常,2,train,504,433,1.163972286374134
row_000532__881bda8a07e44cebbec1a33f0a92c254,532,881bda8a07e44cebbec1a33f0a92c254,佛山市南海区盐步医院,01-000447,佛山市南海区盐步医院::01-000447,肺通气功能正常,2,train,497,473,1.0507399577167018
row_000533__9634dbabe9f14a4590cd084ed97d154f,533,9634dbabe9f14a4590cd084ed97d154f,佛山市南海区盐步医院,01-000447,佛山市南海区盐步医院::01-000447,肺通气功能正常,2,train,507,465,1.0903225806451613
row_000534__c8ef903f0248403e9249b01f1d576662,534,c8ef903f0248403e9249b01f1d576662,佛山市南海区盐步医院,01-001060,佛山市南海区盐步医院::01-001060,肺通气功能正常,2,val,264,263,1.0038022813688212
row_000535__bfc22c05c7c9471d859d838d2455bc4a,535,bfc22c05c7c9471d859d838d2455bc4a,佛山市南海区盐步医院,01-001060,佛山市南海区盐步医院::01-001060,肺通气功能正常,2,val,271,268,1.0111940298507462
row_000536__dbc9c6d86eb94244b3bbde3b7f604300,536,dbc9c6d86eb94244b3bbde3b7f604300,佛山市南海区盐步医院,01-001060,佛山市南海区盐步医院::01-001060,肺通气功能正常,2,val,265,263,1.0076045627376427
row_000537__6513c30d8fcd4fb5a59dc51ed3f42ec5,537,6513c30d8fcd4fb5a59dc51ed3f42ec5,善心体检,01-008054,善心体检::01-008054,阻塞性通气功能障碍,3,train,384,384,1.0
row_000538__cc998d481ee24b75b3ffbbd572e6eb12,538,cc998d481ee24b75b3ffbbd572e6eb12,善心体检,01-008054,善心体检::01-008054,阻塞性通气功能障碍,3,train,381,357,1.0672268907563025
row_000539__3ea9b6c0489747268db497b3936ea0b1,539,3ea9b6c0489747268db497b3936ea0b1,善心体检,01-008054,善心体检::01-008054,阻塞性通气功能障碍,3,train,384,384,1.0
row_000542__ff3390eb07d84281a930d97d2430effe,542,ff3390eb07d84281a930d97d2430effe,中山市沙溪镇社区卫生服务中心,01-000162,中山市沙溪镇社区卫生服务中心::01-000162,限制性通气功能障碍,1,train,307,240,1.2791666666666666
row_000543__e03d38573b6e485b9918c68c1a90c046,543,e03d38573b6e485b9918c68c1a90c046,深圳市南山区新围社区健康服务中心,01-000265,深圳市南山区新围社区健康服务中心::01-000265,限制性通气功能障碍,1,train,199,152,1.3092105263157894
row_000546__be77de539d36461b94ecae1e30fa9042,546,be77de539d36461b94ecae1e30fa9042,衙边社区健康服务中心,01-000520,衙边社区健康服务中心::01-000520,限制性通气功能障碍,1,train,230,215,1.069767441860465
row_000547__38d8ee5feba54b1cb6030da33da0ec01,547,38d8ee5feba54b1cb6030da33da0ec01,衙边社区健康服务中心,01-000520,衙边社区健康服务中心::01-000520,限制性通气功能障碍,1,train,174,199,1.1436781609195403
row_000548__712d569914354d4eb865920cb9189ac1,548,712d569914354d4eb865920cb9189ac1,衙边社区健康服务中心,01-000520,衙边社区健康服务中心::01-000520,限制性通气功能障碍,1,train,221,182,1.2142857142857142
row_000554__1f9186558eb641b38491809640bfe390,554,1f9186558eb641b38491809640bfe390,广州市荔湾区逢源街社区卫生服务中心,01-000438,广州市荔湾区逢源街社区卫生服务中心::01-000438,小气道功能障碍,6,train,209,177,1.1807909604519775
row_000555__88ccf072f1204c458b06aba9e7e88c16,555,88ccf072f1204c458b06aba9e7e88c16,封开县南丰镇中心卫生院,01-000777,封开县南丰镇中心卫生院::01-000777,肺通气功能正常,2,train,260,258,1.0077519379844961
row_000556__2291c5a0c46c4f108531ef1bd64b1840,556,2291c5a0c46c4f108531ef1bd64b1840,封开县南丰镇中心卫生院,01-000777,封开县南丰镇中心卫生院::01-000777,肺通气功能正常,2,train,272,275,1.0110294117647058
row_000558__6045bf7cb0384c0a8cf9a217b9eefaf1,558,6045bf7cb0384c0a8cf9a217b9eefaf1,深圳市南山区高新社区健康服务中心,01-000161,深圳市南山区高新社区健康服务中心::01-000161,限制性通气功能障碍,1,train,239,200,1.195
row_000559__116434a26b40455e9947a2735e6605a7,559,116434a26b40455e9947a2735e6605a7,深圳市南山区高新社区健康服务中心,01-000161,深圳市南山区高新社区健康服务中心::01-000161,限制性通气功能障碍,1,train,239,228,1.0482456140350878
row_000560__c8ed0f9233e044f8b5f55c0f990c0090,560,c8ed0f9233e044f8b5f55c0f990c0090,深圳市南山区高新社区健康服务中心,01-000161,深圳市南山区高新社区健康服务中心::01-000161,限制性通气功能障碍,1,train,256,252,1.0158730158730158
row_000561__e3705fb04436433da6dd5c038d218435,561,e3705fb04436433da6dd5c038d218435,深圳市南山区月亮湾社区健康服务中心,01-000217,深圳市南山区月亮湾社区健康服务中心::01-000217,肺通气功能正常,2,train,276,280,1.0144927536231885
row_000562__faaf4e4bfe4b4bf6b6fc47766ece042f,562,faaf4e4bfe4b4bf6b6fc47766ece042f,深圳市南山区月亮湾社区健康服务中心,01-000217,深圳市南山区月亮湾社区健康服务中心::01-000217,肺通气功能正常,2,train,276,272,1.0147058823529411
row_000563__b013f7c9416d4bb78afb962f4da7989b,563,b013f7c9416d4bb78afb962f4da7989b,深圳市南山区月亮湾社区健康服务中心,01-000217,深圳市南山区月亮湾社区健康服务中心::01-000217,肺通气功能正常,2,train,279,264,1.0568181818181819
row_000564__d2b1a3974e2e402fb3d78b3b2251843f,564,d2b1a3974e2e402fb3d78b3b2251843f,深圳市南山区月亮湾社区健康服务中心,01-000248,深圳市南山区月亮湾社区健康服务中心::01-000248,非特异性通气功能障碍,5,train,255,244,1.0450819672131149
row_000565__584f9de2e2844aa292ba380954b1da4c,565,584f9de2e2844aa292ba380954b1da4c,深圳市南山区月亮湾社区健康服务中心,01-000248,深圳市南山区月亮湾社区健康服务中心::01-000248,非特异性通气功能障碍,5,train,259,228,1.1359649122807018
row_000566__29ad25dd598944508d3e93426adfdae6,566,29ad25dd598944508d3e93426adfdae6,深圳市南山区月亮湾社区健康服务中心,01-000248,深圳市南山区月亮湾社区健康服务中心::01-000248,非特异性通气功能障碍,5,train,247,232,1.0646551724137931
row_000567__c3a0e2173ece49119c69613f92b7ea55,567,c3a0e2173ece49119c69613f92b7ea55,佛山复星禅城医院,01-000167,佛山复星禅城医院::01-000167,肺通气功能正常,2,train,300,268,1.1194029850746268
row_000568__7b84e18c49314a3cae95f672a46e64b6,568,7b84e18c49314a3cae95f672a46e64b6,马鞍山社区健康服务中心,01-000375,马鞍山社区健康服务中心::01-000375,肺通气功能正常,2,train,250,231,1.0822510822510822
row_000569__8d5ad4d0be37498eb491c6bc2b3654bc,569,8d5ad4d0be37498eb491c6bc2b3654bc,马鞍山社区健康服务中心,01-000375,马鞍山社区健康服务中心::01-000375,肺通气功能正常,2,train,247,235,1.0510638297872341
row_000570__fbd8c624407d486f90c7a68e17b1f2ad,570,fbd8c624407d486f90c7a68e17b1f2ad,马鞍山社区健康服务中心,01-000375,马鞍山社区健康服务中心::01-000375,肺通气功能正常,2,train,250,231,1.0822510822510822
row_000572__547365569fad433e9d969ef0bcd29bcd,572,547365569fad433e9d969ef0bcd29bcd,广州市白云区同德街社区卫生服务中心,01-000225,广州市白云区同德街社区卫生服务中心::01-000225,肺通气功能正常,2,test,407,355,1.1464788732394366
row_000573__75cdaf2c360842dca6a03fa3b88756a9,573,75cdaf2c360842dca6a03fa3b88756a9,广州市白云区同德街社区卫生服务中心,01-000225,广州市白云区同德街社区卫生服务中心::01-000225,肺通气功能正常,2,test,463,429,1.0792540792540792
row_000574__f92f9b9a87b545e6b8d5aa5ba198732c,574,f92f9b9a87b545e6b8d5aa5ba198732c,广州市白云区同德街社区卫生服务中心,01-000225,广州市白云区同德街社区卫生服务中心::01-000225,肺通气功能正常,2,test,447,447,1.0
row_000575__bf85d3d182354aa4befe711e9ffca918,575,bf85d3d182354aa4befe711e9ffca918,深圳市南山区大汪社区健康服务中心,01-000203,深圳市南山区大汪社区健康服务中心::01-000203,肺通气功能正常,2,val,315,252,1.25
row_000576__6958ba539d2a438d80ab65d5a88e2a6c,576,6958ba539d2a438d80ab65d5a88e2a6c,深圳市南山区大汪社区健康服务中心,01-000203,深圳市南山区大汪社区健康服务中心::01-000203,肺通气功能正常,2,val,376,372,1.010752688172043
row_000577__70060745b9cd408b8b5b1dd552862a59,577,70060745b9cd408b8b5b1dd552862a59,深圳市南山区大汪社区健康服务中心,01-000203,深圳市南山区大汪社区健康服务中心::01-000203,肺通气功能正常,2,val,391,372,1.0510752688172043
row_000578__04f322a7d11e4544b54fb1e9a0b083ef,578,04f322a7d11e4544b54fb1e9a0b083ef,善心体检,01-008491,善心体检::01-008491,阻塞性通气功能障碍,3,val,444,438,1.0136986301369864
row_000579__78e628c376c046748059043ff76fe0fa,579,78e628c376c046748059043ff76fe0fa,善心体检,01-008491,善心体检::01-008491,阻塞性通气功能障碍,3,val,428,435,1.016355140186916
row_000580__23c68105358943ea84a90dcc8d5d5d40,580,23c68105358943ea84a90dcc8d5d5d40,善心体检,01-008491,善心体检::01-008491,阻塞性通气功能障碍,3,val,454,423,1.0732860520094563
row_000581__a3f57c412ba84ac89e1417fb97008971,581,a3f57c412ba84ac89e1417fb97008971,汕头潮阳区文光街道社区卫生服务中心,01-000232,汕头潮阳区文光街道社区卫生服务中心::01-000232,限制性通气功能障碍,1,train,169,157,1.0764331210191083
row_000582__05c06f3ebae142f5acafadf9dab3dfc6,582,05c06f3ebae142f5acafadf9dab3dfc6,汕头潮阳区文光街道社区卫生服务中心,01-000232,汕头潮阳区文光街道社区卫生服务中心::01-000232,限制性通气功能障碍,1,train,178,176,1.0113636363636365
row_000583__430d5ffa39a34cf09a440a0c7b391228,583,430d5ffa39a34cf09a440a0c7b391228,汕头潮阳区文光街道社区卫生服务中心,01-000232,汕头潮阳区文光街道社区卫生服务中心::01-000232,限制性通气功能障碍,1,train,164,153,1.0718954248366013
row_000584__6d9756ebbb934b3bb8494384a017fe18,584,6d9756ebbb934b3bb8494384a017fe18,善心体检,01-011730,善心体检::01-011730,肺通气功能正常,2,train,245,213,1.1502347417840375
row_000585__cf43035c512746d0b37bab6df1260046,585,cf43035c512746d0b37bab6df1260046,善心体检,01-011730,善心体检::01-011730,肺通气功能正常,2,train,240,190,1.263157894736842
row_000586__efe45020ef4744ffb9a4d40aeca4da52,586,efe45020ef4744ffb9a4d40aeca4da52,善心体检,01-011730,善心体检::01-011730,肺通气功能正常,2,train,246,217,1.1336405529953917
row_000589__59c808864d6b48b48cb8f12a87907637,589,59c808864d6b48b48cb8f12a87907637,深圳市南山区荔湾社区健康服务中心,01-000175,深圳市南山区荔湾社区健康服务中心::01-000175,混合性通气功能障碍,4,test,199,176,1.1306818181818181
row_000590__c31205a50214457ab3ef5eb6ba3b8750,590,c31205a50214457ab3ef5eb6ba3b8750,深圳市福田区泰源社区健康服务中心,01-000256,深圳市福田区泰源社区健康服务中心::01-000256,肺通气功能正常,2,test,360,336,1.0714285714285714
row_000591__c3337c1c14f44366a9f7533154a9fced,591,c3337c1c14f44366a9f7533154a9fced,深圳市福田区泰源社区健康服务中心,01-000256,深圳市福田区泰源社区健康服务中心::01-000256,肺通气功能正常,2,test,361,365,1.0110803324099722
row_000592__f93547d116694914abe0b1d3fe37b6cd,592,f93547d116694914abe0b1d3fe37b6cd,深圳市福田区泰源社区健康服务中心,01-000256,深圳市福田区泰源社区健康服务中心::01-000256,肺通气功能正常,2,test,373,358,1.041899441340782
row_000594__8def1c941fdc4bea95aa318cfa2912e5,594,8def1c941fdc4bea95aa318cfa2912e5,深圳市南山区白芒社区健康服务中心,01-000193,深圳市南山区白芒社区健康服务中心::01-000193,非特异性通气功能障碍,5,train,263,248,1.060483870967742
row_000595__0624051b01a5432f8a24c9cd5e5348e9,595,0624051b01a5432f8a24c9cd5e5348e9,深圳市南山区白芒社区健康服务中心,01-000193,深圳市南山区白芒社区健康服务中心::01-000193,非特异性通气功能障碍,5,train,244,256,1.0491803278688525
row_000596__cd9fa5ff8a2d430b9b90067b2b667645,596,cd9fa5ff8a2d430b9b90067b2b667645,善心体检,01-011659,善心体检::01-011659,肺通气功能正常,2,val,486,417,1.1654676258992807
row_000597__9fe2abf72a774be0a322aa76f2faafc7,597,9fe2abf72a774be0a322aa76f2faafc7,善心体检,01-011659,善心体检::01-011659,肺通气功能正常,2,val,483,434,1.1129032258064515
row_000598__42bd569f9bbf4d928759ac9f1e05972c,598,42bd569f9bbf4d928759ac9f1e05972c,善心体检,01-011659,善心体检::01-011659,肺通气功能正常,2,val,493,454,1.0859030837004404
row_000599__06389c2efa5a44b6af5292a61eb63856,599,06389c2efa5a44b6af5292a61eb63856,遂溪县遂城镇卫生院,01-000195,遂溪县遂城镇卫生院::01-000195,混合性通气功能障碍,4,val,232,215,1.0790697674418606
row_000600__79e9c0872bf843fcb0de862ff5b10bb2,600,79e9c0872bf843fcb0de862ff5b10bb2,遂溪县遂城镇卫生院,01-000195,遂溪县遂城镇卫生院::01-000195,混合性通气功能障碍,4,val,228,218,1.0458715596330275
row_000601__6e32351ce51e48b09259ce2b9e45ead6,601,6e32351ce51e48b09259ce2b9e45ead6,遂溪县遂城镇卫生院,01-000195,遂溪县遂城镇卫生院::01-000195,混合性通气功能障碍,4,val,219,188,1.1648936170212767
row_000602__dba4665221ef49b7baaa65f44a7c5fad,602,dba4665221ef49b7baaa65f44a7c5fad,深圳市南山区福光社区健康服务中心,01-000266,深圳市南山区福光社区健康服务中心::01-000266,肺通气功能正常,2,train,388,384,1.0104166666666667
row_000603__6a1de0604d804811b67e20af30d8c465,603,6a1de0604d804811b67e20af30d8c465,深圳市南山区福光社区健康服务中心,01-000266,深圳市南山区福光社区健康服务中心::01-000266,肺通气功能正常,2,train,384,384,1.0
row_000604__66dae1253b7644f5b15f27ee39cc0049,604,66dae1253b7644f5b15f27ee39cc0049,深圳市南山区福光社区健康服务中心,01-000266,深圳市南山区福光社区健康服务中心::01-000266,肺通气功能正常,2,train,384,380,1.0105263157894737
row_000605__a80f0a68184942318fa4a27e5c4fea71,605,a80f0a68184942318fa4a27e5c4fea71,善心体检,01-010457,善心体检::01-010457,肺通气功能正常,2,train,288,285,1.0105263157894737
row_000606__6d5d1497fbb5492d97f09bf85c216dce,606,6d5d1497fbb5492d97f09bf85c216dce,善心体检,01-010457,善心体检::01-010457,肺通气功能正常,2,train,287,250,1.148
row_000607__7caef6a4fdc242cfbe48e89dc372cf7c,607,7caef6a4fdc242cfbe48e89dc372cf7c,善心体检,01-010457,善心体检::01-010457,肺通气功能正常,2,train,279,267,1.0449438202247192
row_000611__2c28ffaad1fd4e43b109b0325483de30,611,2c28ffaad1fd4e43b109b0325483de30,善心体检,01-009582,善心体检::01-009582,肺通气功能正常,2,train,307,295,1.040677966101695
row_000612__d168053835e84786a710e4c60b4c642f,612,d168053835e84786a710e4c60b4c642f,善心体检,01-009582,善心体检::01-009582,肺通气功能正常,2,train,303,284,1.0669014084507042
row_000613__2c91d118deb54702bdf75f3c3fdb4bfc,613,2c91d118deb54702bdf75f3c3fdb4bfc,善心体检,01-009582,善心体检::01-009582,肺通气功能正常,2,train,302,275,1.0981818181818181
row_000614__cb3c927f50534c9faada35968053e73e,614,cb3c927f50534c9faada35968053e73e,佛山市南海区盐步医院,01-001202,佛山市南海区盐步医院::01-001202,肺通气功能正常,2,val,305,276,1.105072463768116
row_000615__408ab3fd393d47a385a0ae99f56b6c36,615,408ab3fd393d47a385a0ae99f56b6c36,佛山市南海区盐步医院,01-001202,佛山市南海区盐步医院::01-001202,肺通气功能正常,2,val,302,295,1.023728813559322
row_000616__21213c5d844646b7b9be9aa809f9d6af,616,21213c5d844646b7b9be9aa809f9d6af,佛山市南海区盐步医院,01-001202,佛山市南海区盐步医院::01-001202,肺通气功能正常,2,val,309,278,1.1115107913669064
row_000617__6e92c23d3bf8465b815c4577b7293cfa,617,6e92c23d3bf8465b815c4577b7293cfa,善心体检,01-010816,善心体检::01-010816,肺通气功能正常,2,train,336,300,1.12
row_000618__a6ce4bf1abe94a13974ac36576f1afd7,618,a6ce4bf1abe94a13974ac36576f1afd7,善心体检,01-010816,善心体检::01-010816,肺通气功能正常,2,train,324,313,1.035143769968051
row_000619__077ac89fd9a6438899b6407e4f103d6c,619,077ac89fd9a6438899b6407e4f103d6c,善心体检,01-010816,善心体检::01-010816,肺通气功能正常,2,train,339,322,1.0527950310559007
row_000620__4c5fb51c9dd642baa6533252f92ea777,620,4c5fb51c9dd642baa6533252f92ea777,汕头潮阳区金灶镇卫生院,01-000076,汕头潮阳区金灶镇卫生院::01-000076,不可用/不明确,0,test,321,330,1.02803738317757
row_000621__82ec69e70d994dbb95f5d367eadf5469,621,82ec69e70d994dbb95f5d367eadf5469,汕头潮阳区金灶镇卫生院,01-000076,汕头潮阳区金灶镇卫生院::01-000076,不可用/不明确,0,test,328,335,1.021341463414634
row_000622__37dbdef1f8944f9784f7c192f12cf74c,622,37dbdef1f8944f9784f7c192f12cf74c,汕头潮阳区金灶镇卫生院,01-000076,汕头潮阳区金灶镇卫生院::01-000076,不可用/不明确,0,test,332,325,1.0215384615384615
row_000623__cf540f0c7dfb4495a63af8cd202537ea,623,cf540f0c7dfb4495a63af8cd202537ea,马鞍山社区健康服务中心,01-000359,马鞍山社区健康服务中心::01-000359,限制性通气功能障碍,1,train,290,348,1.2
row_000624__f5594b988fbc498a9f080dfc021c40a9,624,f5594b988fbc498a9f080dfc021c40a9,马鞍山社区健康服务中心,01-000359,马鞍山社区健康服务中心::01-000359,限制性通气功能障碍,1,train,375,388,1.0346666666666666
row_000625__03622586a6a74f2dbe7f8929e5a8718a,625,03622586a6a74f2dbe7f8929e5a8718a,马鞍山社区健康服务中心,01-000359,马鞍山社区健康服务中心::01-000359,限制性通气功能障碍,1,train,333,288,1.15625
row_000626__2eac6e3a13d84a308998058ee5b45196,626,2eac6e3a13d84a308998058ee5b45196,深圳市南山区荔湾社区健康服务中心,01-000180,深圳市南山区荔湾社区健康服务中心::01-000180,阻塞性通气功能障碍,3,train,320,240,1.3333333333333333
row_000629__40f81b51833148efa5fa951f35d008fc,629,40f81b51833148efa5fa951f35d008fc,遂溪县黄略镇卫生院,01-000488,遂溪县黄略镇卫生院::01-000488,肺通气功能正常,2,train,334,253,1.3201581027667983
row_000633__d0ad9d3f76d4464dbaa139b36526b7b4,633,d0ad9d3f76d4464dbaa139b36526b7b4,中山市坦洲镇社区卫生服务中心,01-000216,中山市坦洲镇社区卫生服务中心::01-000216,限制性通气功能障碍,1,test,289,278,1.039568345323741
row_000634__30c63186408546329ae17af52cb1a8ef,634,30c63186408546329ae17af52cb1a8ef,中山市坦洲镇社区卫生服务中心,01-000216,中山市坦洲镇社区卫生服务中心::01-000216,限制性通气功能障碍,1,test,279,228,1.2236842105263157
row_000635__680161e8a8654527b463ab6add79ed2d,635,680161e8a8654527b463ab6add79ed2d,衙边社区健康服务中心,01-000540,衙边社区健康服务中心::01-000540,肺通气功能正常,2,val,262,269,1.0267175572519085
row_000636__e86f414a101f411ebb7f7fef0208243d,636,e86f414a101f411ebb7f7fef0208243d,衙边社区健康服务中心,01-000540,衙边社区健康服务中心::01-000540,肺通气功能正常,2,val,278,275,1.010909090909091
row_000637__d2dfb89348b044689fa58ed91213e388,637,d2dfb89348b044689fa58ed91213e388,衙边社区健康服务中心,01-000540,衙边社区健康服务中心::01-000540,肺通气功能正常,2,val,268,278,1.037313432835821
row_000638__8bf80cfa14304a2685d5778da67a4690,638,8bf80cfa14304a2685d5778da67a4690,沙头社区健康服务中心,01-000525,沙头社区健康服务中心::01-000525,阻塞性通气功能障碍,3,train,246,227,1.0837004405286343
row_000640__59499333a32e4c71af74ee6ea6fed3b2,640,59499333a32e4c71af74ee6ea6fed3b2,沙头社区健康服务中心,01-000525,沙头社区健康服务中心::01-000525,阻塞性通气功能障碍,3,train,298,283,1.0530035335689045
row_000641__402517ef3bc745dfb28ce30aa55fb28a,641,402517ef3bc745dfb28ce30aa55fb28a,深圳市南山区大汪社区健康服务中心,01-000200,深圳市南山区大汪社区健康服务中心::01-000200,阻塞性通气功能障碍,3,val,292,288,1.0138888888888888
row_000642__992fe21ad67c48dbb366801dcf61d7e2,642,992fe21ad67c48dbb366801dcf61d7e2,深圳市南山区大汪社区健康服务中心,01-000200,深圳市南山区大汪社区健康服务中心::01-000200,阻塞性通气功能障碍,3,val,331,296,1.1182432432432432
row_000643__9d9a50a3bab647969c867605192dbf74,643,9d9a50a3bab647969c867605192dbf74,深圳市南山区大汪社区健康服务中心,01-000200,深圳市南山区大汪社区健康服务中心::01-000200,阻塞性通气功能障碍,3,val,336,340,1.0119047619047619
row_000644__ccaaa3506f104f0a90b8b395bb1c296f,644,ccaaa3506f104f0a90b8b395bb1c296f,广州市越秀区光塔街社区卫生服务中心,01-000213,广州市越秀区光塔街社区卫生服务中心::01-000213,非特异性通气功能障碍,5,train,306,280,1.0928571428571427
row_000645__f5ee009302364d91adeedbc765f6b1a2,645,f5ee009302364d91adeedbc765f6b1a2,广州市越秀区光塔街社区卫生服务中心,01-000213,广州市越秀区光塔街社区卫生服务中心::01-000213,非特异性通气功能障碍,5,train,332,300,1.1066666666666667
row_000646__73be1f76737b405481b026bbb4a69b64,646,73be1f76737b405481b026bbb4a69b64,广州市越秀区光塔街社区卫生服务中心,01-000213,广州市越秀区光塔街社区卫生服务中心::01-000213,非特异性通气功能障碍,5,train,320,301,1.06312292358804
row_000647__4e1a34e44b2d4e1e8b3f9e939ffe248e,647,4e1a34e44b2d4e1e8b3f9e939ffe248e,佛山市南海区盐步医院,01-000554,佛山市南海区盐步医院::01-000554,肺通气功能正常,2,train,507,490,1.0346938775510204
row_000648__d31a6b07d7e94871b4066543fb8fc337,648,d31a6b07d7e94871b4066543fb8fc337,佛山市南海区盐步医院,01-000554,佛山市南海区盐步医院::01-000554,肺通气功能正常,2,train,513,515,1.003898635477583
row_000649__10d6d458198a457b8683a5ff16a17dd2,649,10d6d458198a457b8683a5ff16a17dd2,佛山市南海区盐步医院,01-000554,佛山市南海区盐步医院::01-000554,肺通气功能正常,2,train,514,488,1.0532786885245902
row_000650__b8d03b83cfca4f439a6b5842656fa1d0,650,b8d03b83cfca4f439a6b5842656fa1d0,深圳市南山区南园社区健康服务中心,01-000240,深圳市南山区南园社区健康服务中心::01-000240,肺通气功能正常,2,train,319,284,1.1232394366197183
row_000651__94cd2df8c8884c728605e26ccfa2fea5,651,94cd2df8c8884c728605e26ccfa2fea5,深圳市南山区南园社区健康服务中心,01-000240,深圳市南山区南园社区健康服务中心::01-000240,肺通气功能正常,2,train,363,276,1.315217391304348
row_000653__0ae25f42701145549fc5d30abe811aff,653,0ae25f42701145549fc5d30abe811aff,深圳市南山区南光社区健康服务中心,01-000284,深圳市南山区南光社区健康服务中心::01-000284,混合性通气功能障碍,4,train,224,232,1.0357142857142858
row_000654__969783bfbc7e4bc184ff3a356aef9a6d,654,969783bfbc7e4bc184ff3a356aef9a6d,深圳市南山区南光社区健康服务中心,01-000284,深圳市南山区南光社区健康服务中心::01-000284,混合性通气功能障碍,4,train,224,228,1.0178571428571428
row_000655__996905e06fc643a28da785f0694bd66b,655,996905e06fc643a28da785f0694bd66b,深圳市南山区南光社区健康服务中心,01-000284,深圳市南山区南光社区健康服务中心::01-000284,混合性通气功能障碍,4,train,216,212,1.0188679245283019
row_000656__9eb687a71abb4df0a1533f2e60525df8,656,9eb687a71abb4df0a1533f2e60525df8,广州市越秀区光塔街社区卫生服务中心,01-000145,广州市越秀区光塔街社区卫生服务中心::01-000145,阻塞性通气功能障碍,3,train,186,205,1.1021505376344085
row_000657__bb919e537b5a44479e1ef1984c5af0dd,657,bb919e537b5a44479e1ef1984c5af0dd,广州市越秀区光塔街社区卫生服务中心,01-000145,广州市越秀区光塔街社区卫生服务中心::01-000145,阻塞性通气功能障碍,3,train,193,208,1.077720207253886
row_000658__1bd47f94c0b94a3da4f28caa72395ad1,658,1bd47f94c0b94a3da4f28caa72395ad1,广州市越秀区光塔街社区卫生服务中心,01-000145,广州市越秀区光塔街社区卫生服务中心::01-000145,阻塞性通气功能障碍,3,train,176,195,1.1079545454545454
row_000660__349204c99dc24ed288d1bf4aa54a7dcb,660,349204c99dc24ed288d1bf4aa54a7dcb,深圳市南山区田厦社区健康服务中心,01-000560,深圳市南山区田厦社区健康服务中心::01-000560,阻塞性通气功能障碍,3,train,295,240,1.2291666666666667
row_000662__122825dcb5e84a22b268ac22b3da6ddd,662,122825dcb5e84a22b268ac22b3da6ddd,佛山市南海区第七人民医院,01-000349,佛山市南海区第七人民医院::01-000349,混合性通气功能障碍,4,train,372,407,1.0940860215053763
row_000663__9b594fa90d044220b7fa8732cd96ced2,663,9b594fa90d044220b7fa8732cd96ced2,佛山市南海区第七人民医院,01-000349,佛山市南海区第七人民医院::01-000349,混合性通气功能障碍,4,train,369,414,1.1219512195121952
row_000664__d02dec86cb0e4d6d9fed40b24ca1eff5,664,d02dec86cb0e4d6d9fed40b24ca1eff5,佛山市南海区第七人民医院,01-000349,佛山市南海区第七人民医院::01-000349,混合性通气功能障碍,4,train,329,409,1.243161094224924
row_000665__60bfcc098d464113aa625799afccbc09,665,60bfcc098d464113aa625799afccbc09,佛山市南海区盐步医院,01-000576,佛山市南海区盐步医院::01-000576,肺通气功能正常,2,test,371,370,1.0027027027027027
row_000666__bf0d55664bf54352afd2f7c148138013,666,bf0d55664bf54352afd2f7c148138013,佛山市南海区盐步医院,01-000576,佛山市南海区盐步医院::01-000576,肺通气功能正常,2,test,367,345,1.063768115942029
row_000667__9d6caf8e658b47569b9e240733df1596,667,9d6caf8e658b47569b9e240733df1596,佛山市南海区盐步医院,01-000576,佛山市南海区盐步医院::01-000576,肺通气功能正常,2,test,370,373,1.008108108108108
row_000668__f6a0236a3ac94c72ae9d4c8ca4d6f5f0,668,f6a0236a3ac94c72ae9d4c8ca4d6f5f0,深圳市南山区西丽社区健康服务中心,01-000282,深圳市南山区西丽社区健康服务中心::01-000282,限制性通气功能障碍,1,train,260,260,1.0
row_000669__37b3519edf744368819d7ecabeea7f42,669,37b3519edf744368819d7ecabeea7f42,深圳市南山区西丽社区健康服务中心,01-000282,深圳市南山区西丽社区健康服务中心::01-000282,限制性通气功能障碍,1,train,260,260,1.0
row_000670__d82c82abb99e4dae8462d77f3a5f961c,670,d82c82abb99e4dae8462d77f3a5f961c,深圳市南山区西丽社区健康服务中心,01-000282,深圳市南山区西丽社区健康服务中心::01-000282,限制性通气功能障碍,1,train,272,272,1.0
row_000672__de1e187b9cfa46998f44160280fcba3b,672,de1e187b9cfa46998f44160280fcba3b,深圳市南山区莲城社区健康服务中心,01-000237,深圳市南山区莲城社区健康服务中心::01-000237,肺通气功能正常,2,train,476,396,1.202020202020202
row_000673__de6392120e3448b090150dd64881564b,673,de6392120e3448b090150dd64881564b,深圳市南山区莲城社区健康服务中心,01-000237,深圳市南山区莲城社区健康服务中心::01-000237,肺通气功能正常,2,train,463,404,1.146039603960396
row_000674__897e4902a11b4565be843fedb72dcfec,674,897e4902a11b4565be843fedb72dcfec,善心体检,01-010933,善心体检::01-010933,肺通气功能正常,2,train,364,374,1.0274725274725274
row_000675__b6c59058d65b43b9b163664724438400,675,b6c59058d65b43b9b163664724438400,善心体检,01-010933,善心体检::01-010933,肺通气功能正常,2,train,379,368,1.0298913043478262
row_000676__d7f5020cfdd149a2b9234dff30404192,676,d7f5020cfdd149a2b9234dff30404192,善心体检,01-010933,善心体检::01-010933,肺通气功能正常,2,train,365,313,1.1661341853035143
row_000677__5009021a503d4dda84d5da4f9341f374,677,5009021a503d4dda84d5da4f9341f374,深圳市南山区阳光社区健康服务中心,01-000301,深圳市南山区阳光社区健康服务中心::01-000301,肺通气功能正常,2,test,440,436,1.0091743119266054
row_000678__c9b99ed9abe64ef2899a80b995d67412,678,c9b99ed9abe64ef2899a80b995d67412,深圳市南山区阳光社区健康服务中心,01-000301,深圳市南山区阳光社区健康服务中心::01-000301,肺通气功能正常,2,test,428,436,1.0186915887850467
row_000679__6f322dc776234b01b88b09da0b7d7894,679,6f322dc776234b01b88b09da0b7d7894,深圳市南山区阳光社区健康服务中心,01-000301,深圳市南山区阳光社区健康服务中心::01-000301,肺通气功能正常,2,test,424,420,1.0095238095238095
row_000680__2b94bd0282a94ec68e56e2dd64aedb69,680,2b94bd0282a94ec68e56e2dd64aedb69,深圳市南山区德意名居社区健康服务中心,01-000324,深圳市南山区德意名居社区健康服务中心::01-000324,混合性通气功能障碍,4,train,248,324,1.3064516129032258
row_000681__be75959a205a44fab69f50d3931209b8,681,be75959a205a44fab69f50d3931209b8,深圳市南山区德意名居社区健康服务中心,01-000324,深圳市南山区德意名居社区健康服务中心::01-000324,混合性通气功能障碍,4,train,220,247,1.1227272727272728
row_000682__232bc2a47b6c4853aad824c947ec59e8,682,232bc2a47b6c4853aad824c947ec59e8,深圳市南山区德意名居社区健康服务中心,01-000324,深圳市南山区德意名居社区健康服务中心::01-000324,混合性通气功能障碍,4,train,276,256,1.078125
row_000683__8f8578ff02774c5baf3135c01dfecdcd,683,8f8578ff02774c5baf3135c01dfecdcd,深圳市南山区南光社区健康服务中心,01-000218,深圳市南山区南光社区健康服务中心::01-000218,肺通气功能正常,2,train,207,192,1.078125
row_000684__3298f9995d6b470da0ddd037c6cbaee0,684,3298f9995d6b470da0ddd037c6cbaee0,深圳市南山区南光社区健康服务中心,01-000218,深圳市南山区南光社区健康服务中心::01-000218,肺通气功能正常,2,train,231,176,1.3125
row_000685__556d3386a4e5442f92e1c59a1c5b2071,685,556d3386a4e5442f92e1c59a1c5b2071,深圳市南山区南光社区健康服务中心,01-000218,深圳市南山区南光社区健康服务中心::01-000218,肺通气功能正常,2,train,228,228,1.0
row_000686__ea7a1f8d9d0f48658a8ead7986948b15,686,ea7a1f8d9d0f48658a8ead7986948b15,广州善心体检中心,01-000500,广州善心体检中心::01-000500,阻塞性通气功能障碍,3,test,339,278,1.2194244604316546
row_000687__b6e650d6960943a68f4d0e4b36959ed5,687,b6e650d6960943a68f4d0e4b36959ed5,广州善心体检中心,01-000500,广州善心体检中心::01-000500,阻塞性通气功能障碍,3,test,339,308,1.1006493506493507
row_000688__c510205aceca408b9b29533d98672321,688,c510205aceca408b9b29533d98672321,善心体检,01-010342,善心体检::01-010342,肺通气功能正常,2,train,523,463,1.1295896328293737
row_000689__66b25900dc764d5aa893a33cd3a57b87,689,66b25900dc764d5aa893a33cd3a57b87,善心体检,01-010342,善心体检::01-010342,肺通气功能正常,2,train,514,508,1.0118110236220472
row_000690__eddb87e2c2d147788113a90df2dd347e,690,eddb87e2c2d147788113a90df2dd347e,善心体检,01-010342,善心体检::01-010342,肺通气功能正常,2,train,524,498,1.0522088353413654
row_000693__60eecf108b434a7485f8196a31408279,693,60eecf108b434a7485f8196a31408279,广州市荔湾区逢源街社区卫生服务中心,01-000433,广州市荔湾区逢源街社区卫生服务中心::01-000433,阻塞性通气功能障碍,3,val,309,278,1.1115107913669064
row_000694__b4f5933dff3445209f33d24fce18a2e4,694,b4f5933dff3445209f33d24fce18a2e4,东莞市寮步镇社区卫生服务中心,01-001618,东莞市寮步镇社区卫生服务中心::01-001618,肺通气功能正常,2,train,312,300,1.04
row_000695__ac9ca2ea070f4cce90a1314db2f12f04,695,ac9ca2ea070f4cce90a1314db2f12f04,东莞市寮步镇社区卫生服务中心,01-001618,东莞市寮步镇社区卫生服务中心::01-001618,肺通气功能正常,2,train,317,280,1.1321428571428571
row_000696__40997e6f387f412c8b06a7b962ece2aa,696,40997e6f387f412c8b06a7b962ece2aa,东莞市寮步镇社区卫生服务中心,01-001618,东莞市寮步镇社区卫生服务中心::01-001618,肺通气功能正常,2,train,323,273,1.1831501831501832
row_000697__ac2ae8d3fa7f4a9882df6e73f88c46a4,697,ac2ae8d3fa7f4a9882df6e73f88c46a4,深圳市南山区福光社区健康服务中心,01-000281,深圳市南山区福光社区健康服务中心::01-000281,肺通气功能正常,2,train,236,176,1.3409090909090908
row_000698__ed75a05bc75b4bb197594c3e73923225,698,ed75a05bc75b4bb197594c3e73923225,深圳市南山区福光社区健康服务中心,01-000281,深圳市南山区福光社区健康服务中心::01-000281,肺通气功能正常,2,train,248,196,1.2653061224489797
row_000699__25f8282cdecb49e2ac20b4291f04dde7,699,25f8282cdecb49e2ac20b4291f04dde7,深圳市南山区福光社区健康服务中心,01-000281,深圳市南山区福光社区健康服务中心::01-000281,肺通气功能正常,2,train,236,200,1.18
row_000700__9fafa792468a40bf89f377d2a00a300d,700,9fafa792468a40bf89f377d2a00a300d,深圳市南山区龙海家园社区健康服务中心,01-000258,深圳市南山区龙海家园社区健康服务中心::01-000258,肺通气功能正常,2,test,372,368,1.0108695652173914
row_000701__62a853be472047b196833ff1ac3f0b5e,701,62a853be472047b196833ff1ac3f0b5e,深圳市南山区龙海家园社区健康服务中心,01-000258,深圳市南山区龙海家园社区健康服务中心::01-000258,肺通气功能正常,2,test,387,364,1.0631868131868132
row_000702__f2befcec2383404599262c572c961768,702,f2befcec2383404599262c572c961768,深圳市南山区龙海家园社区健康服务中心,01-000258,深圳市南山区龙海家园社区健康服务中心::01-000258,肺通气功能正常,2,test,380,384,1.0105263157894737
row_000703__a6369f16006a49a59312a2726bec7fd1,703,a6369f16006a49a59312a2726bec7fd1,佛山市南海区盐步医院,01-000490,佛山市南海区盐步医院::01-000490,不可用/不明确,0,train,405,413,1.019753086419753
row_000704__882ef82a160647a28e1f4fe5fc41b206,704,882ef82a160647a28e1f4fe5fc41b206,佛山市南海区盐步医院,01-000490,佛山市南海区盐步医院::01-000490,不可用/不明确,0,train,410,413,1.0073170731707317
row_000705__a0cd0aa50eb340b7b52a7e8990158e56,705,a0cd0aa50eb340b7b52a7e8990158e56,佛山市南海区盐步医院,01-000490,佛山市南海区盐步医院::01-000490,不可用/不明确,0,train,410,418,1.0195121951219512
row_000707__06ccddc840fd44949216d2ad95a7223d,707,06ccddc840fd44949216d2ad95a7223d,深圳市南山区白芒社区健康服务中心,01-000192,深圳市南山区白芒社区健康服务中心::01-000192,限制性通气功能障碍,1,train,299,288,1.0381944444444444
row_000708__844f2e19ae86461baf7163acfc9c85ca,708,844f2e19ae86461baf7163acfc9c85ca,深圳市南山区白芒社区健康服务中心,01-000192,深圳市南山区白芒社区健康服务中心::01-000192,限制性通气功能障碍,1,train,300,300,1.0
row_000710__81532d3806ad4e9cb0fefe1c3e6e86f3,710,81532d3806ad4e9cb0fefe1c3e6e86f3,深圳市坪山区人民医院三洋湖社区健康服务中心,01-000273,深圳市坪山区人民医院三洋湖社区健康服务中心::01-000273,肺通气功能正常,2,train,309,260,1.1884615384615385
row_000711__85eace4d933f43ad832c23ed4ae6ce26,711,85eace4d933f43ad832c23ed4ae6ce26,深圳市坪山区人民医院三洋湖社区健康服务中心,01-000273,深圳市坪山区人民医院三洋湖社区健康服务中心::01-000273,肺通气功能正常,2,train,322,315,1.0222222222222221
row_000712__6038b460399d4199b5179ec51c90e801,712,6038b460399d4199b5179ec51c90e801,善心体检,01-010978,善心体检::01-010978,肺通气功能正常,2,val,304,283,1.0742049469964665
row_000714__bd0f04a2af124856854529fe032f114e,714,bd0f04a2af124856854529fe032f114e,善心体检,01-010978,善心体检::01-010978,肺通气功能正常,2,val,310,271,1.1439114391143912
row_000715__bf3fa5946fdc4fd59333ec072a54f270,715,bf3fa5946fdc4fd59333ec072a54f270,东莞市大朗镇社区卫生服务中心,01-001178,东莞市大朗镇社区卫生服务中心::01-001178,肺通气功能正常,2,train,319,267,1.1947565543071161
row_000716__906ba2443bfe4828bbc9a96804302bdd,716,906ba2443bfe4828bbc9a96804302bdd,东莞市大朗镇社区卫生服务中心,01-001178,东莞市大朗镇社区卫生服务中心::01-001178,肺通气功能正常,2,train,306,302,1.0132450331125828
row_000717__854f9fb3b6624d9b891f227edd78eebd,717,854f9fb3b6624d9b891f227edd78eebd,东莞市大朗镇社区卫生服务中心,01-001178,东莞市大朗镇社区卫生服务中心::01-001178,肺通气功能正常,2,train,316,312,1.0128205128205128
row_000718__aaa3c3bcdbd4413bbb0bdfd04e8c773f,718,aaa3c3bcdbd4413bbb0bdfd04e8c773f,化州市中垌卫生院,02-001842,化州市中垌卫生院::02-001842,限制性通气功能障碍,1,test,154,154,1.0
row_000719__3b6da42fe6ac44008f5478bad29a67ca,719,3b6da42fe6ac44008f5478bad29a67ca,化州市中垌卫生院,02-001842,化州市中垌卫生院::02-001842,限制性通气功能障碍,1,test,162,167,1.0308641975308641
row_000720__cd8d13b449e3477398003dcf84d59a94,720,cd8d13b449e3477398003dcf84d59a94,化州市中垌卫生院,02-001842,化州市中垌卫生院::02-001842,限制性通气功能障碍,1,test,140,167,1.1928571428571428
row_000724__2c0ee7eb5f8546d091c4a6068bf152a2,724,2c0ee7eb5f8546d091c4a6068bf152a2,深圳市南山区峰景社区健康服务中心,01-000224,深圳市南山区峰景社区健康服务中心::01-000224,肺通气功能正常,2,test,259,224,1.15625
row_000725__e7262fd1a2d04feb88395611b828aeca,725,e7262fd1a2d04feb88395611b828aeca,深圳市南山区峰景社区健康服务中心,01-000224,深圳市南山区峰景社区健康服务中心::01-000224,肺通气功能正常,2,test,259,216,1.1990740740740742
row_000726__8fe007f6dbc54f68b0d5e829ebc99595,726,8fe007f6dbc54f68b0d5e829ebc99595,深圳市南山区峰景社区健康服务中心,01-000224,深圳市南山区峰景社区健康服务中心::01-000224,肺通气功能正常,2,test,248,200,1.24
row_000727__1fcff3cc054b472c901c2a33db87b541,727,1fcff3cc054b472c901c2a33db87b541,开平市长沙街道办事处社区卫生服务中心,01-000562,开平市长沙街道办事处社区卫生服务中心::01-000562,肺通气功能正常,2,train,316,292,1.082191780821918
row_000728__7ed3cd5da0084d80b4b3f6b8029f806e,728,7ed3cd5da0084d80b4b3f6b8029f806e,开平市长沙街道办事处社区卫生服务中心,01-000562,开平市长沙街道办事处社区卫生服务中心::01-000562,肺通气功能正常,2,train,320,298,1.0738255033557047
row_000729__934fd5de674742f4971c368942b7813e,729,934fd5de674742f4971c368942b7813e,开平市长沙街道办事处社区卫生服务中心,01-000562,开平市长沙街道办事处社区卫生服务中心::01-000562,肺通气功能正常,2,train,320,283,1.1307420494699647
row_000730__6b1ce9d99da241688747046af5aa295a,730,6b1ce9d99da241688747046af5aa295a,深圳市南山区花果山东社区健康服务中心,01-000304,深圳市南山区花果山东社区健康服务中心::01-000304,肺通气功能正常,2,train,336,252,1.3333333333333333
row_000731__6e0eadae40d3463ea398b619dce6e6bf,731,6e0eadae40d3463ea398b619dce6e6bf,深圳市南山区花果山东社区健康服务中心,01-000304,深圳市南山区花果山东社区健康服务中心::01-000304,肺通气功能正常,2,train,336,276,1.2173913043478262
row_000732__ce5898da034b4b88b92a28bb7e2f3e67,732,ce5898da034b4b88b92a28bb7e2f3e67,深圳市南山区花果山东社区健康服务中心,01-000304,深圳市南山区花果山东社区健康服务中心::01-000304,肺通气功能正常,2,train,323,292,1.106164383561644
row_000733__5ac96ea815c14bafae362c9999fb3fc4,733,5ac96ea815c14bafae362c9999fb3fc4,善心体检,01-011625,善心体检::01-011625,阻塞性通气功能障碍,3,train,411,415,1.0097323600973236
row_000734__bb3b01feca0a462085ff0372408033b2,734,bb3b01feca0a462085ff0372408033b2,善心体检,01-011625,善心体检::01-011625,阻塞性通气功能障碍,3,train,393,393,1.0
row_000735__a40c9495ebd44cdf922742e233b1917e,735,a40c9495ebd44cdf922742e233b1917e,善心体检,01-011625,善心体检::01-011625,阻塞性通气功能障碍,3,train,402,409,1.0174129353233832
row_000736__debe6d756396471185e8562c1a3db0de,736,debe6d756396471185e8562c1a3db0de,广州市荔湾区东漖街社区卫生服务中心,01-000186,广州市荔湾区东漖街社区卫生服务中心::01-000186,阻塞性通气功能障碍,3,train,278,278,1.0
row_000737__27787b51a20e41cfaf5a6b30fcdc9d02,737,27787b51a20e41cfaf5a6b30fcdc9d02,广州市荔湾区东漖街社区卫生服务中心,01-000186,广州市荔湾区东漖街社区卫生服务中心::01-000186,阻塞性通气功能障碍,3,train,275,278,1.010909090909091
row_000738__e9d662bef1b64559bb599dd9c39f1675,738,e9d662bef1b64559bb599dd9c39f1675,广州市荔湾区东漖街社区卫生服务中心,01-000186,广州市荔湾区东漖街社区卫生服务中心::01-000186,阻塞性通气功能障碍,3,train,283,273,1.0366300366300367
row_000739__980dd9d2426a42e68b27101fc17cc491,739,980dd9d2426a42e68b27101fc17cc491,深圳市南山区荔湾社区健康服务中心,01-000252,深圳市南山区荔湾社区健康服务中心::01-000252,阻塞性通气功能障碍,3,val,331,272,1.2169117647058822
row_000740__dd37a9c4d32f4605a8f2c38e9c6a0874,740,dd37a9c4d32f4605a8f2c38e9c6a0874,深圳市南山区荔湾社区健康服务中心,01-000252,深圳市南山区荔湾社区健康服务中心::01-000252,阻塞性通气功能障碍,3,val,355,276,1.286231884057971
row_000747__1c011e2a4ab04c2b976d4c8b517e44d0,747,1c011e2a4ab04c2b976d4c8b517e44d0,善心体检,01-009209,善心体检::01-009209,肺通气功能正常,2,test,379,353,1.0736543909348442
row_000748__8551f54f43034f1887e81b6e0fdd4913,748,8551f54f43034f1887e81b6e0fdd4913,善心体检,01-009209,善心体检::01-009209,肺通气功能正常,2,test,363,310,1.1709677419354838
row_000749__d5c6c6eafce041edb79ab84854b37f30,749,d5c6c6eafce041edb79ab84854b37f30,善心体检,01-009209,善心体检::01-009209,肺通气功能正常,2,test,380,325,1.1692307692307693
row_000750__e5af730db55d47739a547f9fa8b6c69d,750,e5af730db55d47739a547f9fa8b6c69d,东莞市黄江镇社区卫生服务中心,01-000680,东莞市黄江镇社区卫生服务中心::01-000680,阻塞性通气功能障碍,3,val,322,315,1.0222222222222221
row_000751__70237f6d924849918ffce33f673d848e,751,70237f6d924849918ffce33f673d848e,东莞市黄江镇社区卫生服务中心,01-000680,东莞市黄江镇社区卫生服务中心::01-000680,阻塞性通气功能障碍,3,val,347,265,1.3094339622641509
row_000752__adc7d3dd526641abb33e8dbe749d0aaa,752,adc7d3dd526641abb33e8dbe749d0aaa,东莞市黄江镇社区卫生服务中心,01-000680,东莞市黄江镇社区卫生服务中心::01-000680,阻塞性通气功能障碍,3,val,353,298,1.1845637583892616
row_000753__12acacf3f26f4ccba10d1f4a3e107e9e,753,12acacf3f26f4ccba10d1f4a3e107e9e,佛山市南海区盐步医院,01-000235,佛山市南海区盐步医院::01-000235,阻塞性通气功能障碍,3,val,373,278,1.341726618705036
row_000754__f63892d490f84f33b9727c741e574c09,754,f63892d490f84f33b9727c741e574c09,佛山市南海区盐步医院,01-000235,佛山市南海区盐步医院::01-000235,阻塞性通气功能障碍,3,val,344,328,1.048780487804878
row_000755__7b73fef05bac4c61a9882731f0d197ad,755,7b73fef05bac4c61a9882731f0d197ad,佛山市南海区盐步医院,01-000235,佛山市南海区盐步医院::01-000235,阻塞性通气功能障碍,3,val,456,470,1.030701754385965
row_000759__023490fad30e42999ef0b07746c1b944,759,023490fad30e42999ef0b07746c1b944,善心体检,01-008732,善心体检::01-008732,肺通气功能正常,2,val,332,339,1.0210843373493976
row_000761__c42d75dbee7f4768b2580ef9af219597,761,c42d75dbee7f4768b2580ef9af219597,善心体检,01-008732,善心体检::01-008732,肺通气功能正常,2,val,322,310,1.038709677419355
row_000762__2df896a4effd482d9b347d440bf1f2a7,762,2df896a4effd482d9b347d440bf1f2a7,水田社康中心,01-000766,水田社康中心::01-000766,肺通气功能正常,2,train,527,495,1.0646464646464646
row_000763__7b45ac9cc24a4b96a51bc7421ae8d4a6,763,7b45ac9cc24a4b96a51bc7421ae8d4a6,水田社康中心,01-000766,水田社康中心::01-000766,肺通气功能正常,2,train,523,521,1.0038387715930903
row_000764__e6f75636088a477a968bfbd2faf9b7b1,764,e6f75636088a477a968bfbd2faf9b7b1,水田社康中心,01-000766,水田社康中心::01-000766,肺通气功能正常,2,train,522,505,1.0336633663366337
row_000765__9d9a6176942e4f2c860aa2fd04ee8f9e,765,9d9a6176942e4f2c860aa2fd04ee8f9e,善心体检,01-011364,善心体检::01-011364,限制性通气功能障碍,1,train,225,176,1.2784090909090908
row_000766__4eaf3e9983354775a92c88185bc4810f,766,4eaf3e9983354775a92c88185bc4810f,善心体检,01-011364,善心体检::01-011364,限制性通气功能障碍,1,train,235,193,1.217616580310881
row_000767__f59ddc43bfe3402ebfe8f2268a76f260,767,f59ddc43bfe3402ebfe8f2268a76f260,善心体检,01-011364,善心体检::01-011364,限制性通气功能障碍,1,train,235,185,1.2702702702702702
row_000768__a43550e9f8d94bdd819872a0b00b98d9,768,a43550e9f8d94bdd819872a0b00b98d9,佛山市南海区盐步医院,01-001264,佛山市南海区盐步医院::01-001264,肺通气功能正常,2,train,317,311,1.0192926045016077
row_000769__f3f4e90ae91047059d57f257992c27bc,769,f3f4e90ae91047059d57f257992c27bc,佛山市南海区盐步医院,01-001264,佛山市南海区盐步医院::01-001264,肺通气功能正常,2,train,315,313,1.0063897763578276
row_000770__ee4f6226c21f4bf7a590b5dd434c3dd3,770,ee4f6226c21f4bf7a590b5dd434c3dd3,佛山市南海区盐步医院,01-001264,佛山市南海区盐步医院::01-001264,肺通气功能正常,2,train,313,299,1.0468227424749164
row_000771__ae60dca04b8d457284bbd6168396f62f,771,ae60dca04b8d457284bbd6168396f62f,深圳市南山区湾厦社区健康服务中心,01-000289,深圳市南山区湾厦社区健康服务中心::01-000289,肺通气功能正常,2,val,316,320,1.0126582278481013
row_000772__924f81fb8f8b4467ab30ffdc8c0de33d,772,924f81fb8f8b4467ab30ffdc8c0de33d,深圳市南山区湾厦社区健康服务中心,01-000289,深圳市南山区湾厦社区健康服务中心::01-000289,肺通气功能正常,2,val,355,324,1.095679012345679
row_000773__4e14968ff8454640997bb0765409e412,773,4e14968ff8454640997bb0765409e412,深圳市南山区湾厦社区健康服务中心,01-000289,深圳市南山区湾厦社区健康服务中心::01-000289,肺通气功能正常,2,val,368,383,1.0407608695652173
row_000777__6c66eca896674c53b9d927cebb953028,777,6c66eca896674c53b9d927cebb953028,佛山复星禅城医院,01-000134,佛山复星禅城医院::01-000134,肺通气功能正常,2,train,253,238,1.0630252100840336
row_000778__473e5d985d4e4acbafce514293eba5c7,778,473e5d985d4e4acbafce514293eba5c7,广州市荔湾区东漖街社区卫生服务中心,01-000188,广州市荔湾区东漖街社区卫生服务中心::01-000188,限制性通气功能障碍,1,train,218,189,1.1534391534391535
row_000779__e6107762473c413b91398baa2fff6214,779,e6107762473c413b91398baa2fff6214,广州市荔湾区东漖街社区卫生服务中心,01-000188,广州市荔湾区东漖街社区卫生服务中心::01-000188,限制性通气功能障碍,1,train,213,180,1.1833333333333333
row_000780__9ef58ccf98ba461a961e078113051ab3,780,9ef58ccf98ba461a961e078113051ab3,广州市荔湾区东漖街社区卫生服务中心,01-000188,广州市荔湾区东漖街社区卫生服务中心::01-000188,限制性通气功能障碍,1,train,195,175,1.1142857142857143
row_000781__8b8d3340dab94f2ea9050f9323f78d7d,781,8b8d3340dab94f2ea9050f9323f78d7d,善心体检,01-010027,善心体检::01-010027,阻塞性通气功能障碍,3,train,329,308,1.0681818181818181
row_000782__f3dba13aa5cc4123a056b1eee596c5ed,782,f3dba13aa5cc4123a056b1eee596c5ed,善心体检,01-010027,善心体检::01-010027,阻塞性通气功能障碍,3,train,330,276,1.1956521739130435
row_000783__225926cb377340089b4583662263c9a6,783,225926cb377340089b4583662263c9a6,善心体检,01-010027,善心体检::01-010027,阻塞性通气功能障碍,3,train,313,263,1.1901140684410647
row_000787__37b92a258e4e4d16a6db0b2ae4dd46cb,787,37b92a258e4e4d16a6db0b2ae4dd46cb,善心体检,01-011920,善心体检::01-011920,限制性通气功能障碍,1,train,259,193,1.3419689119170986
row_000790__3642cc236c514c00a270c5e736448311,790,3642cc236c514c00a270c5e736448311,中山市民众镇社区卫生服务中心,01-000319,中山市民众镇社区卫生服务中心::01-000319,肺通气功能正常,2,test,444,398,1.1155778894472361
row_000792__3d0bba83550f4a92838c5ebd5f0d08fa,792,3d0bba83550f4a92838c5ebd5f0d08fa,中山市民众镇社区卫生服务中心,01-000319,中山市民众镇社区卫生服务中心::01-000319,肺通气功能正常,2,test,437,355,1.2309859154929577
row_000793__2cbf266a20b94bcf938a42ef343fec50,793,2cbf266a20b94bcf938a42ef343fec50,深圳市南山区东角头社区健康服务中心,01-000316,深圳市南山区东角头社区健康服务中心::01-000316,肺通气功能正常,2,train,248,264,1.064516129032258
row_000794__2ff2dd8d73fa4127accedf7dacdf7be6,794,2ff2dd8d73fa4127accedf7dacdf7be6,深圳市南山区东角头社区健康服务中心,01-000316,深圳市南山区东角头社区健康服务中心::01-000316,肺通气功能正常,2,train,252,260,1.0317460317460319
row_000795__595e23eb2845436b922b8db610a3ae34,795,595e23eb2845436b922b8db610a3ae34,汕头潮阳区金灶镇卫生院,01-000054,汕头潮阳区金灶镇卫生院::01-000054,肺通气功能正常,2,train,293,263,1.1140684410646389
row_000796__9bbd88c340214e909d29f0aa6db9f3a9,796,9bbd88c340214e909d29f0aa6db9f3a9,汕头潮阳区金灶镇卫生院,01-000054,汕头潮阳区金灶镇卫生院::01-000054,肺通气功能正常,2,train,295,270,1.0925925925925926
row_000797__8593152a29db468ea08097ccc3f99b7c,797,8593152a29db468ea08097ccc3f99b7c,汕头潮阳区金灶镇卫生院,01-000054,汕头潮阳区金灶镇卫生院::01-000054,肺通气功能正常,2,train,303,300,1.01
row_000798__5c121169a2b24c29ac8985dfe69c00ce,798,5c121169a2b24c29ac8985dfe69c00ce,东莞市大朗镇社区卫生服务中心,01-001110,东莞市大朗镇社区卫生服务中心::01-001110,肺通气功能正常,2,train,390,388,1.0051546391752577
row_000799__3c20a6ff5d77414bab034d5b20fddb68,799,3c20a6ff5d77414bab034d5b20fddb68,东莞市大朗镇社区卫生服务中心,01-001110,东莞市大朗镇社区卫生服务中心::01-001110,肺通气功能正常,2,train,395,408,1.0329113924050632
row_000800__a291b7ef0ef04ee1b45b905376fc1118,800,a291b7ef0ef04ee1b45b905376fc1118,东莞市大朗镇社区卫生服务中心,01-001110,东莞市大朗镇社区卫生服务中心::01-001110,肺通气功能正常,2,train,388,395,1.018041237113402
row_000801__7653e5cbd8de4eb3a437a274128e4eea,801,7653e5cbd8de4eb3a437a274128e4eea,汕头潮阳区关埠镇中心卫生院,01-000356,汕头潮阳区关埠镇中心卫生院::01-000356,肺通气功能正常,2,val,312,300,1.04
row_000802__1828e4679f4e470bbefae7f32d3aa496,802,1828e4679f4e470bbefae7f32d3aa496,汕头潮阳区关埠镇中心卫生院,01-000356,汕头潮阳区关埠镇中心卫生院::01-000356,肺通气功能正常,2,val,307,307,1.0
row_000803__d2debd5f01e247c89b39ce058ccb8d78,803,d2debd5f01e247c89b39ce058ccb8d78,汕头潮阳区关埠镇中心卫生院,01-000356,汕头潮阳区关埠镇中心卫生院::01-000356,肺通气功能正常,2,val,313,309,1.0129449838187703
row_000807__264452528657434aaa82baf899df80b0,807,264452528657434aaa82baf899df80b0,马鞍山社区健康服务中心,01-000368,马鞍山社区健康服务中心::01-000368,肺通气功能正常,2,train,270,277,1.025925925925926
row_000808__cf5500f509ff4da9a45fa0ddc73ae869,808,cf5500f509ff4da9a45fa0ddc73ae869,马鞍山社区健康服务中心,01-000368,马鞍山社区健康服务中心::01-000368,肺通气功能正常,2,train,278,290,1.0431654676258992
row_000809__19df8b51641e437a8b9dc49693cf1e23,809,19df8b51641e437a8b9dc49693cf1e23,马鞍山社区健康服务中心,01-000368,马鞍山社区健康服务中心::01-000368,肺通气功能正常,2,train,275,288,1.0472727272727274
row_000813__213aa38dc44d4e02b087c8e3281ded12,813,213aa38dc44d4e02b087c8e3281ded12,珠海市横琴新区（镇）社区卫生服务中心,01-000726,珠海市横琴新区（镇）社区卫生服务中心::01-000726,阻塞性通气功能障碍,3,train,323,323,1.0
row_000814__b39ab36536a345369abecc1c7bceb772,814,b39ab36536a345369abecc1c7bceb772,珠海市横琴新区（镇）社区卫生服务中心,01-000726,珠海市横琴新区（镇）社区卫生服务中心::01-000726,阻塞性通气功能障碍,3,train,342,335,1.0208955223880598
row_000815__44392f45f39c4dc0a04c16ec87b54f61,815,44392f45f39c4dc0a04c16ec87b54f61,珠海市横琴新区（镇）社区卫生服务中心,01-000726,珠海市横琴新区（镇）社区卫生服务中心::01-000726,阻塞性通气功能障碍,3,train,345,343,1.0058309037900874
row_000816__ff24de65d95b4799b21375e29310c3db,816,ff24de65d95b4799b21375e29310c3db,深圳市南山区蔚蓝海岸社区健康服务中心,01-000254,深圳市南山区蔚蓝海岸社区健康服务中心::01-000254,阻塞性通气功能障碍,3,train,459,420,1.0928571428571427
row_000818__229a46fd3f1b45a288e361e3c7c68779,818,229a46fd3f1b45a288e361e3c7c68779,深圳市南山区蔚蓝海岸社区健康服务中心,01-000254,深圳市南山区蔚蓝海岸社区健康服务中心::01-000254,阻塞性通气功能障碍,3,train,448,444,1.009009009009009
row_000822__1d92bb0f77934bb48e043f5addf5ff61,822,1d92bb0f77934bb48e043f5addf5ff61,善心体检,01-010009,善心体检::01-010009,肺通气功能正常,2,train,368,353,1.0424929178470255
row_000823__3f7a5330da4542aaaebabfe782a7a6dc,823,3f7a5330da4542aaaebabfe782a7a6dc,善心体检,01-010009,善心体检::01-010009,肺通气功能正常,2,train,365,351,1.03988603988604
row_000824__5a401474924a4597ad0f11eb70cfddfd,824,5a401474924a4597ad0f11eb70cfddfd,善心体检,01-010009,善心体检::01-010009,肺通气功能正常,2,train,342,347,1.0146198830409356
row_000825__8aef435ebc7846eb827b6b4f3a4fb0ee,825,8aef435ebc7846eb827b6b4f3a4fb0ee,广州市越秀区人民街社区卫生服务中心,01-000201,广州市越秀区人民街社区卫生服务中心::01-000201,混合性通气功能障碍,4,train,292,240,1.2166666666666666
row_000826__f8119f89cc794bca9ede5c7e9b380641,826,f8119f89cc794bca9ede5c7e9b380641,广州市越秀区人民街社区卫生服务中心,01-000201,广州市越秀区人民街社区卫生服务中心::01-000201,混合性通气功能障碍,4,train,290,261,1.1111111111111112
row_000827__ce1ce62e71df48e39638a94608af4b1a,827,ce1ce62e71df48e39638a94608af4b1a,广州市越秀区人民街社区卫生服务中心,01-000201,广州市越秀区人民街社区卫生服务中心::01-000201,混合性通气功能障碍,4,train,287,250,1.148
row_000828__0f5183164bc5444e8b958a61bd2b96a6,828,0f5183164bc5444e8b958a61bd2b96a6,善心体检,01-008196,善心体检::01-008196,肺通气功能正常,2,val,377,379,1.0053050397877985
row_000829__170142e295b74844bdda1e5a9d218153,829,170142e295b74844bdda1e5a9d218153,善心体检,01-008196,善心体检::01-008196,肺通气功能正常,2,val,382,375,1.0186666666666666
row_000830__cd43ee01d6cd459bb61a08549d865689,830,cd43ee01d6cd459bb61a08549d865689,善心体检,01-008196,善心体检::01-008196,肺通气功能正常,2,val,387,380,1.018421052631579
row_000831__e1c4c00450fb4b098cb637cc2120056e,831,e1c4c00450fb4b098cb637cc2120056e,深圳市南山区东角头社区健康服务中心,01-000260,深圳市南山区东角头社区健康服务中心::01-000260,肺通气功能正常,2,train,223,208,1.0721153846153846
row_000832__7f07c5ed2a6f4ea09acfe23907e67813,832,7f07c5ed2a6f4ea09acfe23907e67813,深圳市南山区东角头社区健康服务中心,01-000260,深圳市南山区东角头社区健康服务中心::01-000260,肺通气功能正常,2,train,216,212,1.0188679245283019
row_000833__517b6e31c0984bf49b5236170d7e1198,833,517b6e31c0984bf49b5236170d7e1198,深圳市南山区东角头社区健康服务中心,01-000260,深圳市南山区东角头社区健康服务中心::01-000260,肺通气功能正常,2,train,224,208,1.0769230769230769
row_000834__e6448ff987d84c419bc9759ee4730f64,834,e6448ff987d84c419bc9759ee4730f64,化州市中垌卫生院,02-001760,化州市中垌卫生院::02-001760,阻塞性通气功能障碍,3,train,458,420,1.0904761904761904
row_000836__873658a13a684261a5e79f47ecf94a69,836,873658a13a684261a5e79f47ecf94a69,化州市中垌卫生院,02-001760,化州市中垌卫生院::02-001760,阻塞性通气功能障碍,3,train,478,418,1.1435406698564594
row_000837__f85a589302c544a9b211d27280c28e3b,837,f85a589302c544a9b211d27280c28e3b,深圳市南山区花果山东社区健康服务中心,01-000216,深圳市南山区花果山东社区健康服务中心::01-000216,肺通气功能正常,2,train,440,452,1.0272727272727273
row_000838__79ee3040e21043cb839ebb12b1eb52c0,838,79ee3040e21043cb839ebb12b1eb52c0,深圳市南山区花果山东社区健康服务中心,01-000216,深圳市南山区花果山东社区健康服务中心::01-000216,肺通气功能正常,2,train,392,460,1.1734693877551021
row_000839__2a926b2dda6b46c48743ab14935e24ec,839,2a926b2dda6b46c48743ab14935e24ec,深圳市南山区花果山东社区健康服务中心,01-000216,深圳市南山区花果山东社区健康服务中心::01-000216,肺通气功能正常,2,train,424,448,1.0566037735849056
row_000840__2c92d842c30443f398c9d997623427eb,840,2c92d842c30443f398c9d997623427eb,深圳市南山区阳光社区健康服务中心,01-000256,深圳市南山区阳光社区健康服务中心::01-000256,阻塞性通气功能障碍,3,train,343,328,1.045731707317073
row_000841__b94c0d24b690481db8bb0b9b401e3729,841,b94c0d24b690481db8bb0b9b401e3729,深圳市南山区阳光社区健康服务中心,01-000256,深圳市南山区阳光社区健康服务中心::01-000256,阻塞性通气功能障碍,3,train,331,260,1.273076923076923
row_000842__73c638619fd64a75a3239eb424a6bc12,842,73c638619fd64a75a3239eb424a6bc12,深圳市南山区阳光社区健康服务中心,01-000256,深圳市南山区阳光社区健康服务中心::01-000256,阻塞性通气功能障碍,3,train,324,320,1.0125
row_000843__43c34d8a24de45d28a7c3a5d11c50442,843,43c34d8a24de45d28a7c3a5d11c50442,善心体检,01-008618,善心体检::01-008618,肺通气功能正常,2,train,242,252,1.0413223140495869
row_000844__dc1cbc2582694ae0be0182f2d58e29f7,844,dc1cbc2582694ae0be0182f2d58e29f7,善心体检,01-008618,善心体检::01-008618,肺通气功能正常,2,train,245,257,1.0489795918367346
row_000845__f120747d53064a498e39c09725ac47c1,845,f120747d53064a498e39c09725ac47c1,善心体检,01-008618,善心体检::01-008618,肺通气功能正常,2,train,242,254,1.0495867768595042
row_000846__933441c44f2e4cc18618c423baa54a3a,846,933441c44f2e4cc18618c423baa54a3a,汕头潮阳区文光街道社区卫生服务中心,01-000230,汕头潮阳区文光街道社区卫生服务中心::01-000230,肺通气功能正常,2,val,300,266,1.1278195488721805
row_000847__1d1235e9eb4b4e7eb06da56fe7e7b3e2,847,1d1235e9eb4b4e7eb06da56fe7e7b3e2,汕头潮阳区文光街道社区卫生服务中心,01-000230,汕头潮阳区文光街道社区卫生服务中心::01-000230,肺通气功能正常,2,val,299,263,1.1368821292775666
row_000848__19b5423fe1d44af0bd5da800d1a7c972,848,19b5423fe1d44af0bd5da800d1a7c972,汕头潮阳区文光街道社区卫生服务中心,01-000230,汕头潮阳区文光街道社区卫生服务中心::01-000230,肺通气功能正常,2,val,282,255,1.1058823529411765
row_000849__a71e83b95a1f4fb1b65b406afce0dade,849,a71e83b95a1f4fb1b65b406afce0dade,东莞市寮步镇社区卫生服务中心,01-001532,东莞市寮步镇社区卫生服务中心::01-001532,肺通气功能正常,2,train,408,373,1.093833780160858
row_000850__c19de7a11c3a45c2beb7affb10f3eae1,850,c19de7a11c3a45c2beb7affb10f3eae1,东莞市寮步镇社区卫生服务中心,01-001532,东莞市寮步镇社区卫生服务中心::01-001532,肺通气功能正常,2,train,413,408,1.0122549019607843
row_000851__b5f9009d8c7848f2bee2705b8bf04d79,851,b5f9009d8c7848f2bee2705b8bf04d79,东莞市寮步镇社区卫生服务中心,01-001532,东莞市寮步镇社区卫生服务中心::01-001532,肺通气功能正常,2,train,418,418,1.0
row_000852__ec627505ac1345dd9b85faedb82e9d7b,852,ec627505ac1345dd9b85faedb82e9d7b,中山市大涌镇社区卫生服务中心,01-000275,中山市大涌镇社区卫生服务中心::01-000275,肺通气功能正常,2,train,384,373,1.029490616621984
row_000853__4c633bed88d946109f1d8be50885b10f,853,4c633bed88d946109f1d8be50885b10f,中山市大涌镇社区卫生服务中心,01-000275,中山市大涌镇社区卫生服务中心::01-000275,肺通气功能正常,2,train,378,368,1.0271739130434783
row_000854__6d68ca56063243ceac7a833f98b7d5db,854,6d68ca56063243ceac7a833f98b7d5db,中山市大涌镇社区卫生服务中心,01-000275,中山市大涌镇社区卫生服务中心::01-000275,肺通气功能正常,2,train,367,370,1.008174386920981
row_000855__9b7ec582bfc44c65808f1e74340c2b4a,855,9b7ec582bfc44c65808f1e74340c2b4a,佛山市南海区盐步医院,01-001064,佛山市南海区盐步医院::01-001064,肺通气功能正常,2,train,233,243,1.0429184549356223
row_000858__4463f85b21554625aa9046b8b38e8904,858,4463f85b21554625aa9046b8b38e8904,东莞市塘厦镇卫生服务中心,01-000643,东莞市塘厦镇卫生服务中心::01-000643,阻塞性通气功能障碍,3,train,274,245,1.1183673469387756
row_000859__946e8b86af0146a79304bf60e1a58312,859,946e8b86af0146a79304bf60e1a58312,东莞市塘厦镇卫生服务中心,01-000643,东莞市塘厦镇卫生服务中心::01-000643,阻塞性通气功能障碍,3,train,255,258,1.011764705882353
row_000860__394bcb264fe345cc903ae502583ba4c2,860,394bcb264fe345cc903ae502583ba4c2,东莞市塘厦镇卫生服务中心,01-000643,东莞市塘厦镇卫生服务中心::01-000643,阻塞性通气功能障碍,3,train,261,210,1.2428571428571429
row_000861__3ae217ec63904c189131798101bf6d65,861,3ae217ec63904c189131798101bf6d65,东莞市大朗镇社区卫生服务中心,01-001063,东莞市大朗镇社区卫生服务中心::01-001063,肺通气功能正常,2,train,254,259,1.0196850393700787
row_000862__bf7cd7a82e534759ba45a6b996dff13f,862,bf7cd7a82e534759ba45a6b996dff13f,东莞市大朗镇社区卫生服务中心,01-001063,东莞市大朗镇社区卫生服务中心::01-001063,肺通气功能正常,2,train,263,259,1.0154440154440154
row_000863__dd7bc1585b0544f1a2edf94e49c3ad8a,863,dd7bc1585b0544f1a2edf94e49c3ad8a,东莞市大朗镇社区卫生服务中心,01-001063,东莞市大朗镇社区卫生服务中心::01-001063,肺通气功能正常,2,train,262,262,1.0
row_000864__2dad11c0c9f34b298ae863c7a920e390,864,2dad11c0c9f34b298ae863c7a920e390,深圳市南山区桃花园社区健康服务中心,01-000502,深圳市南山区桃花园社区健康服务中心::01-000502,阻塞性通气功能障碍,3,train,336,344,1.0238095238095237
row_000865__5b8e78d5fef646659252159b4ed7afc2,865,5b8e78d5fef646659252159b4ed7afc2,深圳市南山区桃花园社区健康服务中心,01-000502,深圳市南山区桃花园社区健康服务中心::01-000502,阻塞性通气功能障碍,3,train,320,340,1.0625
row_000866__8d92aa45bda74710b48c916e5547f092,866,8d92aa45bda74710b48c916e5547f092,深圳市南山区桃花园社区健康服务中心,01-000502,深圳市南山区桃花园社区健康服务中心::01-000502,阻塞性通气功能障碍,3,train,371,344,1.0784883720930232
row_000867__e5740b14e539493981006297d0752d16,867,e5740b14e539493981006297d0752d16,深圳市南山区南园社区健康服务中心,01-000246,深圳市南山区南园社区健康服务中心::01-000246,肺通气功能正常,2,train,276,280,1.0144927536231885
row_000869__fafc127c1143484596570bd0af145754,869,fafc127c1143484596570bd0af145754,深圳市南山区南园社区健康服务中心,01-000246,深圳市南山区南园社区健康服务中心::01-000246,肺通气功能正常,2,train,248,267,1.0766129032258065
row_000870__4fe34dbf30e34ff98898e75cf1e24901,870,4fe34dbf30e34ff98898e75cf1e24901,深圳市南山区马家龙社区健康服务中心,01-000302,深圳市南山区马家龙社区健康服务中心::01-000302,肺通气功能正常,2,train,331,308,1.0746753246753247
row_000871__4a949ce404ca4a8cb4067b5334db0ca0,871,4a949ce404ca4a8cb4067b5334db0ca0,深圳市南山区马家龙社区健康服务中心,01-000302,深圳市南山区马家龙社区健康服务中心::01-000302,肺通气功能正常,2,train,303,264,1.1477272727272727
row_000872__a66da99ebaa7405894cd9010b03c37d4,872,a66da99ebaa7405894cd9010b03c37d4,深圳市南山区马家龙社区健康服务中心,01-000302,深圳市南山区马家龙社区健康服务中心::01-000302,肺通气功能正常,2,train,319,276,1.1557971014492754
row_000873__3ef099b5bc144b9a96e8df75b9060a52,873,3ef099b5bc144b9a96e8df75b9060a52,善心体检,01-008371,善心体检::01-008371,阻塞性通气功能障碍,3,train,409,383,1.0678851174934725
row_000874__104f5e8fc5cd4e8b8de0f0438bf204c2,874,104f5e8fc5cd4e8b8de0f0438bf204c2,善心体检,01-008371,善心体检::01-008371,阻塞性通气功能障碍,3,train,403,388,1.038659793814433
row_000875__66ee94a6318448eda2f115e26a58872d,875,66ee94a6318448eda2f115e26a58872d,善心体检,01-008371,善心体检::01-008371,阻塞性通气功能障碍,3,train,408,398,1.0251256281407035
row_000876__87b92d50d6744c108d61130d0618831e,876,87b92d50d6744c108d61130d0618831e,善心体检,01-010545,善心体检::01-010545,肺通气功能正常,2,train,322,277,1.1624548736462095
row_000877__0e93f6be4a8147c69c69b458eb656851,877,0e93f6be4a8147c69c69b458eb656851,善心体检,01-010545,善心体检::01-010545,肺通气功能正常,2,train,307,285,1.0771929824561404
row_000878__352ff96b7a77439d8582fcd720bd8f7d,878,352ff96b7a77439d8582fcd720bd8f7d,善心体检,01-010545,善心体检::01-010545,肺通气功能正常,2,train,322,285,1.1298245614035087
row_000881__e06c3fd21d0547bab4d94b9255eb9195,881,e06c3fd21d0547bab4d94b9255eb9195,东莞市虎门镇卫生服务中心,01-000238,东莞市虎门镇卫生服务中心::01-000238,肺通气功能正常,2,train,420,411,1.0218978102189782
row_000882__435b9884543f4d49af0fa71855ad6ba8,882,435b9884543f4d49af0fa71855ad6ba8,深圳市南山区赤湾社区健康服务中心,01-000221,深圳市南山区赤湾社区健康服务中心::01-000221,肺通气功能正常,2,train,308,320,1.0389610389610389
row_000883__fac06ae1c8684223b3c97e0d23e950f5,883,fac06ae1c8684223b3c97e0d23e950f5,深圳市南山区赤湾社区健康服务中心,01-000221,深圳市南山区赤湾社区健康服务中心::01-000221,肺通气功能正常,2,train,292,300,1.0273972602739727
row_000884__19dcb9e603964530b34b74d29e80089b,884,19dcb9e603964530b34b74d29e80089b,深圳市南山区赤湾社区健康服务中心,01-000221,深圳市南山区赤湾社区健康服务中心::01-000221,肺通气功能正常,2,train,276,296,1.0724637681159421
row_000885__425cecb9d8df4a9c97030f007553911f,885,425cecb9d8df4a9c97030f007553911f,广州市黄埔区永和街社区卫生服务中心,01-000044,广州市黄埔区永和街社区卫生服务中心::01-000044,阻塞性通气功能障碍,3,train,309,302,1.0231788079470199
row_000886__6751bc3e44684e2a9d83cf2729930464,886,6751bc3e44684e2a9d83cf2729930464,广州市黄埔区永和街社区卫生服务中心,01-000044,广州市黄埔区永和街社区卫生服务中心::01-000044,阻塞性通气功能障碍,3,train,302,307,1.0165562913907285
row_000887__b9ef524d036a4eee8b677fae5673495e,887,b9ef524d036a4eee8b677fae5673495e,广州市黄埔区永和街社区卫生服务中心,01-000044,广州市黄埔区永和街社区卫生服务中心::01-000044,阻塞性通气功能障碍,3,train,297,297,1.0
row_000890__fb26b2b1c31a421aa97cc18c662f2d30,890,fb26b2b1c31a421aa97cc18c662f2d30,深圳市福田区益田社区健康服务中心,01-000395,深圳市福田区益田社区健康服务中心::01-000395,阻塞性通气功能障碍,3,test,405,323,1.2538699690402477
row_000895__a84228868b74487db874aff13daceda1,895,a84228868b74487db874aff13daceda1,佛山市南海区盐步医院,01-000954,佛山市南海区盐步医院::01-000954,肺通气功能正常,2,train,330,253,1.3043478260869565
row_000896__9eb7f0bdcb2c4ad9ac33ca7b7f0baa27,896,9eb7f0bdcb2c4ad9ac33ca7b7f0baa27,佛山市南海区盐步医院,01-000954,佛山市南海区盐步医院::01-000954,肺通气功能正常,2,train,342,290,1.1793103448275861
row_000897__cb5aa58f762d445bb087b1ebaa22c51b,897,cb5aa58f762d445bb087b1ebaa22c51b,佛山市南海区盐步医院,01-000954,佛山市南海区盐步医院::01-000954,肺通气功能正常,2,train,393,328,1.1981707317073171
row_000898__991a3a574f004ff183f97087a815f46c,898,991a3a574f004ff183f97087a815f46c,佛山市南海区第七人民医院,01-000377,佛山市南海区第七人民医院::01-000377,肺通气功能正常,2,train,437,437,1.0
row_000899__4c005d2684044fcc8947853a6ad3b53b,899,4c005d2684044fcc8947853a6ad3b53b,佛山市南海区第七人民医院,01-000377,佛山市南海区第七人民医院::01-000377,肺通气功能正常,2,train,427,442,1.035128805620609
row_000900__82d54a21e0044991b70236153e36f0a3,900,82d54a21e0044991b70236153e36f0a3,佛山市南海区第七人民医院,01-000377,佛山市南海区第七人民医院::01-000377,肺通气功能正常,2,train,430,430,1.0
row_000901__ad5e2045615e471d8c28c597cd787196,901,ad5e2045615e471d8c28c597cd787196,佛山市南海区第七人民医院,01-000253,佛山市南海区第七人民医院::01-000253,肺通气功能正常,2,test,409,424,1.0366748166259168
row_000902__3b21eaab5c344af7a67edf0c2d12ceb7,902,3b21eaab5c344af7a67edf0c2d12ceb7,佛山市南海区第七人民医院,01-000253,佛山市南海区第七人民医院::01-000253,肺通气功能正常,2,test,397,365,1.0876712328767124
row_000903__f48aef6c653e4cf9ac32b83f1f9bd098,903,f48aef6c653e4cf9ac32b83f1f9bd098,佛山市南海区第七人民医院,01-000253,佛山市南海区第七人民医院::01-000253,肺通气功能正常,2,test,399,347,1.1498559077809798
row_000904__21ea9442e81d4458b908e0da7c693d2b,904,21ea9442e81d4458b908e0da7c693d2b,广州市荔湾区东漖街社区卫生服务中心,01-000178,广州市荔湾区东漖街社区卫生服务中心::01-000178,限制性通气功能障碍,1,train,276,280,1.0144927536231885
row_000905__733628fd3a37415a9e46990332c7374d,905,733628fd3a37415a9e46990332c7374d,广州市荔湾区东漖街社区卫生服务中心,01-000178,广州市荔湾区东漖街社区卫生服务中心::01-000178,限制性通气功能障碍,1,train,273,290,1.0622710622710623
row_000906__c723a1b7a3664be9a9d299f2b27419ff,906,c723a1b7a3664be9a9d299f2b27419ff,广州市荔湾区东漖街社区卫生服务中心,01-000178,广州市荔湾区东漖街社区卫生服务中心::01-000178,限制性通气功能障碍,1,train,271,305,1.1254612546125462
row_000910__068d02d67bfe4f44b3065f3ee447cb26,910,068d02d67bfe4f44b3065f3ee447cb26,深圳市南山区南光社区健康服务中心,01-000249,深圳市南山区南光社区健康服务中心::01-000249,肺通气功能正常,2,train,260,275,1.0576923076923077
row_000911__067e1db6916f409ab29ab7f848e1bf67,911,067e1db6916f409ab29ab7f848e1bf67,深圳市南山区南光社区健康服务中心,01-000249,深圳市南山区南光社区健康服务中心::01-000249,肺通气功能正常,2,train,264,268,1.0151515151515151
row_000912__f088b3f4735f4f589c58f77a15474da6,912,f088b3f4735f4f589c58f77a15474da6,深圳市南山区南光社区健康服务中心,01-000249,深圳市南山区南光社区健康服务中心::01-000249,肺通气功能正常,2,train,264,268,1.0151515151515151
row_000915__1aff3d106aa04184ad400e09e41ec56a,915,1aff3d106aa04184ad400e09e41ec56a,善心体检,01-008567,善心体检::01-008567,肺通气功能正常,2,train,472,465,1.0150537634408603
row_000916__e7a5f6c8e6214d02bac5a8ec100a9dd5,916,e7a5f6c8e6214d02bac5a8ec100a9dd5,佛山复星禅城医院,01-000051,佛山复星禅城医院::01-000051,肺通气功能正常,2,train,277,277,1.0
row_000917__730eef2e05b2459dbb939f5bfaf14fd7,917,730eef2e05b2459dbb939f5bfaf14fd7,佛山复星禅城医院,01-000051,佛山复星禅城医院::01-000051,肺通气功能正常,2,train,278,278,1.0
row_000918__94e2aac2aafc44038969d204254d9878,918,94e2aac2aafc44038969d204254d9878,中山市民众镇社区卫生服务中心,01-000266,中山市民众镇社区卫生服务中心::01-000266,阻塞性通气功能障碍,3,val,248,262,1.0564516129032258
row_000919__4502ee8dea68426ab41c6763a75173ae,919,4502ee8dea68426ab41c6763a75173ae,中山市民众镇社区卫生服务中心,01-000266,中山市民众镇社区卫生服务中心::01-000266,阻塞性通气功能障碍,3,val,253,248,1.0201612903225807
row_000920__17c170cd9d274edbbfe8c38bb1102561,920,17c170cd9d274edbbfe8c38bb1102561,中山市民众镇社区卫生服务中心,01-000266,中山市民众镇社区卫生服务中心::01-000266,阻塞性通气功能障碍,3,val,248,250,1.0080645161290323
row_000921__61ff1bb04f8d4ad39370c082dbc11924,921,61ff1bb04f8d4ad39370c082dbc11924,深圳市南山区西丽社区健康服务中心,01-000286,深圳市南山区西丽社区健康服务中心::01-000286,肺通气功能正常,2,train,272,268,1.0149253731343284
row_000922__f2dfbb8a84d64fb786abaa0b9d302992,922,f2dfbb8a84d64fb786abaa0b9d302992,深圳市南山区西丽社区健康服务中心,01-000286,深圳市南山区西丽社区健康服务中心::01-000286,肺通气功能正常,2,train,279,260,1.073076923076923
row_000923__1072a35287354bc7adee080671a095b5,923,1072a35287354bc7adee080671a095b5,深圳市南山区西丽社区健康服务中心,01-000286,深圳市南山区西丽社区健康服务中心::01-000286,肺通气功能正常,2,train,276,272,1.0147058823529411
row_000924__1c11de0d65cb4255af57d481b236ea9f,924,1c11de0d65cb4255af57d481b236ea9f,东莞市虎门镇卫生服务中心,01-000046,东莞市虎门镇卫生服务中心::01-000046,混合性通气功能障碍,4,train,288,295,1.0243055555555556
row_000925__ea2e5b21e4084aa1b0679e271085b45b,925,ea2e5b21e4084aa1b0679e271085b45b,东莞市虎门镇卫生服务中心,01-000046,东莞市虎门镇卫生服务中心::01-000046,混合性通气功能障碍,4,train,293,283,1.0353356890459364
row_000926__c12bb2518ea34d8680a57a6124f51dfd,926,c12bb2518ea34d8680a57a6124f51dfd,东莞市虎门镇卫生服务中心,01-000046,东莞市虎门镇卫生服务中心::01-000046,混合性通气功能障碍,4,train,283,299,1.0565371024734982
row_000929__400931cf00a647c5a5a8132c765aca42,929,400931cf00a647c5a5a8132c765aca42,广州市越秀区珠光街社区卫生服务中心,01-000322,广州市越秀区珠光街社区卫生服务中心::01-000322,肺通气功能正常,2,val,337,349,1.0356083086053411
row_000930__07b02f43b99d4b59b8d83657d9f9f73e,930,07b02f43b99d4b59b8d83657d9f9f73e,深圳市南山区龙辉社区健康服务中心,01-000257,深圳市南山区龙辉社区健康服务中心::01-000257,阻塞性通气功能障碍,3,train,323,272,1.1875
row_000931__110228f56bd54863be74fce4807ca5f6,931,110228f56bd54863be74fce4807ca5f6,深圳市南山区龙辉社区健康服务中心,01-000257,深圳市南山区龙辉社区健康服务中心::01-000257,阻塞性通气功能障碍,3,train,307,272,1.1286764705882353
row_000933__2f8831aba3e4463a810a021b706369d3,933,2f8831aba3e4463a810a021b706369d3,佛山市南海区盐步医院,01-000506,佛山市南海区盐步医院::01-000506,肺通气功能正常,2,test,510,496,1.028225806451613
row_000934__032ad2cbd85e40d694b172b126bb94d7,934,032ad2cbd85e40d694b172b126bb94d7,佛山市南海区盐步医院,01-000506,佛山市南海区盐步医院::01-000506,肺通气功能正常,2,test,513,488,1.0512295081967213
row_000935__962e27191b154264a6aeb634384a23f7,935,962e27191b154264a6aeb634384a23f7,佛山市南海区盐步医院,01-000506,佛山市南海区盐步医院::01-000506,肺通气功能正常,2,test,505,490,1.030612244897959
row_000936__c58d8ae57bcc41edada212e665aada88,936,c58d8ae57bcc41edada212e665aada88,深圳市南山区南园社区健康服务中心,01-000224,深圳市南山区南园社区健康服务中心::01-000224,阻塞性通气功能障碍,3,train,351,340,1.0323529411764707
row_000938__a2f4a90f1a7f4820b19eca8570da5429,938,a2f4a90f1a7f4820b19eca8570da5429,深圳市南山区南园社区健康服务中心,01-000224,深圳市南山区南园社区健康服务中心::01-000224,阻塞性通气功能障碍,3,train,367,348,1.0545977011494252
row_000942__b160109bfcdc41fcae041aa4e47a15c2,942,b160109bfcdc41fcae041aa4e47a15c2,深圳市南山区蔚蓝海岸社区健康服务中心,01-000244,深圳市南山区蔚蓝海岸社区健康服务中心::01-000244,阻塞性通气功能障碍,3,train,376,372,1.010752688172043
row_000943__c069853111644e9889415a6d3280584b,943,c069853111644e9889415a6d3280584b,深圳市南山区蔚蓝海岸社区健康服务中心,01-000244,深圳市南山区蔚蓝海岸社区健康服务中心::01-000244,阻塞性通气功能障碍,3,train,407,388,1.0489690721649485
row_000944__8d7613d7a236402cb58f4d9b01ece892,944,8d7613d7a236402cb58f4d9b01ece892,深圳市南山区蔚蓝海岸社区健康服务中心,01-000244,深圳市南山区蔚蓝海岸社区健康服务中心::01-000244,阻塞性通气功能障碍,3,train,395,376,1.050531914893617
row_000945__7e81812bd5ce43619829cf31b04c5b9f,945,7e81812bd5ce43619829cf31b04c5b9f,东莞市长安镇社区卫生服务中心,01-000834,东莞市长安镇社区卫生服务中心::01-000834,肺通气功能正常,2,val,383,400,1.0443864229765014
row_000946__db28e6ce0f54458e9c4db7305bca86db,946,db28e6ce0f54458e9c4db7305bca86db,东莞市长安镇社区卫生服务中心,01-000834,东莞市长安镇社区卫生服务中心::01-000834,肺通气功能正常,2,val,398,400,1.0050251256281406
row_000947__457320e8ff024883819c82938419865c,947,457320e8ff024883819c82938419865c,东莞市长安镇社区卫生服务中心,01-000834,东莞市长安镇社区卫生服务中心::01-000834,肺通气功能正常,2,val,398,410,1.0301507537688441
row_000948__d356290ad76c476a9a199a57672385db,948,d356290ad76c476a9a199a57672385db,东莞市洪梅镇社区卫生服务中心,01-000160,东莞市洪梅镇社区卫生服务中心::01-000160,肺通气功能正常,2,val,486,488,1.0041152263374487
row_000949__b4b5b75ce2fb419f8c8847481cc999b3,949,b4b5b75ce2fb419f8c8847481cc999b3,东莞市洪梅镇社区卫生服务中心,01-000160,东莞市洪梅镇社区卫生服务中心::01-000160,肺通气功能正常,2,val,495,493,1.0040567951318458
row_000950__25c5510ec2c14866ac7928a2bae801f7,950,25c5510ec2c14866ac7928a2bae801f7,东莞市洪梅镇社区卫生服务中心,01-000160,东莞市洪梅镇社区卫生服务中心::01-000160,肺通气功能正常,2,val,493,490,1.006122448979592
row_000951__99cd9ce87fa240abba166709c18a1c00,951,99cd9ce87fa240abba166709c18a1c00,深圳市南山区德意名居社区健康服务中心,01-000293,深圳市南山区德意名居社区健康服务中心::01-000293,限制性通气功能障碍,1,test,196,164,1.1951219512195121
row_000952__b795238078bb41c49a79ec1ac747f327,952,b795238078bb41c49a79ec1ac747f327,深圳市南山区德意名居社区健康服务中心,01-000293,深圳市南山区德意名居社区健康服务中心::01-000293,限制性通气功能障碍,1,test,232,204,1.1372549019607843
row_000953__cdd2990390344ef7a7055339095e763d,953,cdd2990390344ef7a7055339095e763d,深圳市南山区德意名居社区健康服务中心,01-000293,深圳市南山区德意名居社区健康服务中心::01-000293,限制性通气功能障碍,1,test,215,204,1.053921568627451
row_000956__25b040b8ef0c4964a66860fd7ccfad46,956,25b040b8ef0c4964a66860fd7ccfad46,深圳市南山区峰景社区健康服务中心,01-000226,深圳市南山区峰景社区健康服务中心::01-000226,肺通气功能正常,2,val,252,216,1.1666666666666667
row_000957__7572eb4d58864a8ab3c889c225b46ecc,957,7572eb4d58864a8ab3c889c225b46ecc,深圳市南山区峰景社区健康服务中心,01-000226,深圳市南山区峰景社区健康服务中心::01-000226,肺通气功能正常,2,val,259,224,1.15625
row_000958__a34915713d98447f9f334f37aca6e02e,958,a34915713d98447f9f334f37aca6e02e,深圳市南山区峰景社区健康服务中心,01-000226,深圳市南山区峰景社区健康服务中心::01-000226,肺通气功能正常,2,val,260,216,1.2037037037037037
row_000959__bc1ea05281684722b0e8a3cb0dc79eca,959,bc1ea05281684722b0e8a3cb0dc79eca,善心体检,01-010356,善心体检::01-010356,阻塞性通气功能障碍,3,train,463,475,1.0259179265658747
row_000960__e7b8e1f17d5147d9918387d36adf5455,960,e7b8e1f17d5147d9918387d36adf5455,善心体检,01-010356,善心体检::01-010356,阻塞性通气功能障碍,3,train,455,458,1.0065934065934066
row_000961__2140b93ebc424fc9b48172dfcaf43f58,961,2140b93ebc424fc9b48172dfcaf43f58,善心体检,01-010356,善心体检::01-010356,阻塞性通气功能障碍,3,train,458,463,1.0109170305676856
row_000962__71a0bb11d825466ca4735b581db1d942,962,71a0bb11d825466ca4735b581db1d942,善心体检,01-010827,善心体检::01-010827,限制性通气功能障碍,1,train,262,262,1.0
row_000966__0def8cd5a7d6413aaa75fe29f576d29f,966,0def8cd5a7d6413aaa75fe29f576d29f,英德市东华镇中心卫生院,01-000448,英德市东华镇中心卫生院::01-000448,混合性通气功能障碍,4,train,197,165,1.1939393939393939
row_000967__b1599ddae61549b3b73ac72b37c7929b,967,b1599ddae61549b3b73ac72b37c7929b,英德市东华镇中心卫生院,01-000448,英德市东华镇中心卫生院::01-000448,混合性通气功能障碍,4,train,188,155,1.2129032258064516
row_000968__6872c5a2c9f34ce58ab1a9fadf24fa3a,968,6872c5a2c9f34ce58ab1a9fadf24fa3a,佛山市南海区盐步医院,01-000427,佛山市南海区盐步医院::01-000427,肺通气功能正常,2,train,300,285,1.0526315789473684
row_000969__3a5a8e7ecd2e4755915edac478eb295b,969,3a5a8e7ecd2e4755915edac478eb295b,佛山市南海区盐步医院,01-000427,佛山市南海区盐步医院::01-000427,肺通气功能正常,2,train,299,287,1.0418118466898956
row_000970__927cf1ebb6204016b79af9b4e5b54fb6,970,927cf1ebb6204016b79af9b4e5b54fb6,佛山市南海区盐步医院,01-000427,佛山市南海区盐步医院::01-000427,肺通气功能正常,2,train,304,288,1.0555555555555556
row_000971__910e41ffa7b441ad82c2e74ee4e07d47,971,910e41ffa7b441ad82c2e74ee4e07d47,深圳市坪山区人民医院浪尾社区健康服务中心,01-000147,深圳市坪山区人民医院浪尾社区健康服务中心::01-000147,肺通气功能正常,2,train,314,324,1.0318471337579618
row_000972__e180eb69015c43e184e559d7a17d9fa7,972,e180eb69015c43e184e559d7a17d9fa7,深圳市坪山区人民医院浪尾社区健康服务中心,01-000147,深圳市坪山区人民医院浪尾社区健康服务中心::01-000147,肺通气功能正常,2,train,317,332,1.0473186119873816
row_000973__9db41ae06e744755a5fc182abbae89b3,973,9db41ae06e744755a5fc182abbae89b3,深圳市坪山区人民医院浪尾社区健康服务中心,01-000147,深圳市坪山区人民医院浪尾社区健康服务中心::01-000147,肺通气功能正常,2,train,310,260,1.1923076923076923
row_000974__30a1917dc61c4b73a6496987b943adbe,974,30a1917dc61c4b73a6496987b943adbe,深圳市南山区大汪社区健康服务中心,01-000242,深圳市南山区大汪社区健康服务中心::01-000242,阻塞性通气功能障碍,3,val,280,284,1.0142857142857142
row_000975__065f43428cfa48cb9d87e5eebfc56ff2,975,065f43428cfa48cb9d87e5eebfc56ff2,深圳市南山区大汪社区健康服务中心,01-000242,深圳市南山区大汪社区健康服务中心::01-000242,阻塞性通气功能障碍,3,val,327,244,1.3401639344262295
row_000976__3d707d1f5bc44f66b495583bc5329a02,976,3d707d1f5bc44f66b495583bc5329a02,深圳市南山区大汪社区健康服务中心,01-000242,深圳市南山区大汪社区健康服务中心::01-000242,阻塞性通气功能障碍,3,val,236,232,1.0172413793103448
row_000977__a81b9e9c8b8345978bbe2727616cca6d,977,a81b9e9c8b8345978bbe2727616cca6d,佛山市南海区盐步医院,01-001042,佛山市南海区盐步医院::01-001042,肺通气功能正常,2,val,468,459,1.0196078431372548
row_000979__af5bed16e0a54384befef0a8220cb4b6,979,af5bed16e0a54384befef0a8220cb4b6,佛山市南海区盐步医院,01-001042,佛山市南海区盐步医院::01-001042,肺通气功能正常,2,val,470,482,1.025531914893617
row_000980__24c246ac390844758289447aa57e30a1,980,24c246ac390844758289447aa57e30a1,善心体检,01-008652,善心体检::01-008652,肺通气功能正常,2,val,485,411,1.1800486618004866
row_000981__59a9639f997e4e3da91c531f067ee753,981,59a9639f997e4e3da91c531f067ee753,善心体检,01-008652,善心体检::01-008652,肺通气功能正常,2,val,478,409,1.1687041564792175
row_000982__430a9f22366d4587b21c7122b4d95ddd,982,430a9f22366d4587b21c7122b4d95ddd,善心体检,01-008652,善心体检::01-008652,肺通气功能正常,2,val,494,438,1.1278538812785388
row_000983__4b864c632e584323a70972f969405fa3,983,4b864c632e584323a70972f969405fa3,善心体检,01-008649,善心体检::01-008649,肺通气功能正常,2,test,383,369,1.037940379403794
row_000984__00e877cc0be0493da13f1859cd42d27f,984,00e877cc0be0493da13f1859cd42d27f,善心体检,01-008649,善心体检::01-008649,肺通气功能正常,2,test,396,362,1.0939226519337018
row_000985__c45a3f9febee4a23a623f6fd81e8b246,985,c45a3f9febee4a23a623f6fd81e8b246,善心体检,01-008649,善心体检::01-008649,肺通气功能正常,2,test,397,390,1.0179487179487179
row_000986__02465ab691e04e3d9540b5b9cf47748b,986,02465ab691e04e3d9540b5b9cf47748b,深圳市南山区医疗集团总部海珠社区健康服务中心,01-000055,深圳市南山区医疗集团总部海珠社区健康服务中心::01-000055,肺通气功能正常,2,train,308,312,1.0129870129870129
row_000987__27c4cd11dd52413e9010a02e6c4b7005,987,27c4cd11dd52413e9010a02e6c4b7005,深圳市南山区医疗集团总部海珠社区健康服务中心,01-000055,深圳市南山区医疗集团总部海珠社区健康服务中心::01-000055,肺通气功能正常,2,train,288,304,1.0555555555555556
row_000988__b2a51ed1f04e4d16b4c5aec0221b6733,988,b2a51ed1f04e4d16b4c5aec0221b6733,深圳市南山区医疗集团总部海珠社区健康服务中心,01-000055,深圳市南山区医疗集团总部海珠社区健康服务中心::01-000055,肺通气功能正常,2,train,304,320,1.0526315789473684
row_000990__ee5c427b5bb04a4e981fe249dfedf770,990,ee5c427b5bb04a4e981fe249dfedf770,潭江镇中心卫生院,01-000727,潭江镇中心卫生院::01-000727,限制性通气功能障碍,1,train,178,148,1.2027027027027026
row_000994__fa4041c21d2440b2ab9c7f134f0fb33f,994,fa4041c21d2440b2ab9c7f134f0fb33f,善心体检,01-010966,善心体检::01-010966,小气道功能障碍,6,train,305,235,1.297872340425532
row_001000__0768986fee42433bba3c4a4502957e0c,1000,0768986fee42433bba3c4a4502957e0c,化州市中垌卫生院,02-001584,化州市中垌卫生院::02-001584,限制性通气功能障碍,1,val,208,210,1.0096153846153846
row_001001__cf30c8efcfb8494398d58c772918706b,1001,cf30c8efcfb8494398d58c772918706b,化州市中垌卫生院,02-001584,化州市中垌卫生院::02-001584,限制性通气功能障碍,1,val,228,218,1.0458715596330275
row_001002__9435b2233c21470dac1968165f3f7f22,1002,9435b2233c21470dac1968165f3f7f22,化州市中垌卫生院,02-001584,化州市中垌卫生院::02-001584,限制性通气功能障碍,1,val,233,228,1.0219298245614035
row_001003__d7f35047ebdb4f5782618151c591b9bd,1003,d7f35047ebdb4f5782618151c591b9bd,佛山市南海区第七人民医院,01-000448,佛山市南海区第七人民医院::01-000448,肺通气功能正常,2,train,522,522,1.0
row_001004__286750f3a26d41f38b63fc822ceade03,1004,286750f3a26d41f38b63fc822ceade03,佛山市南海区第七人民医院,01-000448,佛山市南海区第七人民医院::01-000448,肺通气功能正常,2,train,520,518,1.0038610038610039
row_001005__edd4f44cd23b4bf4a2b5ffbbd2ace116,1005,edd4f44cd23b4bf4a2b5ffbbd2ace116,佛山市南海区第七人民医院,01-000448,佛山市南海区第七人民医院::01-000448,肺通气功能正常,2,train,522,510,1.0235294117647058
row_001006__21ef1c267c144d72a2dd7077544ec024,1006,21ef1c267c144d72a2dd7077544ec024,衙边社区健康服务中心,01-000550,衙边社区健康服务中心::01-000550,肺通气功能正常,2,train,323,300,1.0766666666666667
row_001007__82b192f26ed549eeae638434718c0207,1007,82b192f26ed549eeae638434718c0207,衙边社区健康服务中心,01-000550,衙边社区健康服务中心::01-000550,肺通气功能正常,2,train,364,358,1.0167597765363128
row_001009__9a3f501cc0b14793b38ed2b2a3d6326f,1009,9a3f501cc0b14793b38ed2b2a3d6326f,东莞市洪梅镇社区卫生服务中心,01-000237,东莞市洪梅镇社区卫生服务中心::01-000237,肺通气功能正常,2,train,391,400,1.0230179028132993
row_001010__1263c105357047679196d6c22056e722,1010,1263c105357047679196d6c22056e722,东莞市洪梅镇社区卫生服务中心,01-000237,东莞市洪梅镇社区卫生服务中心::01-000237,肺通气功能正常,2,train,401,408,1.0174563591022443
row_001011__ab90a15695884f37b3e04252a49cdc38,1011,ab90a15695884f37b3e04252a49cdc38,东莞市洪梅镇社区卫生服务中心,01-000237,东莞市洪梅镇社区卫生服务中心::01-000237,肺通气功能正常,2,train,391,405,1.0358056265984654
row_001012__8e7b2b1e6eca4eedb7b9886d29eaed3d,1012,8e7b2b1e6eca4eedb7b9886d29eaed3d,善心体检,01-010152,善心体检::01-010152,肺通气功能正常,2,train,259,264,1.0193050193050193
row_001013__a6cb9d7b0449495f9f19f02b751ec66e,1013,a6cb9d7b0449495f9f19f02b751ec66e,善心体检,01-010152,善心体检::01-010152,肺通气功能正常,2,train,257,250,1.028
row_001015__5a5b634267bd49f2b08847752a23327a,1015,5a5b634267bd49f2b08847752a23327a,水田社康中心,01-000763,水田社康中心::01-000763,阻塞性通气功能障碍,3,val,494,466,1.0600858369098713
row_001016__985b798d82ec4f088939e74bd75a8553,1016,985b798d82ec4f088939e74bd75a8553,水田社康中心,01-000763,水田社康中心::01-000763,阻塞性通气功能障碍,3,val,492,476,1.0336134453781514
row_001018__086af9a509484027b529cceffe77b245,1018,086af9a509484027b529cceffe77b245,深圳市南山区蔚蓝海岸社区健康服务中心,01-000253,深圳市南山区蔚蓝海岸社区健康服务中心::01-000253,阻塞性通气功能障碍,3,train,403,384,1.0494791666666667
row_001019__bbb6dc3fcdd0459f90149f8b0acb57fb,1019,bbb6dc3fcdd0459f90149f8b0acb57fb,深圳市南山区蔚蓝海岸社区健康服务中心,01-000253,深圳市南山区蔚蓝海岸社区健康服务中心::01-000253,阻塞性通气功能障碍,3,train,399,384,1.0390625
row_001020__a21c50dce33948ea9cc8f6aedbb4229d,1020,a21c50dce33948ea9cc8f6aedbb4229d,深圳市南山区蔚蓝海岸社区健康服务中心,01-000253,深圳市南山区蔚蓝海岸社区健康服务中心::01-000253,阻塞性通气功能障碍,3,train,407,392,1.038265306122449
row_001024__bd43041d897d4a27a6a2320bea324817,1024,bd43041d897d4a27a6a2320bea324817,深圳市南山区赤湾社区健康服务中心,01-000181,深圳市南山区赤湾社区健康服务中心::01-000181,阻塞性通气功能障碍,3,train,351,316,1.110759493670886
row_001025__5a3bc00e2757486c85f4497791ecbc50,1025,5a3bc00e2757486c85f4497791ecbc50,深圳市南山区赤湾社区健康服务中心,01-000181,深圳市南山区赤湾社区健康服务中心::01-000181,阻塞性通气功能障碍,3,train,355,328,1.0823170731707317
row_001026__f8ea5b6fa2d04cd08ecb83ebdfe6576e,1026,f8ea5b6fa2d04cd08ecb83ebdfe6576e,深圳市南山区赤湾社区健康服务中心,01-000181,深圳市南山区赤湾社区健康服务中心::01-000181,阻塞性通气功能障碍,3,train,347,292,1.1883561643835616
row_001027__4ae22c55a9584801bfd9ae57f4c00a9b,1027,4ae22c55a9584801bfd9ae57f4c00a9b,深圳市南山区东角头社区健康服务中心,01-000267,深圳市南山区东角头社区健康服务中心::01-000267,阻塞性通气功能障碍,3,test,248,244,1.0163934426229508
row_001028__d1e3e4badb484b13b3f5e2d6041ea863,1028,d1e3e4badb484b13b3f5e2d6041ea863,深圳市南山区东角头社区健康服务中心,01-000267,深圳市南山区东角头社区健康服务中心::01-000267,阻塞性通气功能障碍,3,test,244,244,1.0
row_001029__a2ae4fe083dc4e49a0842da27cba2c4a,1029,a2ae4fe083dc4e49a0842da27cba2c4a,深圳市南山区东角头社区健康服务中心,01-000267,深圳市南山区东角头社区健康服务中心::01-000267,阻塞性通气功能障碍,3,test,244,240,1.0166666666666666
row_001030__03730317459f48d7a1059b175b4d7ae3,1030,03730317459f48d7a1059b175b4d7ae3,珠海市横琴新区（镇）社区卫生服务中心,01-000734,珠海市横琴新区（镇）社区卫生服务中心::01-000734,限制性通气功能障碍,1,train,185,155,1.1935483870967742
row_001031__4756c30256f749108e932c5abad7ba5c,1031,4756c30256f749108e932c5abad7ba5c,珠海市横琴新区（镇）社区卫生服务中心,01-000734,珠海市横琴新区（镇）社区卫生服务中心::01-000734,限制性通气功能障碍,1,train,178,148,1.2027027027027026
row_001032__f454a65c75884b9592b9665c6da55268,1032,f454a65c75884b9592b9665c6da55268,珠海市横琴新区（镇）社区卫生服务中心,01-000734,珠海市横琴新区（镇）社区卫生服务中心::01-000734,限制性通气功能障碍,1,train,173,158,1.0949367088607596
row_001033__6357dc874940454caf9268fa475d2601,1033,6357dc874940454caf9268fa475d2601,善心体检,01-010953,善心体检::01-010953,肺通气功能正常,2,train,269,263,1.0228136882129277
row_001034__a21f514cc80a41748796c64634d6ff8e,1034,a21f514cc80a41748796c64634d6ff8e,善心体检,01-010953,善心体检::01-010953,肺通气功能正常,2,train,284,262,1.083969465648855
row_001035__eedc78fe9f144b4788ea69359917191e,1035,eedc78fe9f144b4788ea69359917191e,善心体检,01-010953,善心体检::01-010953,肺通气功能正常,2,train,278,254,1.094488188976378
row_001036__716cd5651e144905afa39aef5c28828f,1036,716cd5651e144905afa39aef5c28828f,佛山市南海区盐步医院,01-000237,佛山市南海区盐步医院::01-000237,肺通气功能正常,2,test,360,373,1.0361111111111112
row_001037__08d8fb1e2f6a43b98dd41c7ed87052e8,1037,08d8fb1e2f6a43b98dd41c7ed87052e8,佛山市南海区盐步医院,01-000237,佛山市南海区盐步医院::01-000237,肺通气功能正常,2,test,356,380,1.0674157303370786
row_001038__17c9a5026c31412787ce8554ba662c17,1038,17c9a5026c31412787ce8554ba662c17,佛山市南海区盐步医院,01-000237,佛山市南海区盐步医院::01-000237,肺通气功能正常,2,test,367,385,1.0490463215258856
row_001042__4eed989ff54a49cdaa95c82dbeb12df3,1042,4eed989ff54a49cdaa95c82dbeb12df3,深圳市南山区荔湾社区健康服务中心,01-000199,深圳市南山区荔湾社区健康服务中心::01-000199,阻塞性通气功能障碍,3,train,435,412,1.0558252427184467
row_001043__9c7193c39ca94015b0452593fcf0c974,1043,9c7193c39ca94015b0452593fcf0c974,深圳市南山区荔湾社区健康服务中心,01-000199,深圳市南山区荔湾社区健康服务中心::01-000199,阻塞性通气功能障碍,3,train,420,424,1.0095238095238095
row_001044__cf1185b3bee044c1868e9441ff71df04,1044,cf1185b3bee044c1868e9441ff71df04,深圳市南山区荔湾社区健康服务中心,01-000199,深圳市南山区荔湾社区健康服务中心::01-000199,阻塞性通气功能障碍,3,train,432,424,1.0188679245283019
row_001045__df33896c7fc04cd2b61187a95ca47c4c,1045,df33896c7fc04cd2b61187a95ca47c4c,深圳市南山区月亮湾社区健康服务中心,01-000205,深圳市南山区月亮湾社区健康服务中心::01-000205,肺通气功能正常,2,train,423,412,1.0266990291262137
row_001046__077631ecfebc4076b7fe8623950c40d0,1046,077631ecfebc4076b7fe8623950c40d0,深圳市南山区月亮湾社区健康服务中心,01-000205,深圳市南山区月亮湾社区健康服务中心::01-000205,肺通气功能正常,2,train,427,388,1.1005154639175259
row_001047__03dcc16e54c84b828a5223e0b31f61a9,1047,03dcc16e54c84b828a5223e0b31f61a9,深圳市南山区月亮湾社区健康服务中心,01-000205,深圳市南山区月亮湾社区健康服务中心::01-000205,肺通气功能正常,2,train,431,416,1.0360576923076923
row_001048__1730077205994e48988c0b8cdcbf73b6,1048,1730077205994e48988c0b8cdcbf73b6,英德市东华镇中心卫生院,01-000430,英德市东华镇中心卫生院::01-000430,混合性通气功能障碍,4,train,220,218,1.0091743119266054
row_001049__e3199f4ff498445ab48b42aed75d3dd0,1049,e3199f4ff498445ab48b42aed75d3dd0,英德市东华镇中心卫生院,01-000430,英德市东华镇中心卫生院::01-000430,混合性通气功能障碍,4,train,208,220,1.0576923076923077
row_001050__852b06025ce944df98b948ae55431b77,1050,852b06025ce944df98b948ae55431b77,英德市东华镇中心卫生院,01-000430,英德市东华镇中心卫生院::01-000430,混合性通气功能障碍,4,train,212,207,1.0241545893719808
row_001051__1ce39c80d59e4d4eb763a1931198bce8,1051,1ce39c80d59e4d4eb763a1931198bce8,东莞市虎门镇卫生服务中心,01-000091,东莞市虎门镇卫生服务中心::01-000091,肺通气功能正常,2,test,310,281,1.103202846975089
row_001052__1aa6fe44d3274af9a388143aea157fee,1052,1aa6fe44d3274af9a388143aea157fee,东莞市虎门镇卫生服务中心,01-000091,东莞市虎门镇卫生服务中心::01-000091,肺通气功能正常,2,test,298,274,1.0875912408759123
row_001053__65de53f299074ca58e1b9e7e1645590c,1053,65de53f299074ca58e1b9e7e1645590c,东莞市虎门镇卫生服务中心,01-000091,东莞市虎门镇卫生服务中心::01-000091,肺通气功能正常,2,test,313,283,1.1060070671378093
row_001054__39d5cc9666d74e1daf62d6df4fd09c57,1054,39d5cc9666d74e1daf62d6df4fd09c57,佛山市南海区盐步医院,01-001212,佛山市南海区盐步医院::01-001212,肺通气功能正常,2,train,326,335,1.0276073619631902
row_001055__6ac343093d9d41509dcc9bfe885ad09f,1055,6ac343093d9d41509dcc9bfe885ad09f,佛山市南海区盐步医院,01-001212,佛山市南海区盐步医院::01-001212,肺通气功能正常,2,train,333,340,1.021021021021021
row_001056__1fcfd0d1a3504f10af390eb4291f3283,1056,1fcfd0d1a3504f10af390eb4291f3283,佛山市南海区盐步医院,01-001212,佛山市南海区盐步医院::01-001212,肺通气功能正常,2,train,330,338,1.0242424242424242
row_001057__814f0081d60347c5bd4789273847695b,1057,814f0081d60347c5bd4789273847695b,善心体检,01-008550,善心体检::01-008550,阻塞性通气功能障碍,3,train,408,398,1.0251256281407035
row_001058__a77ce3a773224ab4865428428cc06c40,1058,a77ce3a773224ab4865428428cc06c40,善心体检,01-008550,善心体检::01-008550,阻塞性通气功能障碍,3,train,398,383,1.0391644908616189
row_001059__65724720d528438ea50143b6be513af4,1059,65724720d528438ea50143b6be513af4,善心体检,01-008550,善心体检::01-008550,阻塞性通气功能障碍,3,train,403,333,1.2102102102102101
row_001060__f009ddea37494b2d9b86c2ce88044d1b,1060,f009ddea37494b2d9b86c2ce88044d1b,广州市越秀区大东街社区卫生服务中心,01-000030,广州市越秀区大东街社区卫生服务中心::01-000030,不可用/不明确,0,train,292,299,1.023972602739726
row_001061__6293cf3ad17d44e8a262cf9406f5a0b2,1061,6293cf3ad17d44e8a262cf9406f5a0b2,广州市越秀区大东街社区卫生服务中心,01-000030,广州市越秀区大东街社区卫生服务中心::01-000030,不可用/不明确,0,train,305,296,1.0304054054054055
row_001062__3c68f8e776614a299a8be48503998413,1062,3c68f8e776614a299a8be48503998413,广州市越秀区大东街社区卫生服务中心,01-000030,广州市越秀区大东街社区卫生服务中心::01-000030,不可用/不明确,0,train,307,300,1.0233333333333334
row_001063__9f44828a4b2546ebb40186faea2660f8,1063,9f44828a4b2546ebb40186faea2660f8,英德市东华镇中心卫生院,01-000542,英德市东华镇中心卫生院::01-000542,混合性通气功能障碍,4,train,152,145,1.0482758620689656
row_001064__abc2b068279c4a53a0512a926531b213,1064,abc2b068279c4a53a0512a926531b213,英德市东华镇中心卫生院,01-000542,英德市东华镇中心卫生院::01-000542,混合性通气功能障碍,4,train,140,121,1.1570247933884297
row_001065__adaed222b44f4245a8ab3f9343f8003c,1065,adaed222b44f4245a8ab3f9343f8003c,善心体检,01-011340,善心体检::01-011340,肺通气功能正常,2,train,373,333,1.12012012012012
row_001067__c1ba86e5377246e1aa817eba964f5581,1067,c1ba86e5377246e1aa817eba964f5581,善心体检,01-011340,善心体检::01-011340,肺通气功能正常,2,train,373,358,1.041899441340782
row_001068__617167999efa43a986c2e5b428443709,1068,617167999efa43a986c2e5b428443709,深圳市南山区松坪山社区健康服务中心,01-000279,深圳市南山区松坪山社区健康服务中心::01-000279,肺通气功能正常,2,test,484,488,1.0082644628099173
row_001069__e89133239a5f465f89757c6a513de1ce,1069,e89133239a5f465f89757c6a513de1ce,深圳市南山区松坪山社区健康服务中心,01-000279,深圳市南山区松坪山社区健康服务中心::01-000279,肺通气功能正常,2,test,440,495,1.125
row_001070__3b2ead11ee684e5899838f31639c2adf,1070,3b2ead11ee684e5899838f31639c2adf,深圳市南山区松坪山社区健康服务中心,01-000279,深圳市南山区松坪山社区健康服务中心::01-000279,肺通气功能正常,2,test,472,356,1.3258426966292134
row_001071__e27a99b94cb2477c9325fe5c37547e08,1071,e27a99b94cb2477c9325fe5c37547e08,东莞市东城社区卫生服务中心,01-000477,东莞市东城社区卫生服务中心::01-000477,限制性通气功能障碍,1,train,323,339,1.0495356037151702
row_001072__5973a402618541918c903805465f3c3a,1072,5973a402618541918c903805465f3c3a,东莞市东城社区卫生服务中心,01-000477,东莞市东城社区卫生服务中心::01-000477,限制性通气功能障碍,1,train,308,293,1.0511945392491469
row_001073__b920cb58d50849c49cfe63c47c726d47,1073,b920cb58d50849c49cfe63c47c726d47,东莞市东城社区卫生服务中心,01-000477,东莞市东城社区卫生服务中心::01-000477,限制性通气功能障碍,1,train,313,315,1.0063897763578276
row_001074__02807072c0a94e24b942a97f8ff34067,1074,02807072c0a94e24b942a97f8ff34067,深圳市南山区大汪社区健康服务中心,01-000236,深圳市南山区大汪社区健康服务中心::01-000236,肺通气功能正常,2,train,208,196,1.0612244897959184
row_001075__4b38348e03a543958e71669baf5696a4,1075,4b38348e03a543958e71669baf5696a4,深圳市南山区大汪社区健康服务中心,01-000236,深圳市南山区大汪社区健康服务中心::01-000236,肺通气功能正常,2,train,348,264,1.3181818181818181
row_001077__174c08a283f3404da12050288125450f,1077,174c08a283f3404da12050288125450f,善心体检,01-008720,善心体检::01-008720,肺通气功能正常,2,train,335,261,1.2835249042145593
row_001078__6d3158671b29434b8227813b910d6e9f,1078,6d3158671b29434b8227813b910d6e9f,善心体检,01-008720,善心体检::01-008720,肺通气功能正常,2,train,333,255,1.3058823529411765
row_001080__3d023d3b0e3c439384e9ac3abb8d3df0,1080,3d023d3b0e3c439384e9ac3abb8d3df0,深圳市南山区龙辉社区健康服务中心,01-000236,深圳市南山区龙辉社区健康服务中心::01-000236,肺通气功能正常,2,test,288,292,1.0138888888888888
row_001081__c40197604cc34d7b8593d62144b9a562,1081,c40197604cc34d7b8593d62144b9a562,深圳市南山区龙辉社区健康服务中心,01-000236,深圳市南山区龙辉社区健康服务中心::01-000236,肺通气功能正常,2,test,300,296,1.0135135135135136
row_001082__d0989be26afa408b874e329f2264d4bb,1082,d0989be26afa408b874e329f2264d4bb,深圳市南山区龙辉社区健康服务中心,01-000236,深圳市南山区龙辉社区健康服务中心::01-000236,肺通气功能正常,2,test,300,328,1.0933333333333333
row_001083__f417ae2991b0415cb535901ef8a72bcf,1083,f417ae2991b0415cb535901ef8a72bcf,龙岗中心医院南联社区健康服务中心,01-000921,龙岗中心医院南联社区健康服务中心::01-000921,肺通气功能正常,2,train,319,263,1.2129277566539924
row_001084__4ba85db0c1e04a57a15f707423767c39,1084,4ba85db0c1e04a57a15f707423767c39,龙岗中心医院南联社区健康服务中心,01-000921,龙岗中心医院南联社区健康服务中心::01-000921,肺通气功能正常,2,train,335,333,1.006006006006006
row_001085__2d20f8cf823a47d0bbf03d541f8c9268,1085,2d20f8cf823a47d0bbf03d541f8c9268,龙岗中心医院南联社区健康服务中心,01-000921,龙岗中心医院南联社区健康服务中心::01-000921,肺通气功能正常,2,train,330,328,1.0060975609756098
row_001086__4990d56b7ca245beb50d7e00593b25b6,1086,4990d56b7ca245beb50d7e00593b25b6,善心体检,01-010222,善心体检::01-010222,肺通气功能正常,2,val,309,288,1.0729166666666667
row_001089__70a96c451b284a689b8a9941d2c7e2fa,1089,70a96c451b284a689b8a9941d2c7e2fa,深圳市南山区白芒社区健康服务中心,01-000186,深圳市南山区白芒社区健康服务中心::01-000186,肺通气功能正常,2,train,359,344,1.0436046511627908
row_001090__a1dfc95d97cb4328bed4ee9144666cfa,1090,a1dfc95d97cb4328bed4ee9144666cfa,深圳市南山区白芒社区健康服务中心,01-000186,深圳市南山区白芒社区健康服务中心::01-000186,肺通气功能正常,2,train,360,372,1.0333333333333334
row_001091__d160e3b4ba7f4eb9bf2908ce5c6ee2b1,1091,d160e3b4ba7f4eb9bf2908ce5c6ee2b1,深圳市南山区白芒社区健康服务中心,01-000186,深圳市南山区白芒社区健康服务中心::01-000186,肺通气功能正常,2,train,379,368,1.0298913043478262
row_001092__852bcce15756473089c8656f62621ccf,1092,852bcce15756473089c8656f62621ccf,东莞市塘厦镇卫生服务中心,01-000569,东莞市塘厦镇卫生服务中心::01-000569,肺通气功能正常,2,train,448,445,1.006741573033708
row_001093__d9846ac1c84f4d5fbb278c747ca8a514,1093,d9846ac1c84f4d5fbb278c747ca8a514,东莞市塘厦镇卫生服务中心,01-000569,东莞市塘厦镇卫生服务中心::01-000569,肺通气功能正常,2,train,448,445,1.006741573033708
row_001094__da35de77dc85489990b6058cc84bfe62,1094,da35de77dc85489990b6058cc84bfe62,东莞市塘厦镇卫生服务中心,01-000569,东莞市塘厦镇卫生服务中心::01-000569,肺通气功能正常,2,train,448,445,1.006741573033708
row_001095__3755569a47984429a1a52d5d74ac9370,1095,3755569a47984429a1a52d5d74ac9370,珠海市斗门区斗门镇中心卫生院,01-000055,珠海市斗门区斗门镇中心卫生院::01-000055,肺通气功能正常,2,train,205,170,1.2058823529411764
row_001096__8284d46ae4c34ba09c3c037ac6d49f85,1096,8284d46ae4c34ba09c3c037ac6d49f85,珠海市斗门区斗门镇中心卫生院,01-000055,珠海市斗门区斗门镇中心卫生院::01-000055,肺通气功能正常,2,train,207,184,1.125
row_001097__56b32ec43b744dfc81dc52496a736efb,1097,56b32ec43b744dfc81dc52496a736efb,珠海市斗门区斗门镇中心卫生院,01-000055,珠海市斗门区斗门镇中心卫生院::01-000055,肺通气功能正常,2,train,203,203,1.0
row_001098__4403f530ef204af79674972c4b26b9b4,1098,4403f530ef204af79674972c4b26b9b4,佛山市南海区盐步医院,01-000426,佛山市南海区盐步医院::01-000426,非特异性通气功能障碍,5,train,398,401,1.0075376884422111
row_001099__362dc0b9e46a427799dfb7c95a173703,1099,362dc0b9e46a427799dfb7c95a173703,佛山市南海区盐步医院,01-000426,佛山市南海区盐步医院::01-000426,非特异性通气功能障碍,5,train,408,403,1.0124069478908189
row_001100__94f87c2f408d4e9f97ad21f8eb368ce1,1100,94f87c2f408d4e9f97ad21f8eb368ce1,佛山市南海区盐步医院,01-000426,佛山市南海区盐步医院::01-000426,非特异性通气功能障碍,5,train,400,398,1.0050251256281406
row_001101__a75ab6a85c1941fb984c001a43b7371b,1101,a75ab6a85c1941fb984c001a43b7371b,深圳市南山区德意名居社区健康服务中心,01-000270,深圳市南山区德意名居社区健康服务中心::01-000270,肺通气功能正常,2,train,263,252,1.0436507936507937
row_001102__b99330b04b3c438c93ca7c630931a571,1102,b99330b04b3c438c93ca7c630931a571,深圳市南山区德意名居社区健康服务中心,01-000270,深圳市南山区德意名居社区健康服务中心::01-000270,肺通气功能正常,2,train,263,224,1.1741071428571428
row_001103__c51bfe369f124a508aec46105aa0fbf6,1103,c51bfe369f124a508aec46105aa0fbf6,深圳市南山区德意名居社区健康服务中心,01-000270,深圳市南山区德意名居社区健康服务中心::01-000270,肺通气功能正常,2,train,255,236,1.0805084745762712
row_001104__71a27540549f4f6babdebcc26ee6ae7e,1104,71a27540549f4f6babdebcc26ee6ae7e,深圳市南山区星海名城社区健康服务中心,01-000142,深圳市南山区星海名城社区健康服务中心::01-000142,不可用/不明确,0,train,303,240,1.2625
row_001110__ba1db40881a84e4bba78d5f8c9ee75ca,1110,ba1db40881a84e4bba78d5f8c9ee75ca,深圳市南山区东角头社区健康服务中心,01-000326,深圳市南山区东角头社区健康服务中心::01-000326,肺通气功能正常,2,train,244,252,1.0327868852459017
row_001111__5e4ec3cd69514c0ebc65bbc0418d3f8d,1111,5e4ec3cd69514c0ebc65bbc0418d3f8d,深圳市南山区东角头社区健康服务中心,01-000326,深圳市南山区东角头社区健康服务中心::01-000326,肺通气功能正常,2,train,244,267,1.0942622950819672
row_001112__340eaabae27b4cccbe8774ea5833b669,1112,340eaabae27b4cccbe8774ea5833b669,深圳市南山区东角头社区健康服务中心,01-000326,深圳市南山区东角头社区健康服务中心::01-000326,肺通气功能正常,2,train,232,244,1.0517241379310345
row_001113__60b173adf7864a1d8fd10530d2dd3c11,1113,60b173adf7864a1d8fd10530d2dd3c11,英德市东华镇中心卫生院,01-000615,英德市东华镇中心卫生院::01-000615,肺通气功能正常,2,train,319,298,1.070469798657718
row_001114__561ca1989c3f4cdf9d1d7e444d4aa969,1114,561ca1989c3f4cdf9d1d7e444d4aa969,英德市东华镇中心卫生院,01-000615,英德市东华镇中心卫生院::01-000615,肺通气功能正常,2,train,348,258,1.3488372093023255
row_001115__9e9feece2c2e46b295d99484234f81bc,1115,9e9feece2c2e46b295d99484234f81bc,英德市东华镇中心卫生院,01-000615,英德市东华镇中心卫生院::01-000615,肺通气功能正常,2,train,328,255,1.2862745098039217
row_001119__5b893c19bb864e99b5a9daf767a823f8,1119,5b893c19bb864e99b5a9daf767a823f8,深圳市南山区南油社区健康服务中心,01-000173,深圳市南山区南油社区健康服务中心::01-000173,肺通气功能正常,2,train,347,268,1.294776119402985
row_001120__72151946f6cb4fc296c7bab4863f5a4f,1120,72151946f6cb4fc296c7bab4863f5a4f,深圳市南山区南油社区健康服务中心,01-000173,深圳市南山区南油社区健康服务中心::01-000173,肺通气功能正常,2,train,351,320,1.096875
row_001121__03c5099cafc34541930e49fa30804e32,1121,03c5099cafc34541930e49fa30804e32,深圳市南山区南油社区健康服务中心,01-000173,深圳市南山区南油社区健康服务中心::01-000173,肺通气功能正常,2,train,343,300,1.1433333333333333
row_001124__0bc6940aeb26458b8c504533b4713e01,1124,0bc6940aeb26458b8c504533b4713e01,鹤山市桃源镇卫生院,01-000065,鹤山市桃源镇卫生院::01-000065,阻塞性通气功能障碍,3,val,515,530,1.029126213592233
row_001125__6162710824db461ea3a6e8846855d9ca,1125,6162710824db461ea3a6e8846855d9ca,深圳市南山区新围社区健康服务中心,01-000207,深圳市南山区新围社区健康服务中心::01-000207,限制性通气功能障碍,1,train,195,184,1.059782608695652
row_001126__84d48bde73904939b9934c1e713c31e2,1126,84d48bde73904939b9934c1e713c31e2,深圳市南山区新围社区健康服务中心,01-000207,深圳市南山区新围社区健康服务中心::01-000207,限制性通气功能障碍,1,train,192,188,1.0212765957446808
row_001127__e9b651352d2f4a8ea9f471239819a46d,1127,e9b651352d2f4a8ea9f471239819a46d,深圳市南山区新围社区健康服务中心,01-000207,深圳市南山区新围社区健康服务中心::01-000207,限制性通气功能障碍,1,train,195,168,1.1607142857142858
row_001128__cfd911cca2b64f909c736a0c8807ebde,1128,cfd911cca2b64f909c736a0c8807ebde,深圳市南山区阳光社区健康服务中心,01-000286,深圳市南山区阳光社区健康服务中心::01-000286,肺通气功能正常,2,test,400,404,1.01
row_001129__6da0e628a88d428dacb2842fd7a33de5,1129,6da0e628a88d428dacb2842fd7a33de5,深圳市南山区阳光社区健康服务中心,01-000286,深圳市南山区阳光社区健康服务中心::01-000286,肺通气功能正常,2,test,424,428,1.009433962264151
row_001130__c55b955f73724a0ea0ea17af36ae1872,1130,c55b955f73724a0ea0ea17af36ae1872,深圳市南山区阳光社区健康服务中心,01-000286,深圳市南山区阳光社区健康服务中心::01-000286,肺通气功能正常,2,test,440,444,1.009090909090909
row_001132__1b922c78aef84ef5a0d6a682b962a684,1132,1b922c78aef84ef5a0d6a682b962a684,水田社康中心,01-000736,水田社康中心::01-000736,肺通气功能正常,2,test,315,248,1.2701612903225807
row_001133__52c6ea9056ea4dbd88aec5af6e50ff1b,1133,52c6ea9056ea4dbd88aec5af6e50ff1b,水田社康中心,01-000736,水田社康中心::01-000736,肺通气功能正常,2,test,315,288,1.09375
row_001134__a1e95133a0204efc9db8f3582d193b75,1134,a1e95133a0204efc9db8f3582d193b75,阳江市阳东区大沟镇中心卫生院,01-000073,阳江市阳东区大沟镇中心卫生院::01-000073,限制性通气功能障碍,1,train,151,148,1.0202702702702702
row_001137__445615ba34984283b7b9f6a0bc9639e3,1137,445615ba34984283b7b9f6a0bc9639e3,深圳市南山区大学城社区健康服务中心,01-000362,深圳市南山区大学城社区健康服务中心::01-000362,肺通气功能正常,2,train,263,200,1.315
row_001141__d098c65add514d5aa5722549e42a09ef,1141,d098c65add514d5aa5722549e42a09ef,广州市越秀区建设街社区卫生服务中心,01-000146,广州市越秀区建设街社区卫生服务中心::01-000146,肺通气功能正常,2,val,328,303,1.0825082508250825
row_001142__5c1722ab08164513bdbbce11306b885c,1142,5c1722ab08164513bdbbce11306b885c,广州市越秀区建设街社区卫生服务中心,01-000146,广州市越秀区建设街社区卫生服务中心::01-000146,肺通气功能正常,2,val,324,302,1.0728476821192052
row_001143__1fbb3bb65b0b4ab99bf59c43e7b64f1e,1143,1fbb3bb65b0b4ab99bf59c43e7b64f1e,广州市越秀区建设街社区卫生服务中心,01-000146,广州市越秀区建设街社区卫生服务中心::01-000146,肺通气功能正常,2,val,329,287,1.146341463414634
row_001144__8bcc8e31bbb343c1be8bdf11f69a6eda,1144,8bcc8e31bbb343c1be8bdf11f69a6eda,水田社康中心,01-000733,水田社康中心::01-000733,混合性通气功能障碍,4,test,283,250,1.132
row_001145__6ec814fe514b4754aa244db846554023,1145,6ec814fe514b4754aa244db846554023,水田社康中心,01-000733,水田社康中心::01-000733,混合性通气功能障碍,4,test,279,232,1.2025862068965518
row_001146__f98a0b55fc5e4ecb93d9ddaa0dbb2db5,1146,f98a0b55fc5e4ecb93d9ddaa0dbb2db5,水田社康中心,01-000733,水田社康中心::01-000733,混合性通气功能障碍,4,test,273,300,1.098901098901099
row_001149__468c63bcc97f4be1acd800f918c49525,1149,468c63bcc97f4be1acd800f918c49525,深圳市南山区德意名居社区健康服务中心,01-000277,深圳市南山区德意名居社区健康服务中心::01-000277,肺通气功能正常,2,train,275,240,1.1458333333333333
row_001150__c835118474ae4d9fbdf71ee02015edee,1150,c835118474ae4d9fbdf71ee02015edee,深圳市南山区德意名居社区健康服务中心,01-000277,深圳市南山区德意名居社区健康服务中心::01-000277,肺通气功能正常,2,train,268,212,1.2641509433962264
row_001151__fa5bf07880a5412db8832817f615db37,1151,fa5bf07880a5412db8832817f615db37,深圳市南山区德意名居社区健康服务中心,01-000277,深圳市南山区德意名居社区健康服务中心::01-000277,肺通气功能正常,2,train,271,244,1.110655737704918
row_001152__1fd994290cd045da9303c748b47d7e9f,1152,1fd994290cd045da9303c748b47d7e9f,善心体检,01-009172,善心体检::01-009172,阻塞性通气功能障碍,3,train,217,165,1.3151515151515152
row_001153__d02fa3086f124fcca390b765702053c8,1153,d02fa3086f124fcca390b765702053c8,深圳市南山区桃花园社区健康服务中心,01-000477,深圳市南山区桃花园社区健康服务中心::01-000477,限制性通气功能障碍,1,train,331,300,1.1033333333333333
row_001154__57d71e932bc84a0f816554242d2dfa80,1154,57d71e932bc84a0f816554242d2dfa80,深圳市南山区桃花园社区健康服务中心,01-000477,深圳市南山区桃花园社区健康服务中心::01-000477,限制性通气功能障碍,1,train,300,284,1.056338028169014
row_001155__a92b5c90ef384f0b98263c31381efafe,1155,a92b5c90ef384f0b98263c31381efafe,深圳市南山区桃花园社区健康服务中心,01-000477,深圳市南山区桃花园社区健康服务中心::01-000477,限制性通气功能障碍,1,train,379,332,1.141566265060241
row_001156__c12b3964fbd84ce0a8d8c59f35c7640c,1156,c12b3964fbd84ce0a8d8c59f35c7640c,深圳市坪山区人民医院浪尾社区健康服务中心,01-000143,深圳市坪山区人民医院浪尾社区健康服务中心::01-000143,肺通气功能正常,2,test,363,329,1.1033434650455927
row_001157__fb1f2f02cfb1426d904747f9aa68ce7d,1157,fb1f2f02cfb1426d904747f9aa68ce7d,深圳市坪山区人民医院浪尾社区健康服务中心,01-000143,深圳市坪山区人民医院浪尾社区健康服务中心::01-000143,肺通气功能正常,2,test,329,339,1.0303951367781155
row_001158__449fe2e4bb6c4392b4c2cd68f32dfd7b,1158,449fe2e4bb6c4392b4c2cd68f32dfd7b,深圳市坪山区人民医院浪尾社区健康服务中心,01-000143,深圳市坪山区人民医院浪尾社区健康服务中心::01-000143,肺通气功能正常,2,test,339,302,1.1225165562913908
row_001159__fb679533f9a44f7b845b10d4f80e32e3,1159,fb679533f9a44f7b845b10d4f80e32e3,深圳市南山区星海名城社区健康服务中心,01-000208,深圳市南山区星海名城社区健康服务中心::01-000208,限制性通气功能障碍,1,val,272,212,1.2830188679245282
row_001163__68d2bfeae22d45ab9c8d0673ab64cb45,1163,68d2bfeae22d45ab9c8d0673ab64cb45,深圳市南山区龙海家园社区健康服务中心,01-000218,深圳市南山区龙海家园社区健康服务中心::01-000218,混合性通气功能障碍,4,test,236,308,1.305084745762712
row_001166__8c568943aa6a44219b0eca6810f63ef1,1166,8c568943aa6a44219b0eca6810f63ef1,深圳市南山区南园社区健康服务中心,01-000270,深圳市南山区南园社区健康服务中心::01-000270,肺通气功能正常,2,train,347,328,1.0579268292682926
row_001167__ccd234d07a2f42f5998498e9b1a3c5d9,1167,ccd234d07a2f42f5998498e9b1a3c5d9,深圳市南山区南园社区健康服务中心,01-000270,深圳市南山区南园社区健康服务中心::01-000270,肺通气功能正常,2,train,347,292,1.1883561643835616
row_001171__734b107b831a4cf3a39f87bdc9eed775,1171,734b107b831a4cf3a39f87bdc9eed775,深圳市南山区蔚蓝海岸社区健康服务中心,01-000242,深圳市南山区蔚蓝海岸社区健康服务中心::01-000242,阻塞性通气功能障碍,3,train,359,340,1.0558823529411765
row_001172__2cc1de62910748b69fec0f805864dae1,1172,2cc1de62910748b69fec0f805864dae1,深圳市南山区蔚蓝海岸社区健康服务中心,01-000242,深圳市南山区蔚蓝海岸社区健康服务中心::01-000242,阻塞性通气功能障碍,3,train,383,360,1.0638888888888889
row_001173__9845306f4d2f4d8cb9ef28bf83e55d62,1173,9845306f4d2f4d8cb9ef28bf83e55d62,深圳市南山区荔湾社区健康服务中心,01-000221,深圳市南山区荔湾社区健康服务中心::01-000221,肺通气功能正常,2,train,256,252,1.0158730158730158
row_001174__3554be9aceb2439e9414cb9909f01cbf,1174,3554be9aceb2439e9414cb9909f01cbf,深圳市南山区荔湾社区健康服务中心,01-000221,深圳市南山区荔湾社区健康服务中心::01-000221,肺通气功能正常,2,train,279,260,1.073076923076923
row_001175__5dc7d353a2874f118bb821715ab7a91c,1175,5dc7d353a2874f118bb821715ab7a91c,深圳市南山区荔湾社区健康服务中心,01-000221,深圳市南山区荔湾社区健康服务中心::01-000221,肺通气功能正常,2,train,235,220,1.0681818181818181
row_001176__e98c104b0e1a482bad2645c065060a31,1176,e98c104b0e1a482bad2645c065060a31,深圳市南山区龙辉社区健康服务中心,01-000233,深圳市南山区龙辉社区健康服务中心::01-000233,阻塞性通气功能障碍,3,train,256,252,1.0158730158730158
row_001177__1b6ce0fcc89644839c5f2de0740c19f8,1177,1b6ce0fcc89644839c5f2de0740c19f8,深圳市南山区龙辉社区健康服务中心,01-000233,深圳市南山区龙辉社区健康服务中心::01-000233,阻塞性通气功能障碍,3,train,280,288,1.0285714285714285
row_001178__3d0ab81b5841428c826ebf4330ff70c9,1178,3d0ab81b5841428c826ebf4330ff70c9,深圳市南山区龙辉社区健康服务中心,01-000233,深圳市南山区龙辉社区健康服务中心::01-000233,阻塞性通气功能障碍,3,train,276,276,1.0
row_001182__1667f6a7beb446ec81679bc781879d98,1182,1667f6a7beb446ec81679bc781879d98,深圳市南山区星海名城社区健康服务中心,01-000227,深圳市南山区星海名城社区健康服务中心::01-000227,肺通气功能正常,2,train,276,280,1.0144927536231885
row_001184__d5b975668f9a4754af194a6f6b09982c,1184,d5b975668f9a4754af194a6f6b09982c,深圳市南山区星海名城社区健康服务中心,01-000227,深圳市南山区星海名城社区健康服务中心::01-000227,肺通气功能正常,2,train,284,288,1.0140845070422535
row_001185__18f5e7dd7e4846959667114c499a24f4,1185,18f5e7dd7e4846959667114c499a24f4,深圳市南山区福光社区健康服务中心,01-000249,深圳市南山区福光社区健康服务中心::01-000249,肺通气功能正常,2,test,275,248,1.1088709677419355
row_001187__03f68fdd2b244e369a48a0fc7a2bfa9a,1187,03f68fdd2b244e369a48a0fc7a2bfa9a,深圳市南山区福光社区健康服务中心,01-000249,深圳市南山区福光社区健康服务中心::01-000249,肺通气功能正常,2,test,279,244,1.1434426229508197
row_001188__b2dc35619d89474386a5ab71f80d672f,1188,b2dc35619d89474386a5ab71f80d672f,佛山市南海区盐步医院,01-000269,佛山市南海区盐步医院::01-000269,肺通气功能正常,2,train,305,291,1.0481099656357389
row_001192__283c3618bef246acbaa40ad58115c3f6,1192,283c3618bef246acbaa40ad58115c3f6,深圳市南山区荔湾社区健康服务中心,01-000206,深圳市南山区荔湾社区健康服务中心::01-000206,肺通气功能正常,2,train,304,236,1.2881355932203389
row_001194__37f71a0d9c024ea3b841922f1a88818b,1194,37f71a0d9c024ea3b841922f1a88818b,深圳市南山区荔湾社区健康服务中心,01-000193,深圳市南山区荔湾社区健康服务中心::01-000193,肺通气功能正常,2,val,215,192,1.1197916666666667
row_001195__89dd53cdad044bf5858f02f392c4f1ab,1195,89dd53cdad044bf5858f02f392c4f1ab,深圳市南山区荔湾社区健康服务中心,01-000193,深圳市南山区荔湾社区健康服务中心::01-000193,肺通气功能正常,2,val,251,224,1.1205357142857142
row_001196__ea07c284a48f48c891af2c549a1563d1,1196,ea07c284a48f48c891af2c549a1563d1,深圳市南山区荔湾社区健康服务中心,01-000193,深圳市南山区荔湾社区健康服务中心::01-000193,肺通气功能正常,2,val,275,248,1.1088709677419355
row_001197__f54480992db0400d9c016048c9c912ba,1197,f54480992db0400d9c016048c9c912ba,惠城区麦地社区卫生服务中心,01-000224,惠城区麦地社区卫生服务中心::01-000224,阻塞性通气功能障碍,3,train,336,274,1.2262773722627738
row_001198__d60475a8259d4f1dba7a0de917ba3f8c,1198,d60475a8259d4f1dba7a0de917ba3f8c,惠城区麦地社区卫生服务中心,01-000224,惠城区麦地社区卫生服务中心::01-000224,阻塞性通气功能障碍,3,train,339,278,1.2194244604316546
row_001199__ffafa9a6ae1b4eccaec6d5284e4b12bd,1199,ffafa9a6ae1b4eccaec6d5284e4b12bd,惠城区麦地社区卫生服务中心,01-000224,惠城区麦地社区卫生服务中心::01-000224,阻塞性通气功能障碍,3,train,332,250,1.328
row_001201__b9290b75a3a54b5f8fb9478df9e0db0c,1201,b9290b75a3a54b5f8fb9478df9e0db0c,遂溪县遂城镇卫生院,01-000056,遂溪县遂城镇卫生院::01-000056,阻塞性通气功能障碍,3,train,318,283,1.1236749116607774
row_001202__fabc57f7a7da48a59d95be20cdeccac3,1202,fabc57f7a7da48a59d95be20cdeccac3,遂溪县遂城镇卫生院,01-000056,遂溪县遂城镇卫生院::01-000056,阻塞性通气功能障碍,3,train,321,330,1.02803738317757
row_001203__838b799b4d394b5c81dbcda0b0ded6eb,1203,838b799b4d394b5c81dbcda0b0ded6eb,遂溪县遂城镇卫生院,01-000056,遂溪县遂城镇卫生院::01-000056,阻塞性通气功能障碍,3,train,303,278,1.089928057553957
row_001208__c9f1064ce2c34a0a9962a176a973fa8c,1208,c9f1064ce2c34a0a9962a176a973fa8c,深圳市南山区深圳湾社区健康服务中心,01-000353,深圳市南山区深圳湾社区健康服务中心::01-000353,肺通气功能正常,2,train,296,300,1.0135135135135136
row_001209__cc2396bb1b3548faa08e7b31abecc37e,1209,cc2396bb1b3548faa08e7b31abecc37e,深圳市南山区深圳湾社区健康服务中心,01-000353,深圳市南山区深圳湾社区健康服务中心::01-000353,肺通气功能正常,2,train,288,296,1.0277777777777777
row_001210__362caba5547f4bf1a5dd6ac29ee7e937,1210,362caba5547f4bf1a5dd6ac29ee7e937,深圳市南山区深圳湾社区健康服务中心,01-000353,深圳市南山区深圳湾社区健康服务中心::01-000353,肺通气功能正常,2,train,296,316,1.0675675675675675
row_001213__70aeafc409904b1e98ad8ecafb5eca99,1213,70aeafc409904b1e98ad8ecafb5eca99,深圳市南山区南园社区健康服务中心,01-000239,深圳市南山区南园社区健康服务中心::01-000239,肺通气功能正常,2,val,216,276,1.2777777777777777
row_001214__d723e00da3f541e8b2a38d3140858007,1214,d723e00da3f541e8b2a38d3140858007,深圳市南山区桃花园社区健康服务中心,01-000483,深圳市南山区桃花园社区健康服务中心::01-000483,肺通气功能正常,2,val,251,240,1.0458333333333334
row_001215__c8c17766ec584d1fb36e483c72ac5eb2,1215,c8c17766ec584d1fb36e483c72ac5eb2,深圳市南山区桃花园社区健康服务中心,01-000483,深圳市南山区桃花园社区健康服务中心::01-000483,肺通气功能正常,2,val,240,236,1.0169491525423728
row_001216__7bcfc774d73447daa13c6f80f14faeed,1216,7bcfc774d73447daa13c6f80f14faeed,深圳市南山区桃花园社区健康服务中心,01-000483,深圳市南山区桃花园社区健康服务中心::01-000483,肺通气功能正常,2,val,268,264,1.0151515151515151
row_001217__9589e5c4adfd4246b8db809ab67a23f1,1217,9589e5c4adfd4246b8db809ab67a23f1,深圳市南山区荔湾社区健康服务中心,01-000160,深圳市南山区荔湾社区健康服务中心::01-000160,肺通气功能正常,2,val,219,204,1.0735294117647058
row_001218__4ba413f8fa494ae6ac4ea765d9d57bbe,1218,4ba413f8fa494ae6ac4ea765d9d57bbe,深圳市南山区荔湾社区健康服务中心,01-000160,深圳市南山区荔湾社区健康服务中心::01-000160,肺通气功能正常,2,val,211,180,1.1722222222222223
row_001219__865a86a12d4f428da2afb4ea4f0abf72,1219,865a86a12d4f428da2afb4ea4f0abf72,深圳市南山区荔湾社区健康服务中心,01-000160,深圳市南山区荔湾社区健康服务中心::01-000160,肺通气功能正常,2,val,211,172,1.2267441860465116
row_001220__8a3ca229f2034a2598bfedea9a7efdf3,1220,8a3ca229f2034a2598bfedea9a7efdf3,深圳市南山区福光社区健康服务中心,01-000316,深圳市南山区福光社区健康服务中心::01-000316,限制性通气功能障碍,1,val,268,232,1.1551724137931034
row_001221__bb602d953d5e43ad84830a4fe3e95181,1221,bb602d953d5e43ad84830a4fe3e95181,深圳市南山区福光社区健康服务中心,01-000316,深圳市南山区福光社区健康服务中心::01-000316,限制性通气功能障碍,1,val,259,216,1.1990740740740742
row_001222__511d1519bd0c4d1ba187fa6139046e9b,1222,511d1519bd0c4d1ba187fa6139046e9b,深圳市南山区福光社区健康服务中心,01-000316,深圳市南山区福光社区健康服务中心::01-000316,限制性通气功能障碍,1,val,275,236,1.1652542372881356
row_001223__874c75db482f4014ac8f8f85b556ac5f,1223,874c75db482f4014ac8f8f85b556ac5f,深圳市南山区赤湾社区健康服务中心,01-000144,深圳市南山区赤湾社区健康服务中心::01-000144,限制性通气功能障碍,1,test,400,404,1.01
row_001224__c830f7918ca34c1a8176c7e6c6a34a54,1224,c830f7918ca34c1a8176c7e6c6a34a54,深圳市南山区赤湾社区健康服务中心,01-000144,深圳市南山区赤湾社区健康服务中心::01-000144,限制性通气功能障碍,1,test,384,404,1.0520833333333333
row_001225__6866b04d842a4923aac8224f56090aa0,1225,6866b04d842a4923aac8224f56090aa0,深圳市南山区赤湾社区健康服务中心,01-000144,深圳市南山区赤湾社区健康服务中心::01-000144,限制性通气功能障碍,1,test,403,380,1.0605263157894738
row_001226__4fe7354419f74ecda2091e078a7d1416,1226,4fe7354419f74ecda2091e078a7d1416,深圳市南山区医疗集团总部海珠社区健康服务中心,01-000018,深圳市南山区医疗集团总部海珠社区健康服务中心::01-000018,肺通气功能正常,2,test,304,323,1.0625
row_001227__fd60af69f07b41c6bfea886bedea606e,1227,fd60af69f07b41c6bfea886bedea606e,深圳市南山区医疗集团总部海珠社区健康服务中心,01-000018,深圳市南山区医疗集团总部海珠社区健康服务中心::01-000018,肺通气功能正常,2,test,300,323,1.0766666666666667
row_001228__9dbdcfc92c2d4e32aeb5691f3c2256b2,1228,9dbdcfc92c2d4e32aeb5691f3c2256b2,深圳市南山区蔚蓝海岸社区健康服务中心,01-000210,深圳市南山区蔚蓝海岸社区健康服务中心::01-000210,限制性通气功能障碍,1,train,188,176,1.0681818181818181
row_001229__1243af1c8caf43e09f49fabf07038dfa,1229,1243af1c8caf43e09f49fabf07038dfa,深圳市南山区蔚蓝海岸社区健康服务中心,01-000210,深圳市南山区蔚蓝海岸社区健康服务中心::01-000210,限制性通气功能障碍,1,train,204,196,1.0408163265306123
row_001230__14a55e99631d457d98138fa8e94cfcff,1230,14a55e99631d457d98138fa8e94cfcff,珠海市香洲区梅华社区卫生服务中心,01-000383,珠海市香洲区梅华社区卫生服务中心::01-000383,阻塞性通气功能障碍,3,train,155,120,1.2916666666666667
row_001233__a8f575dce9964979960c69432b32aefd,1233,a8f575dce9964979960c69432b32aefd,深圳市南山区东角头社区健康服务中心,01-000277,深圳市南山区东角头社区健康服务中心::01-000277,小气道功能障碍,6,train,243,232,1.0474137931034482
row_001234__64207d845443418cbb1db8fb61865318,1234,64207d845443418cbb1db8fb61865318,深圳市南山区东角头社区健康服务中心,01-000277,深圳市南山区东角头社区健康服务中心::01-000277,小气道功能障碍,6,train,263,248,1.060483870967742
row_001235__40c3c97b7db545eb82a65ffc916a6adf,1235,40c3c97b7db545eb82a65ffc916a6adf,深圳市南山区东角头社区健康服务中心,01-000277,深圳市南山区东角头社区健康服务中心::01-000277,小气道功能障碍,6,train,244,240,1.0166666666666666
row_001236__0bcbbb3006284189a8dd61cd399f7375,1236,0bcbbb3006284189a8dd61cd399f7375,深圳市南山区花果山东社区健康服务中心,01-000310,深圳市南山区花果山东社区健康服务中心::01-000310,阻塞性通气功能障碍,3,train,403,304,1.325657894736842
row_001237__fce14be7283a40c2a34b2f404f5377ed,1237,fce14be7283a40c2a34b2f404f5377ed,深圳市南山区花果山东社区健康服务中心,01-000310,深圳市南山区花果山东社区健康服务中心::01-000310,阻塞性通气功能障碍,3,train,383,320,1.196875
row_001238__d30a58ae2b064d97adf179296e7061f2,1238,d30a58ae2b064d97adf179296e7061f2,深圳市南山区花果山东社区健康服务中心,01-000310,深圳市南山区花果山东社区健康服务中心::01-000310,阻塞性通气功能障碍,3,train,395,368,1.0733695652173914
row_001242__1e96c71299d646fe86ce105e179203b1,1242,1e96c71299d646fe86ce105e179203b1,佛山市南海区第七人民医院,01-000155,佛山市南海区第七人民医院::01-000155,阻塞性通气功能障碍,3,train,533,530,1.0056603773584907
row_001243__38a250417e3a40b0bc1d64a7d45541d4,1243,38a250417e3a40b0bc1d64a7d45541d4,佛山市南海区第七人民医院,01-000155,佛山市南海区第七人民医院::01-000155,阻塞性通气功能障碍,3,train,542,515,1.0524271844660193
row_001244__fa556d2c422e4d9d9df247790b8bb3e7,1244,fa556d2c422e4d9d9df247790b8bb3e7,佛山市南海区第七人民医院,01-000155,佛山市南海区第七人民医院::01-000155,阻塞性通气功能障碍,3,train,530,511,1.0371819960861057
row_001248__8bbb860e1c414178b5dba189be0d8d04,1248,8bbb860e1c414178b5dba189be0d8d04,佛山复星禅城医院,01-000153,佛山复星禅城医院::01-000153,肺通气功能正常,2,test,393,390,1.0076923076923077
row_001249__f28d77c95b834eaba1f30775b8471315,1249,f28d77c95b834eaba1f30775b8471315,广州市越秀区珠光街社区卫生服务中心,01-000274,广州市越秀区珠光街社区卫生服务中心::01-000274,阻塞性通气功能障碍,3,train,353,308,1.146103896103896
row_001250__d67c2d4db3514c7fa25aaf0c1f4058d2,1250,d67c2d4db3514c7fa25aaf0c1f4058d2,广州市越秀区珠光街社区卫生服务中心,01-000274,广州市越秀区珠光街社区卫生服务中心::01-000274,阻塞性通气功能障碍,3,train,353,338,1.044378698224852
row_001251__9bdf671e2b6d4e148bb4096d16a2f8cc,1251,9bdf671e2b6d4e148bb4096d16a2f8cc,广州市越秀区珠光街社区卫生服务中心,01-000274,广州市越秀区珠光街社区卫生服务中心::01-000274,阻塞性通气功能障碍,3,train,344,323,1.065015479876161
row_001253__3907bc5c3f6e41b5b43b0657cb6723b2,1253,3907bc5c3f6e41b5b43b0657cb6723b2,深圳市南山区田厦社区健康服务中心,01-000546,深圳市南山区田厦社区健康服务中心::01-000546,阻塞性通气功能障碍,3,val,323,268,1.205223880597015
row_001256__6548e841d019422680167aa2bf3dc04a,1256,6548e841d019422680167aa2bf3dc04a,深圳市南山区月亮湾社区健康服务中心,01-000230,深圳市南山区月亮湾社区健康服务中心::01-000230,限制性通气功能障碍,1,train,271,256,1.05859375
row_001257__ca05c3d9f0d24e78949d937b5e53dbe5,1257,ca05c3d9f0d24e78949d937b5e53dbe5,深圳市南山区月亮湾社区健康服务中心,01-000230,深圳市南山区月亮湾社区健康服务中心::01-000230,限制性通气功能障碍,1,train,268,272,1.0149253731343284
row_001258__daac1db674134c3bb132490f1cadff5b,1258,daac1db674134c3bb132490f1cadff5b,深圳市南山区桃源社区健康服务中心,01-000313,深圳市南山区桃源社区健康服务中心::01-000313,肺通气功能正常,2,train,300,296,1.0135135135135136
row_001259__0076a47ed686421baa31464f74e0261d,1259,0076a47ed686421baa31464f74e0261d,深圳市南山区桃源社区健康服务中心,01-000313,深圳市南山区桃源社区健康服务中心::01-000313,肺通气功能正常,2,train,308,304,1.013157894736842
row_001260__b15553faffe140bb81de0ab995f6e9f9,1260,b15553faffe140bb81de0ab995f6e9f9,深圳市南山区桃源社区健康服务中心,01-000313,深圳市南山区桃源社区健康服务中心::01-000313,肺通气功能正常,2,train,308,304,1.013157894736842
row_001262__7c892d34277c436a96a4944282a14414,1262,7c892d34277c436a96a4944282a14414,深圳市南山区峰景社区健康服务中心,01-000231,深圳市南山区峰景社区健康服务中心::01-000231,限制性通气功能障碍,1,test,168,128,1.3125
row_001264__7cec942b797c4f0e9f74b300c968b223,1264,7cec942b797c4f0e9f74b300c968b223,深圳市南山区蔚蓝海岸社区健康服务中心,01-000239,深圳市南山区蔚蓝海岸社区健康服务中心::01-000239,肺通气功能正常,2,train,431,372,1.1586021505376345
row_001265__7000b1dc29c44ac8be5f60a58f489097,1265,7000b1dc29c44ac8be5f60a58f489097,深圳市南山区蔚蓝海岸社区健康服务中心,01-000239,深圳市南山区蔚蓝海岸社区健康服务中心::01-000239,肺通气功能正常,2,train,423,392,1.0790816326530612
row_001266__2e03aa2a208c46a780f0de28f993047a,1266,2e03aa2a208c46a780f0de28f993047a,深圳市南山区蔚蓝海岸社区健康服务中心,01-000239,深圳市南山区蔚蓝海岸社区健康服务中心::01-000239,肺通气功能正常,2,train,403,364,1.1071428571428572
row_001267__ac44ebdeda1f4d33a5467d7734efd48c,1267,ac44ebdeda1f4d33a5467d7734efd48c,东莞市中堂镇社区卫生服务中心,01-000182,东莞市中堂镇社区卫生服务中心::01-000182,非特异性通气功能障碍,5,test,312,314,1.0064102564102564
row_001268__280d3c004d904eb5b2ac9a37bd7049f2,1268,280d3c004d904eb5b2ac9a37bd7049f2,东莞市中堂镇社区卫生服务中心,01-000182,东莞市中堂镇社区卫生服务中心::01-000182,非特异性通气功能障碍,5,test,319,303,1.0528052805280528
row_001269__718579d713fb49c798b07201d0b3b630,1269,718579d713fb49c798b07201d0b3b630,东莞市中堂镇社区卫生服务中心,01-000182,东莞市中堂镇社区卫生服务中心::01-000182,非特异性通气功能障碍,5,test,313,258,1.2131782945736433
row_001273__3d5d1b04e5624bd48ddc9ad7aa4042fe,1273,3d5d1b04e5624bd48ddc9ad7aa4042fe,深圳市南山区大汪社区健康服务中心,01-000163,深圳市南山区大汪社区健康服务中心::01-000163,混合性通气功能障碍,4,test,235,212,1.1084905660377358
row_001274__6fa85924e5dd4be3946f54947c4812d3,1274,6fa85924e5dd4be3946f54947c4812d3,深圳市南山区大汪社区健康服务中心,01-000163,深圳市南山区大汪社区健康服务中心::01-000163,混合性通气功能障碍,4,test,328,336,1.024390243902439
row_001275__13f431827678419ead33d770effb04ca,1275,13f431827678419ead33d770effb04ca,深圳市南山区高新社区健康服务中心,01-000172,深圳市南山区高新社区健康服务中心::01-000172,限制性通气功能障碍,1,train,247,224,1.1026785714285714
row_001276__95a9bdf8c29f45038d52936aae3010f9,1276,95a9bdf8c29f45038d52936aae3010f9,深圳市南山区高新社区健康服务中心,01-000172,深圳市南山区高新社区健康服务中心::01-000172,限制性通气功能障碍,1,train,248,252,1.0161290322580645
row_001277__116589f1e416477a9daab42ab1e74b54,1277,116589f1e416477a9daab42ab1e74b54,深圳市南山区高新社区健康服务中心,01-000172,深圳市南山区高新社区健康服务中心::01-000172,限制性通气功能障碍,1,train,260,256,1.015625
row_001278__430dd665ba7b452384fc16ea3d23212f,1278,430dd665ba7b452384fc16ea3d23212f,深圳市南山区峰景社区健康服务中心,01-000276,深圳市南山区峰景社区健康服务中心::01-000276,肺通气功能正常,2,val,264,196,1.346938775510204
row_001279__db4c286978134e348e6435ad1bff2bf2,1279,db4c286978134e348e6435ad1bff2bf2,深圳市南山区峰景社区健康服务中心,01-000276,深圳市南山区峰景社区健康服务中心::01-000276,肺通气功能正常,2,val,292,220,1.3272727272727274
row_001280__a7483167e44c4af2af5b41f8d5c0830a,1280,a7483167e44c4af2af5b41f8d5c0830a,深圳市南山区峰景社区健康服务中心,01-000276,深圳市南山区峰景社区健康服务中心::01-000276,肺通气功能正常,2,val,267,200,1.335
row_001281__86f77cc2fcbf404ab8aff7337faef7cb,1281,86f77cc2fcbf404ab8aff7337faef7cb,深圳市南山区白芒社区健康服务中心,01-000201,深圳市南山区白芒社区健康服务中心::01-000201,肺通气功能正常,2,train,212,232,1.0943396226415094
row_001282__526150a5b7954f7e97dd603840bafdf5,1282,526150a5b7954f7e97dd603840bafdf5,深圳市南山区白芒社区健康服务中心,01-000201,深圳市南山区白芒社区健康服务中心::01-000201,肺通气功能正常,2,train,200,240,1.2
row_001283__401ef5824f7d46d1ae81c40df5e3f78a,1283,401ef5824f7d46d1ae81c40df5e3f78a,深圳市南山区白芒社区健康服务中心,01-000201,深圳市南山区白芒社区健康服务中心::01-000201,肺通气功能正常,2,train,220,236,1.0727272727272728
row_001284__5493985c92fa4554847376f0b64cfc0f,1284,5493985c92fa4554847376f0b64cfc0f,深圳市南山区峰景社区健康服务中心,01-000271,深圳市南山区峰景社区健康服务中心::01-000271,肺通气功能正常,2,train,280,220,1.2727272727272727
row_001287__b87e0b4671ae412590df05ef787ebdc9,1287,b87e0b4671ae412590df05ef787ebdc9,东莞市长安镇社区卫生服务中心,01-001056,东莞市长安镇社区卫生服务中心::01-001056,阻塞性通气功能障碍,3,val,350,350,1.0
row_001288__069b619e00e34b618d2fbff5595aee2b,1288,069b619e00e34b618d2fbff5595aee2b,东莞市长安镇社区卫生服务中心,01-001056,东莞市长安镇社区卫生服务中心::01-001056,阻塞性通气功能障碍,3,val,352,364,1.0340909090909092
row_001289__316823d5d5264717a294e652b3d580cb,1289,316823d5d5264717a294e652b3d580cb,东莞市长安镇社区卫生服务中心,01-001056,东莞市长安镇社区卫生服务中心::01-001056,阻塞性通气功能障碍,3,val,342,362,1.0584795321637428
row_001290__20237286fe03473e92f78d1b2d16e393,1290,20237286fe03473e92f78d1b2d16e393,深圳市南山区荔湾社区健康服务中心,01-000262,深圳市南山区荔湾社区健康服务中心::01-000262,限制性通气功能障碍,1,train,331,312,1.060897435897436
row_001291__bac389e1d769403bb321f1e2540d5901,1291,bac389e1d769403bb321f1e2540d5901,深圳市南山区荔湾社区健康服务中心,01-000262,深圳市南山区荔湾社区健康服务中心::01-000262,限制性通气功能障碍,1,train,323,308,1.0487012987012987
row_001292__31ef280b021c485d92fb25fd21c7e436,1292,31ef280b021c485d92fb25fd21c7e436,深圳市南山区荔湾社区健康服务中心,01-000262,深圳市南山区荔湾社区健康服务中心::01-000262,限制性通气功能障碍,1,train,326,299,1.0903010033444815
row_001294__99210139255a487999e0786c70a2ec94,1294,99210139255a487999e0786c70a2ec94,中山市大涌镇社区卫生服务中心,01-000296,中山市大涌镇社区卫生服务中心::01-000296,限制性通气功能障碍,1,val,315,256,1.23046875
row_001296__a9c8dc2c172741d4a18ac52da7d44588,1296,a9c8dc2c172741d4a18ac52da7d44588,善心体检,01-009311,善心体检::01-009311,限制性通气功能障碍,1,train,148,170,1.1486486486486487
row_001297__a58c209d5d694487b4777e64f34bd870,1297,a58c209d5d694487b4777e64f34bd870,善心体检,01-009311,善心体检::01-009311,限制性通气功能障碍,1,train,165,178,1.0787878787878789
row_001298__84e17ce3c52041a49b7ce55106069b9c,1298,84e17ce3c52041a49b7ce55106069b9c,深圳市南山区医疗集团总部海珠社区健康服务中心,01-000034,深圳市南山区医疗集团总部海珠社区健康服务中心::01-000034,小气道功能障碍,6,train,352,348,1.0114942528735633
row_001299__1d5d0df2936e4e5ca1653864f2a621f2,1299,1d5d0df2936e4e5ca1653864f2a621f2,深圳市南山区医疗集团总部海珠社区健康服务中心,01-000034,深圳市南山区医疗集团总部海珠社区健康服务中心::01-000034,小气道功能障碍,6,train,371,360,1.0305555555555554
row_001300__0b53eb635ca84a66bb8ad02b580cb2f4,1300,0b53eb635ca84a66bb8ad02b580cb2f4,深圳市南山区医疗集团总部海珠社区健康服务中心,01-000034,深圳市南山区医疗集团总部海珠社区健康服务中心::01-000034,小气道功能障碍,6,train,356,356,1.0
row_001301__3a1d5fca97894b629d1a963d4888a627,1301,3a1d5fca97894b629d1a963d4888a627,深圳市南山区德意名居社区健康服务中心,01-000365,深圳市南山区德意名居社区健康服务中心::01-000365,肺通气功能正常,2,test,268,232,1.1551724137931034
row_001302__2d56624f403f40b1a632ba58e166037b,1302,2d56624f403f40b1a632ba58e166037b,深圳市南山区德意名居社区健康服务中心,01-000365,深圳市南山区德意名居社区健康服务中心::01-000365,肺通气功能正常,2,test,271,236,1.1483050847457628
row_001303__05c694b6551e4f2aad34f6e751dc9d70,1303,05c694b6551e4f2aad34f6e751dc9d70,深圳市南山区德意名居社区健康服务中心,01-000365,深圳市南山区德意名居社区健康服务中心::01-000365,肺通气功能正常,2,test,268,204,1.3137254901960784
row_001304__8ec9bd54986c41afb45406c273129471,1304,8ec9bd54986c41afb45406c273129471,善心体检,01-011343,善心体检::01-011343,肺通气功能正常,2,train,232,232,1.0
row_001305__2315c1468ff94b69b576a3834fe660e6,1305,2315c1468ff94b69b576a3834fe660e6,善心体检,01-011343,善心体检::01-011343,肺通气功能正常,2,train,243,234,1.0384615384615385
row_001306__96108737cd8844f392fb54e73db0967b,1306,96108737cd8844f392fb54e73db0967b,善心体检,01-011343,善心体检::01-011343,肺通气功能正常,2,train,242,249,1.0289256198347108
row_001311__ae52fc78ca5540c4b522891ac73aeb5b,1311,ae52fc78ca5540c4b522891ac73aeb5b,东莞市长安镇社区卫生服务中心,01-000815,东莞市长安镇社区卫生服务中心::01-000815,限制性通气功能障碍,1,train,222,203,1.0935960591133005
row_001313__644b912416414fdf8ba0dad5cd80f189,1313,644b912416414fdf8ba0dad5cd80f189,东莞市长安镇社区卫生服务中心,01-000815,东莞市长安镇社区卫生服务中心::01-000815,限制性通气功能障碍,1,train,222,208,1.0673076923076923
row_001314__c0b146abfb124ef698a0675f661daf30,1314,c0b146abfb124ef698a0675f661daf30,水田社康中心,01-000671,水田社康中心::01-000671,肺通气功能正常,2,train,328,285,1.1508771929824562
row_001317__60aa778cf3c0404d8f90c15f9d555693,1317,60aa778cf3c0404d8f90c15f9d555693,深圳市南山区星海名城社区健康服务中心,01-000215,深圳市南山区星海名城社区健康服务中心::01-000215,肺通气功能正常,2,train,275,204,1.3480392156862746
row_001319__7ecf32d30d1a4f19abd1cf9a22a3a1bf,1319,7ecf32d30d1a4f19abd1cf9a22a3a1bf,深圳市南山区星海名城社区健康服务中心,01-000215,深圳市南山区星海名城社区健康服务中心::01-000215,肺通气功能正常,2,train,272,204,1.3333333333333333
row_001320__13509ba8ebb94f3cb68951dca334da65,1320,13509ba8ebb94f3cb68951dca334da65,深圳市南山区龙坤社区健康服务中心,01-000232,深圳市南山区龙坤社区健康服务中心::01-000232,肺通气功能正常,2,train,335,264,1.268939393939394
row_001321__1b5c66b0dcee4f5f9e82ff6cfc6a8aa0,1321,1b5c66b0dcee4f5f9e82ff6cfc6a8aa0,深圳市南山区龙坤社区健康服务中心,01-000232,深圳市南山区龙坤社区健康服务中心::01-000232,肺通气功能正常,2,train,328,324,1.0123456790123457
row_001322__6e351497e3c7401994192598166c83f3,1322,6e351497e3c7401994192598166c83f3,深圳市南山区龙坤社区健康服务中心,01-000232,深圳市南山区龙坤社区健康服务中心::01-000232,肺通气功能正常,2,train,296,324,1.0945945945945945
row_001323__7fc0f22a73f14b36bc5c27318eb37e89,1323,7fc0f22a73f14b36bc5c27318eb37e89,深圳市南山区高新社区健康服务中心,01-000240,深圳市南山区高新社区健康服务中心::01-000240,肺通气功能正常,2,train,247,216,1.1435185185185186
row_001324__e4201f53ca1f4a56a65dd2f6c988dfc0,1324,e4201f53ca1f4a56a65dd2f6c988dfc0,深圳市南山区高新社区健康服务中心,01-000240,深圳市南山区高新社区健康服务中心::01-000240,肺通气功能正常,2,train,247,220,1.1227272727272728
row_001325__1606e4c436a7412089e16dd4af59834d,1325,1606e4c436a7412089e16dd4af59834d,深圳市南山区高新社区健康服务中心,01-000240,深圳市南山区高新社区健康服务中心::01-000240,肺通气功能正常,2,train,263,224,1.1741071428571428
row_001326__53ad3a754435404cabe1ed259a8158d4,1326,53ad3a754435404cabe1ed259a8158d4,深圳市南山区德意名居社区健康服务中心,01-000286,深圳市南山区德意名居社区健康服务中心::01-000286,肺通气功能正常,2,test,339,312,1.0865384615384615
row_001327__216bbcb532b649158ff9801c68d17501,1327,216bbcb532b649158ff9801c68d17501,深圳市南山区德意名居社区健康服务中心,01-000286,深圳市南山区德意名居社区健康服务中心::01-000286,肺通气功能正常,2,test,339,300,1.13
row_001328__aae1c899a8ec4708bbf1d77df639ab8c,1328,aae1c899a8ec4708bbf1d77df639ab8c,深圳市南山区德意名居社区健康服务中心,01-000286,深圳市南山区德意名居社区健康服务中心::01-000286,肺通气功能正常,2,test,331,312,1.060897435897436
row_001329__efe6ea4709154d708438e3556528c657,1329,efe6ea4709154d708438e3556528c657,深圳市南山区福光社区健康服务中心,01-000334,深圳市南山区福光社区健康服务中心::01-000334,肺通气功能正常,2,train,232,192,1.2083333333333333
row_001330__b8a3e88113b9416bbeac586387b11cfe,1330,b8a3e88113b9416bbeac586387b11cfe,深圳市南山区福光社区健康服务中心,01-000334,深圳市南山区福光社区健康服务中心::01-000334,肺通气功能正常,2,train,228,200,1.14
row_001331__8ad35b93eb1243ba92aa9a1fc517d733,1331,8ad35b93eb1243ba92aa9a1fc517d733,深圳市南山区福光社区健康服务中心,01-000334,深圳市南山区福光社区健康服务中心::01-000334,肺通气功能正常,2,train,240,204,1.1764705882352942
row_001333__375fb7bedcc945609c5656009bb28225,1333,375fb7bedcc945609c5656009bb28225,善心体检,01-010815,善心体检::01-010815,肺通气功能正常,2,train,259,207,1.251207729468599
row_001334__a37f67e8304a425dac889cc70d97996c,1334,a37f67e8304a425dac889cc70d97996c,善心体检,01-010815,善心体检::01-010815,肺通气功能正常,2,train,256,237,1.080168776371308
row_001335__82c7fc3d8a134743bb28ed8190cbb967,1335,82c7fc3d8a134743bb28ed8190cbb967,沙头社区健康服务中心,01-000535,沙头社区健康服务中心::01-000535,肺通气功能正常,2,train,422,442,1.04739336492891
row_001336__c6a5e710ebe54471a5c1e3ed7f05c6bb,1336,c6a5e710ebe54471a5c1e3ed7f05c6bb,沙头社区健康服务中心,01-000535,沙头社区健康服务中心::01-000535,肺通气功能正常,2,train,437,395,1.1063291139240505
row_001337__16c1c340bc4243acae300e9e9c10220d,1337,16c1c340bc4243acae300e9e9c10220d,沙头社区健康服务中心,01-000535,沙头社区健康服务中心::01-000535,肺通气功能正常,2,train,421,430,1.0213776722090262
row_001339__335b2edf4dea4527b87f0b5ee0207291,1339,335b2edf4dea4527b87f0b5ee0207291,东莞市塘厦镇卫生服务中心,01-000505,东莞市塘厦镇卫生服务中心::01-000505,肺通气功能正常,2,val,413,410,1.0073170731707317
row_001341__b47f04970e914749b219fe3c402a81a6,1341,b47f04970e914749b219fe3c402a81a6,英德市东华镇中心卫生院,01-000658,英德市东华镇中心卫生院::01-000658,限制性通气功能障碍,1,train,180,160,1.125
row_001342__15a24cc005934e63aa4a0ec0d8da4e4b,1342,15a24cc005934e63aa4a0ec0d8da4e4b,英德市东华镇中心卫生院,01-000658,英德市东华镇中心卫生院::01-000658,限制性通气功能障碍,1,train,210,220,1.0476190476190477
row_001343__2f4c131a5ede42f5afc706e936dfb024,1343,2f4c131a5ede42f5afc706e936dfb024,英德市东华镇中心卫生院,01-000658,英德市东华镇中心卫生院::01-000658,限制性通气功能障碍,1,train,233,208,1.1201923076923077
row_001344__67ee392540d142b89fe244e0e8b0c863,1344,67ee392540d142b89fe244e0e8b0c863,深圳市南山区高新社区健康服务中心,01-000242,深圳市南山区高新社区健康服务中心::01-000242,肺通气功能正常,2,train,260,256,1.015625
row_001345__ff4e4cb08a614504b47124a230729193,1345,ff4e4cb08a614504b47124a230729193,深圳市南山区高新社区健康服务中心,01-000242,深圳市南山区高新社区健康服务中心::01-000242,肺通气功能正常,2,train,263,236,1.1144067796610169
row_001346__0cad2c3829ed4f6ea2eae3719da563e4,1346,0cad2c3829ed4f6ea2eae3719da563e4,深圳市南山区高新社区健康服务中心,01-000242,深圳市南山区高新社区健康服务中心::01-000242,肺通气功能正常,2,train,271,256,1.05859375
row_001349__bde6cc2d11044003b1e60a9410fff2df,1349,bde6cc2d11044003b1e60a9410fff2df,深圳市南山区星海名城社区健康服务中心,01-000214,深圳市南山区星海名城社区健康服务中心::01-000214,肺通气功能正常,2,train,280,208,1.3461538461538463
row_001352__068759c681c44541a4ab1c2befd930e3,1352,068759c681c44541a4ab1c2befd930e3,深圳市南山区白芒社区健康服务中心,01-000231,深圳市南山区白芒社区健康服务中心::01-000231,肺通气功能正常,2,train,352,356,1.0113636363636365
row_001353__a2263a05625d4508abdd9bd068a92557,1353,a2263a05625d4508abdd9bd068a92557,深圳市南山区高新社区健康服务中心,01-000175,深圳市南山区高新社区健康服务中心::01-000175,肺通气功能正常,2,train,247,216,1.1435185185185186
row_001354__a67db7930c43429eb7c291efa5fd8f90,1354,a67db7930c43429eb7c291efa5fd8f90,深圳市南山区高新社区健康服务中心,01-000175,深圳市南山区高新社区健康服务中心::01-000175,肺通气功能正常,2,train,243,216,1.125
row_001355__9786763aaadd4e658545901c6fdeb2d9,1355,9786763aaadd4e658545901c6fdeb2d9,深圳市南山区高新社区健康服务中心,01-000175,深圳市南山区高新社区健康服务中心::01-000175,肺通气功能正常,2,train,259,224,1.15625
row_001356__5083fdc9a4794bc6bf2752bf73d8f0dd,1356,5083fdc9a4794bc6bf2752bf73d8f0dd,东莞市塘厦镇卫生服务中心,01-000434,东莞市塘厦镇卫生服务中心::01-000434,肺通气功能正常,2,val,500,498,1.0040160642570282
row_001357__a56a498c5016448e82a60e6c0110c994,1357,a56a498c5016448e82a60e6c0110c994,东莞市塘厦镇卫生服务中心,01-000434,东莞市塘厦镇卫生服务中心::01-000434,肺通气功能正常,2,val,510,508,1.0039370078740157
row_001358__10c35d6f2e6e447a91396570fe24b322,1358,10c35d6f2e6e447a91396570fe24b322,东莞市塘厦镇卫生服务中心,01-000434,东莞市塘厦镇卫生服务中心::01-000434,肺通气功能正常,2,val,513,510,1.0058823529411764
row_001359__249170e65fc84e5d8901fcbcc0b53546,1359,249170e65fc84e5d8901fcbcc0b53546,深圳市南山区南光社区健康服务中心,01-000294,深圳市南山区南光社区健康服务中心::01-000294,肺通气功能正常,2,train,272,268,1.0149253731343284
row_001360__b687650a0e6246f3a9052ecf26dd9de3,1360,b687650a0e6246f3a9052ecf26dd9de3,深圳市南山区南光社区健康服务中心,01-000294,深圳市南山区南光社区健康服务中心::01-000294,肺通气功能正常,2,train,268,272,1.0149253731343284
row_001361__3d69d25e841146448cafd30f78d6daa8,1361,3d69d25e841146448cafd30f78d6daa8,深圳市南山区南光社区健康服务中心,01-000294,深圳市南山区南光社区健康服务中心::01-000294,肺通气功能正常,2,train,272,264,1.0303030303030303
row_001365__2fcc97819df4431ba08b0e3d55393b8e,1365,2fcc97819df4431ba08b0e3d55393b8e,深圳市坪山区人民医院万科金域缇香社区健康服务中心,01-000144,深圳市坪山区人民医院万科金域缇香社区健康服务中心::01-000144,肺通气功能正常,2,train,264,207,1.2753623188405796
row_001366__0eb060a634334b83bc20e01256a45efe,1366,0eb060a634334b83bc20e01256a45efe,深圳市坪山区人民医院万科金域缇香社区健康服务中心,01-000144,深圳市坪山区人民医院万科金域缇香社区健康服务中心::01-000144,肺通气功能正常,2,train,243,233,1.0429184549356223
row_001367__bafcab4f72784395bee37d66771c79b7,1367,bafcab4f72784395bee37d66771c79b7,深圳市坪山区人民医院万科金域缇香社区健康服务中心,01-000144,深圳市坪山区人民医院万科金域缇香社区健康服务中心::01-000144,肺通气功能正常,2,train,263,228,1.1535087719298245
row_001368__628aaff5c110456888713933a0e73953,1368,628aaff5c110456888713933a0e73953,深圳市南山区荔湾社区健康服务中心,01-000245,深圳市南山区荔湾社区健康服务中心::01-000245,肺通气功能正常,2,train,244,204,1.196078431372549
row_001370__5f9cbd8dd5be41998bf88c1fd1f81dab,1370,5f9cbd8dd5be41998bf88c1fd1f81dab,深圳市南山区荔湾社区健康服务中心,01-000245,深圳市南山区荔湾社区健康服务中心::01-000245,肺通气功能正常,2,train,279,232,1.2025862068965518
row_001371__9d2eac351a4c47d3b60513eb13028dab,1371,9d2eac351a4c47d3b60513eb13028dab,水田社康中心,01-000683,水田社康中心::01-000683,肺通气功能正常,2,val,441,455,1.0317460317460319
row_001372__b1edaec16f684d08999d4e7a56c9d8eb,1372,b1edaec16f684d08999d4e7a56c9d8eb,水田社康中心,01-000683,水田社康中心::01-000683,肺通气功能正常,2,val,433,468,1.0808314087759816
row_001373__0c28129f415f42a69bd5a6996f5e1ee0,1373,0c28129f415f42a69bd5a6996f5e1ee0,佛山市南海区第七人民医院,01-000224,佛山市南海区第七人民医院::01-000224,肺通气功能正常,2,val,568,544,1.0441176470588236
row_001374__9a8dce1b7198406e9c5ab09bf66a2d5a,1374,9a8dce1b7198406e9c5ab09bf66a2d5a,佛山市南海区第七人民医院,01-000224,佛山市南海区第七人民医院::01-000224,肺通气功能正常,2,val,573,540,1.0611111111111111
row_001376__4c46ff6fd69b4a7eba5c27fd5828c301,1376,4c46ff6fd69b4a7eba5c27fd5828c301,佛山市南海区第七人民医院,01-000214,佛山市南海区第七人民医院::01-000214,限制性通气功能障碍,1,train,355,321,1.1059190031152648
row_001377__14eb460f7faf4512ac5113f2e9e2086f,1377,14eb460f7faf4512ac5113f2e9e2086f,佛山市南海区第七人民医院,01-000214,佛山市南海区第七人民医院::01-000214,限制性通气功能障碍,1,train,338,334,1.0119760479041917
row_001378__68db72d135114d6e94d2b814492d7fa6,1378,68db72d135114d6e94d2b814492d7fa6,佛山市南海区第七人民医院,01-000214,佛山市南海区第七人民医院::01-000214,限制性通气功能障碍,1,train,351,325,1.08
row_001379__6790018e318f407486c732ffec43f4ec,1379,6790018e318f407486c732ffec43f4ec,深圳市南山区深圳湾社区健康服务中心,01-000337,深圳市南山区深圳湾社区健康服务中心::01-000337,肺通气功能正常,2,train,296,312,1.054054054054054
row_001380__4381ce09392a473eb6ec8dd66e5da0cd,1380,4381ce09392a473eb6ec8dd66e5da0cd,深圳市南山区深圳湾社区健康服务中心,01-000337,深圳市南山区深圳湾社区健康服务中心::01-000337,肺通气功能正常,2,train,312,308,1.0129870129870129
row_001381__f3a60ccdab57477c9f095a8ee70e991a,1381,f3a60ccdab57477c9f095a8ee70e991a,深圳市南山区深圳湾社区健康服务中心,01-000337,深圳市南山区深圳湾社区健康服务中心::01-000337,肺通气功能正常,2,train,296,292,1.0136986301369864
row_001382__3f8af84bf11a45acaaa3ef245b2e86e2,1382,3f8af84bf11a45acaaa3ef245b2e86e2,深圳市南山区高新社区健康服务中心,01-000222,深圳市南山区高新社区健康服务中心::01-000222,肺通气功能正常,2,test,247,232,1.0646551724137931
row_001383__510f2fbf3b774ffea18d01a3feb60576,1383,510f2fbf3b774ffea18d01a3feb60576,深圳市南山区高新社区健康服务中心,01-000222,深圳市南山区高新社区健康服务中心::01-000222,肺通气功能正常,2,test,260,256,1.015625
row_001384__c19aec69b4e04deb81dd5f9e6364b773,1384,c19aec69b4e04deb81dd5f9e6364b773,深圳市南山区高新社区健康服务中心,01-000222,深圳市南山区高新社区健康服务中心::01-000222,肺通气功能正常,2,test,279,264,1.0568181818181819
row_001385__d20405266e7d44baa275bfb0f8cacfd4,1385,d20405266e7d44baa275bfb0f8cacfd4,东莞市寮步镇社区卫生服务中心,01-001416,东莞市寮步镇社区卫生服务中心::01-001416,肺通气功能正常,2,train,303,265,1.1433962264150943
row_001386__317a80d9317a4524ab94c8aed59854e2,1386,317a80d9317a4524ab94c8aed59854e2,东莞市寮步镇社区卫生服务中心,01-001416,东莞市寮步镇社区卫生服务中心::01-001416,肺通气功能正常,2,train,308,280,1.1
row_001387__e2b87ad47d54413197a40d6c5d01ba24,1387,e2b87ad47d54413197a40d6c5d01ba24,东莞市寮步镇社区卫生服务中心,01-001416,东莞市寮步镇社区卫生服务中心::01-001416,肺通气功能正常,2,train,305,278,1.0971223021582734
row_001388__41153931b8ae45f6bf512deb1ac5a4f1,1388,41153931b8ae45f6bf512deb1ac5a4f1,深圳市南山区德意名居社区健康服务中心,01-000266,深圳市南山区德意名居社区健康服务中心::01-000266,肺通气功能正常,2,train,267,256,1.04296875
row_001389__92c4aae288e849d28638364baea498db,1389,92c4aae288e849d28638364baea498db,深圳市南山区德意名居社区健康服务中心,01-000266,深圳市南山区德意名居社区健康服务中心::01-000266,肺通气功能正常,2,train,295,284,1.0387323943661972
row_001390__51f0183d40c942d792596f4c240c3ae9,1390,51f0183d40c942d792596f4c240c3ae9,深圳市南山区德意名居社区健康服务中心,01-000266,深圳市南山区德意名居社区健康服务中心::01-000266,肺通气功能正常,2,train,284,280,1.0142857142857142
row_001391__4880e87d1e7d40ce959bfebb6330bec8,1391,4880e87d1e7d40ce959bfebb6330bec8,佛山市南海区盐步医院,01-001197,佛山市南海区盐步医院::01-001197,肺通气功能正常,2,train,289,282,1.024822695035461
row_001392__62ba6e569b8c4d429ae8cf88ed20a994,1392,62ba6e569b8c4d429ae8cf88ed20a994,佛山市南海区盐步医院,01-001197,佛山市南海区盐步医院::01-001197,肺通气功能正常,2,train,283,269,1.0520446096654275
row_001393__d886987a61d146e985d9e36890a0dfb5,1393,d886987a61d146e985d9e36890a0dfb5,佛山市南海区盐步医院,01-001197,佛山市南海区盐步医院::01-001197,肺通气功能正常,2,train,284,262,1.083969465648855
row_001396__98163a5578d744ff86142044b1c62692,1396,98163a5578d744ff86142044b1c62692,善心体检,01-008562,善心体检::01-008562,肺通气功能正常,2,train,253,228,1.1096491228070176
row_001398__c9f3a5b82da843fb93be819b7a2f081e,1398,c9f3a5b82da843fb93be819b7a2f081e,化州市中垌卫生院,02-001667,化州市中垌卫生院::02-001667,限制性通气功能障碍,1,val,88,97,1.1022727272727273
row_001399__750a4d4871c94ae2830e4c37c189a07d,1399,750a4d4871c94ae2830e4c37c189a07d,化州市中垌卫生院,02-001667,化州市中垌卫生院::02-001667,限制性通气功能障碍,1,val,101,108,1.0693069306930694
row_001402__40bc5a7cfaa540bd83a6cef14f5d28ab,1402,40bc5a7cfaa540bd83a6cef14f5d28ab,善心体检,01-009344,善心体检::01-009344,不可用/不明确,0,train,380,366,1.0382513661202186
row_001403__7b20c817fe4249d9820eb07979f14c4a,1403,7b20c817fe4249d9820eb07979f14c4a,善心体检,01-009344,善心体检::01-009344,不可用/不明确,0,train,353,375,1.0623229461756374
row_001404__804dc2a3f42e4fbf8d824abd49f56ced,1404,804dc2a3f42e4fbf8d824abd49f56ced,善心体检,01-009344,善心体检::01-009344,不可用/不明确,0,train,373,375,1.0053619302949062
row_001405__d515ae9f16c04038b45c44733920dffb,1405,d515ae9f16c04038b45c44733920dffb,佛山市南海区第七人民医院,01-000312,佛山市南海区第七人民医院::01-000312,肺通气功能正常,2,train,327,320,1.021875
row_001406__d4ab2e852b604939ae14fab00110682a,1406,d4ab2e852b604939ae14fab00110682a,佛山市南海区第七人民医院,01-000312,佛山市南海区第七人民医院::01-000312,肺通气功能正常,2,train,302,270,1.1185185185185185
row_001408__df9c19ead72c4b918f3492e149a00f59,1408,df9c19ead72c4b918f3492e149a00f59,深圳市南山区高新社区健康服务中心,01-000221,深圳市南山区高新社区健康服务中心::01-000221,限制性通气功能障碍,1,train,267,256,1.04296875
row_001409__c7673192a69441fdb95bf581b4ff76ff,1409,c7673192a69441fdb95bf581b4ff76ff,深圳市南山区高新社区健康服务中心,01-000221,深圳市南山区高新社区健康服务中心::01-000221,限制性通气功能障碍,1,train,259,248,1.0443548387096775
row_001410__649d6b1b6d89410aacbbc8e44a684c40,1410,649d6b1b6d89410aacbbc8e44a684c40,深圳市南山区高新社区健康服务中心,01-000221,深圳市南山区高新社区健康服务中心::01-000221,限制性通气功能障碍,1,train,271,256,1.05859375
row_001411__e456edda047646909deeaa887faced55,1411,e456edda047646909deeaa887faced55,深圳市南山区南山社区健康服务中心,01-000282,深圳市南山区南山社区健康服务中心::01-000282,阻塞性通气功能障碍,3,test,260,204,1.2745098039215685
row_001413__f0a0d3f34b60479ca151d0662cd08997,1413,f0a0d3f34b60479ca151d0662cd08997,深圳市南山区南山社区健康服务中心,01-000282,深圳市南山区南山社区健康服务中心::01-000282,阻塞性通气功能障碍,3,test,96,115,1.1979166666666667
row_001414__7202c65463e7483cb7cae37181ceab0e,1414,7202c65463e7483cb7cae37181ceab0e,善心体检,01-008380,善心体检::01-008380,肺通气功能正常,2,train,262,235,1.1148936170212767
row_001415__9c1d4e7abc5044d09fd964b12f79514c,1415,9c1d4e7abc5044d09fd964b12f79514c,善心体检,01-008380,善心体检::01-008380,肺通气功能正常,2,train,262,250,1.048
row_001416__19baa3b12dc44374b3f4448133423e71,1416,19baa3b12dc44374b3f4448133423e71,善心体检,01-008380,善心体检::01-008380,肺通气功能正常,2,train,264,269,1.018939393939394
row_001420__9002e5456d6c418aa5c4529b9cb2e217,1420,9002e5456d6c418aa5c4529b9cb2e217,深圳市南山区星海名城社区健康服务中心,01-000230,深圳市南山区星海名城社区健康服务中心::01-000230,肺通气功能正常,2,train,303,260,1.1653846153846155
row_001421__acb53bd0b78545359cad9fc1e50c3b30,1421,acb53bd0b78545359cad9fc1e50c3b30,深圳市南山区星海名城社区健康服务中心,01-000230,深圳市南山区星海名城社区健康服务中心::01-000230,肺通气功能正常,2,train,288,260,1.1076923076923078
row_001422__70b2da06ba51498388b59f7fea3fabe0,1422,70b2da06ba51498388b59f7fea3fabe0,深圳市南山区星海名城社区健康服务中心,01-000230,深圳市南山区星海名城社区健康服务中心::01-000230,肺通气功能正常,2,train,312,244,1.278688524590164
row_001426__bf8f70a4bc4a470b8d7bfabdae5655bb,1426,bf8f70a4bc4a470b8d7bfabdae5655bb,广州善心体检中心,01-000649,广州善心体检中心::01-000649,肺通气功能正常,2,train,372,363,1.024793388429752
row_001427__6f15ed61f64b4e228af763620a88d8dc,1427,6f15ed61f64b4e228af763620a88d8dc,广州善心体检中心,01-000649,广州善心体检中心::01-000649,肺通气功能正常,2,train,372,350,1.062857142857143
row_001428__e8a32758497f4ce5b4b01dc2ba5866e4,1428,e8a32758497f4ce5b4b01dc2ba5866e4,广州善心体检中心,01-000649,广州善心体检中心::01-000649,肺通气功能正常,2,train,367,347,1.057636887608069
row_001429__23b32a6ef6804ababb2965cbaf7023fd,1429,23b32a6ef6804ababb2965cbaf7023fd,龙岗中心医院南联社区健康服务中心,01-000928,龙岗中心医院南联社区健康服务中心::01-000928,肺通气功能正常,2,train,281,238,1.180672268907563
row_001430__55444dc79117421a83aab5c738b16a6f,1430,55444dc79117421a83aab5c738b16a6f,龙岗中心医院南联社区健康服务中心,01-000928,龙岗中心医院南联社区健康服务中心::01-000928,肺通气功能正常,2,train,309,248,1.2459677419354838
row_001431__5a4be8724a174bce87bab9e906d5a4b6,1431,5a4be8724a174bce87bab9e906d5a4b6,龙岗中心医院南联社区健康服务中心,01-000928,龙岗中心医院南联社区健康服务中心::01-000928,肺通气功能正常,2,train,298,228,1.3070175438596492
row_001432__c39fbb99bf274bac8e2ef3b186846862,1432,c39fbb99bf274bac8e2ef3b186846862,善心体检,01-011926,善心体检::01-011926,肺通气功能正常,2,test,248,238,1.0420168067226891
row_001433__e5ee880745a641a7adb8f31710199520,1433,e5ee880745a641a7adb8f31710199520,善心体检,01-011926,善心体检::01-011926,肺通气功能正常,2,test,245,248,1.0122448979591836
row_001434__cac396393a5e43afa08738f797d01c84,1434,cac396393a5e43afa08738f797d01c84,善心体检,01-011926,善心体检::01-011926,肺通气功能正常,2,test,250,245,1.0204081632653061
row_001436__bd649f1ab617425ca03e7fc04b5d6d99,1436,bd649f1ab617425ca03e7fc04b5d6d99,深圳市南山区龙海家园社区健康服务中心,01-000281,深圳市南山区龙海家园社区健康服务中心::01-000281,限制性通气功能障碍,1,val,176,136,1.2941176470588236
row_001437__ccb9ff82fc244f3fa42d2ebd3d333134,1437,ccb9ff82fc244f3fa42d2ebd3d333134,深圳市南山区龙海家园社区健康服务中心,01-000281,深圳市南山区龙海家园社区健康服务中心::01-000281,限制性通气功能障碍,1,val,175,140,1.25
row_001438__09b5c41ba50248c5ac932d7dbe6bf528,1438,09b5c41ba50248c5ac932d7dbe6bf528,深圳市南山区福光社区健康服务中心,01-000271,深圳市南山区福光社区健康服务中心::01-000271,阻塞性通气功能障碍,3,train,200,196,1.0204081632653061
row_001439__371a9e0447f048a1bd962a86cb747818,1439,371a9e0447f048a1bd962a86cb747818,深圳市南山区福光社区健康服务中心,01-000271,深圳市南山区福光社区健康服务中心::01-000271,阻塞性通气功能障碍,3,train,192,148,1.2972972972972974
row_001441__098abc05acf94f3ab4f62702c41061b9,1441,098abc05acf94f3ab4f62702c41061b9,深圳市南山区高新社区健康服务中心,01-000224,深圳市南山区高新社区健康服务中心::01-000224,肺通气功能正常,2,val,239,224,1.0669642857142858
row_001442__d1771d62de394902863b5903ac3c9d41,1442,d1771d62de394902863b5903ac3c9d41,深圳市南山区高新社区健康服务中心,01-000224,深圳市南山区高新社区健康服务中心::01-000224,肺通气功能正常,2,val,247,228,1.0833333333333333
row_001443__9d8b0b25f73a4c7489b8582e8cce133e,1443,9d8b0b25f73a4c7489b8582e8cce133e,深圳市南山区高新社区健康服务中心,01-000224,深圳市南山区高新社区健康服务中心::01-000224,肺通气功能正常,2,val,240,236,1.0169491525423728
row_001445__5329662ebf1d417980024c54b16dc1eb,1445,5329662ebf1d417980024c54b16dc1eb,深圳市南山区德意名居社区健康服务中心,01-000290,深圳市南山区德意名居社区健康服务中心::01-000290,阻塞性通气功能障碍,3,test,319,292,1.0924657534246576
row_001446__805508a147a9486093bc628b60c6e32d,1446,805508a147a9486093bc628b60c6e32d,深圳市南山区德意名居社区健康服务中心,01-000290,深圳市南山区德意名居社区健康服务中心::01-000290,阻塞性通气功能障碍,3,test,336,308,1.0909090909090908
row_001447__72ba7e5da5e1426ca70e71b85a6b89da,1447,72ba7e5da5e1426ca70e71b85a6b89da,佛山市南海区盐步医院,01-000238,佛山市南海区盐步医院::01-000238,阻塞性通气功能障碍,3,test,403,420,1.0421836228287842
row_001448__d83d0b35c1ea4b6a8a29f5921e1adbca,1448,d83d0b35c1ea4b6a8a29f5921e1adbca,佛山市南海区盐步医院,01-000238,佛山市南海区盐步医院::01-000238,阻塞性通气功能障碍,3,test,408,415,1.017156862745098
row_001449__a4a6090495ee45419d832707ae73d2b5,1449,a4a6090495ee45419d832707ae73d2b5,佛山市南海区盐步医院,01-000238,佛山市南海区盐步医院::01-000238,阻塞性通气功能障碍,3,test,406,405,1.002469135802469
row_001450__dfbdaf5e8f9f4cf7bd0ab06966f4b6ee,1450,dfbdaf5e8f9f4cf7bd0ab06966f4b6ee,广州善心体检中心,01-000644,广州善心体检中心::01-000644,小气道功能障碍,6,train,215,203,1.0591133004926108
row_001452__5c0bc749efa24c75aef1d3fa3fc45d62,1452,5c0bc749efa24c75aef1d3fa3fc45d62,广州善心体检中心,01-000644,广州善心体检中心::01-000644,小气道功能障碍,6,train,208,175,1.1885714285714286
row_001453__67cb7f18091e411fb44fc374ce78de03,1453,67cb7f18091e411fb44fc374ce78de03,深圳市南山区桃源社区健康服务中心,01-000303,深圳市南山区桃源社区健康服务中心::01-000303,混合性通气功能障碍,4,train,244,324,1.3278688524590163
row_001454__84b0db91844d4c7e9c72c8c157c88bd1,1454,84b0db91844d4c7e9c72c8c157c88bd1,深圳市南山区桃源社区健康服务中心,01-000303,深圳市南山区桃源社区健康服务中心::01-000303,混合性通气功能障碍,4,train,268,296,1.1044776119402986
row_001455__32d019f818474fd8814bde2bce9ddc2d,1455,32d019f818474fd8814bde2bce9ddc2d,深圳市南山区桃源社区健康服务中心,01-000303,深圳市南山区桃源社区健康服务中心::01-000303,混合性通气功能障碍,4,train,255,212,1.2028301886792452
row_001456__3c4d54ce268649cf87d235fb82ca836d,1456,3c4d54ce268649cf87d235fb82ca836d,深圳市南山区龙海家园社区健康服务中心,01-000273,深圳市南山区龙海家园社区健康服务中心::01-000273,肺通气功能正常,2,train,364,380,1.043956043956044
row_001458__e6717d8776ac492d8cfbb1489d54c7e2,1458,e6717d8776ac492d8cfbb1489d54c7e2,深圳市南山区龙海家园社区健康服务中心,01-000273,深圳市南山区龙海家园社区健康服务中心::01-000273,肺通气功能正常,2,train,383,352,1.0880681818181819
row_001459__6512e5b670bd4680a06c6cd2abbe1142,1459,6512e5b670bd4680a06c6cd2abbe1142,广州市荔湾区石围塘街社区卫生服务中心,01-000129,广州市荔湾区石围塘街社区卫生服务中心::01-000129,肺通气功能正常,2,train,438,453,1.0342465753424657
row_001460__540de80eaa3c4b5e92f97604d942c716,1460,540de80eaa3c4b5e92f97604d942c716,广州市荔湾区石围塘街社区卫生服务中心,01-000129,广州市荔湾区石围塘街社区卫生服务中心::01-000129,肺通气功能正常,2,train,442,430,1.027906976744186
row_001461__3a9794b047b347c9a6b1be40635138f4,1461,3a9794b047b347c9a6b1be40635138f4,广州市荔湾区石围塘街社区卫生服务中心,01-000129,广州市荔湾区石围塘街社区卫生服务中心::01-000129,肺通气功能正常,2,train,437,420,1.0404761904761906
row_001462__d55ecd9c967b4ef2897377998514fd1d,1462,d55ecd9c967b4ef2897377998514fd1d,佛山市南海区盐步医院,01-000971,佛山市南海区盐步医院::01-000971,肺通气功能正常,2,train,395,393,1.005089058524173
row_001463__613b372bf64f462c9e2442f2c5789075,1463,613b372bf64f462c9e2442f2c5789075,佛山市南海区盐步医院,01-000971,佛山市南海区盐步医院::01-000971,肺通气功能正常,2,train,384,373,1.029490616621984
row_001465__c559bbd75ceb40838e9ce39e4ea89315,1465,c559bbd75ceb40838e9ce39e4ea89315,佛山市南海区盐步医院,01-000859,佛山市南海区盐步医院::01-000859,肺通气功能正常,2,train,343,268,1.2798507462686568
row_001466__ddc7575faf47467d81e7fcbc1cd94118,1466,ddc7575faf47467d81e7fcbc1cd94118,佛山市南海区盐步医院,01-000859,佛山市南海区盐步医院::01-000859,肺通气功能正常,2,train,338,265,1.2754716981132075
row_001470__eb22a5eb16344d03943febeaefe9c183,1470,eb22a5eb16344d03943febeaefe9c183,深圳市南山区白芒社区健康服务中心,01-000230,深圳市南山区白芒社区健康服务中心::01-000230,肺通气功能正常,2,test,315,304,1.0361842105263157
row_001471__551501611ea74a0596cbfcec749d2c52,1471,551501611ea74a0596cbfcec749d2c52,深圳市南山区白芒社区健康服务中心,01-000230,深圳市南山区白芒社区健康服务中心::01-000230,肺通气功能正常,2,test,307,288,1.0659722222222223
row_001472__e14b2967dd2b4d50922c0fdd04ea172e,1472,e14b2967dd2b4d50922c0fdd04ea172e,深圳市南山区白芒社区健康服务中心,01-000230,深圳市南山区白芒社区健康服务中心::01-000230,肺通气功能正常,2,test,316,324,1.0253164556962024
row_001473__cc254844a857480eaadbe3049856271b,1473,cc254844a857480eaadbe3049856271b,深圳市南山区高新社区健康服务中心,01-000216,深圳市南山区高新社区健康服务中心::01-000216,限制性通气功能障碍,1,train,275,264,1.0416666666666667
row_001474__4c9a83bbdebc42d1be8f08b4c5b61b3d,1474,4c9a83bbdebc42d1be8f08b4c5b61b3d,深圳市南山区高新社区健康服务中心,01-000216,深圳市南山区高新社区健康服务中心::01-000216,限制性通气功能障碍,1,train,256,252,1.0158730158730158
row_001475__f0db4b56410f4f16bea306667f5652f9,1475,f0db4b56410f4f16bea306667f5652f9,深圳市南山区高新社区健康服务中心,01-000216,深圳市南山区高新社区健康服务中心::01-000216,限制性通气功能障碍,1,train,264,268,1.0151515151515151
row_001476__d0978adb89e4438ebb29f9263c2c5896,1476,d0978adb89e4438ebb29f9263c2c5896,上南社区健康服务中心,01-000713,上南社区健康服务中心::01-000713,阻塞性通气功能障碍,3,train,333,360,1.0810810810810811
row_001477__94b79e53e1f54f6295c615a445d2c448,1477,94b79e53e1f54f6295c615a445d2c448,上南社区健康服务中心,01-000713,上南社区健康服务中心::01-000713,阻塞性通气功能障碍,3,train,323,345,1.068111455108359
row_001478__14b8963ca9394780909382f236b05930,1478,14b8963ca9394780909382f236b05930,上南社区健康服务中心,01-000713,上南社区健康服务中心::01-000713,阻塞性通气功能障碍,3,train,322,347,1.0776397515527951
row_001479__07dd23a0b6a148c983670d2e05a0b55b,1479,07dd23a0b6a148c983670d2e05a0b55b,东莞市厚街镇社区卫生服务中心,01-000906,东莞市厚街镇社区卫生服务中心::01-000906,肺通气功能正常,2,val,353,355,1.0056657223796035
row_001480__f3c2d78c9d964f68abee079917314ca8,1480,f3c2d78c9d964f68abee079917314ca8,东莞市厚街镇社区卫生服务中心,01-000906,东莞市厚街镇社区卫生服务中心::01-000906,肺通气功能正常,2,val,345,311,1.1093247588424437
row_001481__b3461e69365041e5a363f1bfc27de339,1481,b3461e69365041e5a363f1bfc27de339,东莞市厚街镇社区卫生服务中心,01-000906,东莞市厚街镇社区卫生服务中心::01-000906,肺通气功能正常,2,val,345,316,1.0917721518987342
row_001487__ab2f511cd0724073823b21ffb864fe1b,1487,ab2f511cd0724073823b21ffb864fe1b,佛山市南海区盐步医院,01-000908,佛山市南海区盐步医院::01-000908,肺通气功能正常,2,train,390,300,1.3
row_001490__3270a73770324a25a3cc738638cd71e9,1490,3270a73770324a25a3cc738638cd71e9,善心体检,01-009880,善心体检::01-009880,限制性通气功能障碍,1,train,264,257,1.027237354085603
row_001491__539739e0ae494ea18366def0de391b67,1491,539739e0ae494ea18366def0de391b67,善心体检,01-009880,善心体检::01-009880,限制性通气功能障碍,1,train,254,247,1.0283400809716599
row_001492__589cca3958264603b17301adb207c1af,1492,589cca3958264603b17301adb207c1af,善心体检,01-009880,善心体检::01-009880,限制性通气功能障碍,1,train,247,185,1.335135135135135
row_001493__44918dbfd2334708b1980f5613cba0ad,1493,44918dbfd2334708b1980f5613cba0ad,深圳市南山区龙海家园社区健康服务中心,01-000265,深圳市南山区龙海家园社区健康服务中心::01-000265,阻塞性通气功能障碍,3,val,364,360,1.011111111111111
row_001494__231bd9036a034eb592f84e12acb3a915,1494,231bd9036a034eb592f84e12acb3a915,深圳市南山区龙海家园社区健康服务中心,01-000265,深圳市南山区龙海家园社区健康服务中心::01-000265,阻塞性通气功能障碍,3,val,356,356,1.0
row_001495__5308d4e46ad844abbf6d45487cfcbcbc,1495,5308d4e46ad844abbf6d45487cfcbcbc,深圳市南山区龙海家园社区健康服务中心,01-000265,深圳市南山区龙海家园社区健康服务中心::01-000265,阻塞性通气功能障碍,3,val,252,252,1.0
row_001496__d645f26058a9460fb97ec68f0e271b7e,1496,d645f26058a9460fb97ec68f0e271b7e,善心体检,01-010760,善心体检::01-010760,肺通气功能正常,2,val,267,245,1.089795918367347
row_001497__c5b32adc24f64b628bd3937c2a617160,1497,c5b32adc24f64b628bd3937c2a617160,善心体检,01-010760,善心体检::01-010760,肺通气功能正常,2,val,265,263,1.0076045627376427
row_001498__0c581c23162246f2830b71102a147c76,1498,0c581c23162246f2830b71102a147c76,善心体检,01-010760,善心体检::01-010760,肺通气功能正常,2,val,259,248,1.0443548387096775
row_001499__7c8d91dee36949ec9edebfd5511ca3e2,1499,7c8d91dee36949ec9edebfd5511ca3e2,深圳市南山区赤湾社区健康服务中心,01-000231,深圳市南山区赤湾社区健康服务中心::01-000231,肺通气功能正常,2,train,424,420,1.0095238095238095
row_001500__cb972a9f08e545bbb9f91bf145f8aa89,1500,cb972a9f08e545bbb9f91bf145f8aa89,深圳市南山区赤湾社区健康服务中心,01-000231,深圳市南山区赤湾社区健康服务中心::01-000231,肺通气功能正常,2,train,404,412,1.0198019801980198
row_001501__fb02a8591c3643388e142576fde634a9,1501,fb02a8591c3643388e142576fde634a9,深圳市南山区赤湾社区健康服务中心,01-000231,深圳市南山区赤湾社区健康服务中心::01-000231,肺通气功能正常,2,train,415,400,1.0375
row_001502__988bf71d564a4c819a16a6263b26735a,1502,988bf71d564a4c819a16a6263b26735a,善心体检,01-010081,善心体检::01-010081,肺通气功能正常,2,val,293,287,1.0209059233449478
row_001505__27e3b599b3be4501beaea3c0113500f1,1505,27e3b599b3be4501beaea3c0113500f1,深圳市南山区南园社区健康服务中心,01-000267,深圳市南山区南园社区健康服务中心::01-000267,肺通气功能正常,2,val,323,268,1.205223880597015
row_001506__3fcff87f2fe14ef4841e96b668cf64e4,1506,3fcff87f2fe14ef4841e96b668cf64e4,深圳市南山区南园社区健康服务中心,01-000267,深圳市南山区南园社区健康服务中心::01-000267,肺通气功能正常,2,val,343,312,1.0993589743589745
row_001507__7dec139d11254ec4be1af5074858d4e7,1507,7dec139d11254ec4be1af5074858d4e7,深圳市南山区南园社区健康服务中心,01-000267,深圳市南山区南园社区健康服务中心::01-000267,肺通气功能正常,2,val,347,324,1.0709876543209877
row_001508__eb981a50684f456db75f1618c05b3f9b,1508,eb981a50684f456db75f1618c05b3f9b,东莞市塘厦镇卫生服务中心,01-000640,东莞市塘厦镇卫生服务中心::01-000640,阻塞性通气功能障碍,3,train,318,315,1.0095238095238095
row_001509__8deeabc020274b52acd4faac78071bbc,1509,8deeabc020274b52acd4faac78071bbc,东莞市塘厦镇卫生服务中心,01-000640,东莞市塘厦镇卫生服务中心::01-000640,阻塞性通气功能障碍,3,train,293,290,1.0103448275862068
row_001510__79ba2c90a85441dfa05cb06be27bd058,1510,79ba2c90a85441dfa05cb06be27bd058,东莞市塘厦镇卫生服务中心,01-000640,东莞市塘厦镇卫生服务中心::01-000640,阻塞性通气功能障碍,3,train,305,303,1.0066006600660067
row_001511__3d8cd3f82fd545de97b049c79f769a5e,1511,3d8cd3f82fd545de97b049c79f769a5e,深圳市南山区星海名城社区健康服务中心,01-000175,深圳市南山区星海名城社区健康服务中心::01-000175,肺通气功能正常,2,train,268,204,1.3137254901960784
row_001513__c1d0677a4b4f46de84683313ab4f8e7a,1513,c1d0677a4b4f46de84683313ab4f8e7a,深圳市南山区星海名城社区健康服务中心,01-000175,深圳市南山区星海名城社区健康服务中心::01-000175,肺通气功能正常,2,train,272,232,1.1724137931034482
row_001514__6efac39cb59e459cb480cef3072d85bf,1514,6efac39cb59e459cb480cef3072d85bf,佛山市南海区盐步医院,01-000974,佛山市南海区盐步医院::01-000974,肺通气功能正常,2,train,468,468,1.0
row_001515__a19e1ea153334272bc7907e1462dbed6,1515,a19e1ea153334272bc7907e1462dbed6,佛山市南海区盐步医院,01-000974,佛山市南海区盐步医院::01-000974,肺通气功能正常,2,train,465,473,1.0172043010752687
row_001516__c5c84b937d124e6d9f3f95ee00b8fdeb,1516,c5c84b937d124e6d9f3f95ee00b8fdeb,佛山市南海区盐步医院,01-000974,佛山市南海区盐步医院::01-000974,肺通气功能正常,2,train,479,473,1.0126849894291754
row_001517__52690ea0abe14d0989f6e17aa3c06bbc,1517,52690ea0abe14d0989f6e17aa3c06bbc,深圳市南山区月亮湾社区健康服务中心,01-000237,深圳市南山区月亮湾社区健康服务中心::01-000237,阻塞性通气功能障碍,3,train,340,336,1.0119047619047619
row_001518__11302a972ff24e6bae731abb1203c3a1,1518,11302a972ff24e6bae731abb1203c3a1,深圳市南山区月亮湾社区健康服务中心,01-000237,深圳市南山区月亮湾社区健康服务中心::01-000237,阻塞性通气功能障碍,3,train,332,336,1.0120481927710843
row_001519__224df97d1254487db0aaf35fd465ed23,1519,224df97d1254487db0aaf35fd465ed23,深圳市南山区月亮湾社区健康服务中心,01-000237,深圳市南山区月亮湾社区健康服务中心::01-000237,阻塞性通气功能障碍,3,train,328,332,1.0121951219512195
row_001520__0d4e97f9d63643f4a9451828040cd3e6,1520,0d4e97f9d63643f4a9451828040cd3e6,封开县南丰镇中心卫生院,01-001063,封开县南丰镇中心卫生院::01-001063,限制性通气功能障碍,1,train,137,110,1.2454545454545454
row_001521__d8cd5619de8c43a0bf2b0eb33e4b6b54,1521,d8cd5619de8c43a0bf2b0eb33e4b6b54,封开县南丰镇中心卫生院,01-001063,封开县南丰镇中心卫生院::01-001063,限制性通气功能障碍,1,train,142,144,1.0140845070422535
row_001522__bdb28d6b398b43a39b872f31c8ca5960,1522,bdb28d6b398b43a39b872f31c8ca5960,封开县南丰镇中心卫生院,01-001063,封开县南丰镇中心卫生院::01-001063,限制性通气功能障碍,1,train,144,144,1.0
row_001523__1d95794435c945e89aba178334b1c47c,1523,1d95794435c945e89aba178334b1c47c,深圳市南山区龙辉社区健康服务中心,01-000227,深圳市南山区龙辉社区健康服务中心::01-000227,肺通气功能正常,2,train,352,348,1.0114942528735633
row_001524__d1097a57100849828b48192bc393bb88,1524,d1097a57100849828b48192bc393bb88,深圳市南山区龙辉社区健康服务中心,01-000227,深圳市南山区龙辉社区健康服务中心::01-000227,肺通气功能正常,2,train,352,360,1.0227272727272727
row_001525__45cb076a9ad34ae1a034ac4f83b8ccf9,1525,45cb076a9ad34ae1a034ac4f83b8ccf9,深圳市南山区龙辉社区健康服务中心,01-000227,深圳市南山区龙辉社区健康服务中心::01-000227,肺通气功能正常,2,train,352,360,1.0227272727272727
row_001526__67ff81fe374742deaebe1b9358baf689,1526,67ff81fe374742deaebe1b9358baf689,深圳市南山区高新社区健康服务中心,01-000176,深圳市南山区高新社区健康服务中心::01-000176,肺通气功能正常,2,train,259,216,1.1990740740740742
row_001527__4fec109d23d74f3e9421543597ec23f8,1527,4fec109d23d74f3e9421543597ec23f8,深圳市南山区高新社区健康服务中心,01-000176,深圳市南山区高新社区健康服务中心::01-000176,肺通气功能正常,2,train,248,244,1.0163934426229508
row_001528__ad6542f1037d4da79c0acdaba38fdb1f,1528,ad6542f1037d4da79c0acdaba38fdb1f,深圳市南山区高新社区健康服务中心,01-000176,深圳市南山区高新社区健康服务中心::01-000176,肺通气功能正常,2,train,235,208,1.1298076923076923
row_001529__82007b77f7c24a1a98e0ac0e3f645c23,1529,82007b77f7c24a1a98e0ac0e3f645c23,沙头社区健康服务中心,01-000531,沙头社区健康服务中心::01-000531,肺通气功能正常,2,train,185,180,1.0277777777777777
row_001530__2f4a32f61afe43df809db3e9ea74728d,1530,2f4a32f61afe43df809db3e9ea74728d,沙头社区健康服务中心,01-000531,沙头社区健康服务中心::01-000531,肺通气功能正常,2,train,237,262,1.1054852320675106
row_001531__c2ed67be1bef4e6fbe80bd92dc33ff5b,1531,c2ed67be1bef4e6fbe80bd92dc33ff5b,沙头社区健康服务中心,01-000531,沙头社区健康服务中心::01-000531,肺通气功能正常,2,train,242,262,1.0826446280991735
row_001532__d71e770823f8423c9049d30dee989e8b,1532,d71e770823f8423c9049d30dee989e8b,肇庆市德庆县人民医院,01-000393,肇庆市德庆县人民医院::01-000393,限制性通气功能障碍,1,train,215,228,1.0604651162790697
row_001533__48fe27c31ade45659aeebf317d290d9f,1533,48fe27c31ade45659aeebf317d290d9f,肇庆市德庆县人民医院,01-000393,肇庆市德庆县人民医院::01-000393,限制性通气功能障碍,1,train,227,234,1.0308370044052864
row_001534__6afce01631074d43bc8ed5723820806b,1534,6afce01631074d43bc8ed5723820806b,肇庆市德庆县人民医院,01-000393,肇庆市德庆县人民医院::01-000393,限制性通气功能障碍,1,train,225,216,1.0416666666666667
row_001536__8f7d8430a65e42c8a5c548e6c9fadc68,1536,8f7d8430a65e42c8a5c548e6c9fadc68,深圳市南山区兰园社区健康服务中心,01-000322,深圳市南山区兰园社区健康服务中心::01-000322,肺通气功能正常,2,train,331,284,1.1654929577464788
row_001537__338f763c009840bbb82f63b4bc146117,1537,338f763c009840bbb82f63b4bc146117,深圳市南山区兰园社区健康服务中心,01-000322,深圳市南山区兰园社区健康服务中心::01-000322,肺通气功能正常,2,train,327,296,1.1047297297297298
row_001538__530557d7521547f68657d893c679fb55,1538,530557d7521547f68657d893c679fb55,深圳市南山区赤湾社区健康服务中心,01-000225,深圳市南山区赤湾社区健康服务中心::01-000225,肺通气功能正常,2,train,436,432,1.0092592592592593
row_001539__1ed71cbf9fb04196b2aa5b0bba30b38b,1539,1ed71cbf9fb04196b2aa5b0bba30b38b,深圳市南山区赤湾社区健康服务中心,01-000225,深圳市南山区赤湾社区健康服务中心::01-000225,肺通气功能正常,2,train,412,420,1.0194174757281553
row_001540__c28bdc9808c54545b5b78ad1f22d1b11,1540,c28bdc9808c54545b5b78ad1f22d1b11,深圳市南山区赤湾社区健康服务中心,01-000225,深圳市南山区赤湾社区健康服务中心::01-000225,肺通气功能正常,2,train,439,364,1.206043956043956
row_001541__61db13901409436cb8ceca3083d35ee2,1541,61db13901409436cb8ceca3083d35ee2,深圳市南山区福光社区健康服务中心,01-000326,深圳市南山区福光社区健康服务中心::01-000326,限制性通气功能障碍,1,train,271,244,1.110655737704918
row_001542__0e6192a83d3945e1a3fd68361785b4e8,1542,0e6192a83d3945e1a3fd68361785b4e8,深圳市南山区福光社区健康服务中心,01-000326,深圳市南山区福光社区健康服务中心::01-000326,限制性通气功能障碍,1,train,252,244,1.0327868852459017
row_001543__525ec0445b9e4d94b07a9c04085b4cd4,1543,525ec0445b9e4d94b07a9c04085b4cd4,深圳市南山区福光社区健康服务中心,01-000326,深圳市南山区福光社区健康服务中心::01-000326,限制性通气功能障碍,1,train,248,216,1.1481481481481481
row_001544__4725de4969ff4aed8fda8808739d9d39,1544,4725de4969ff4aed8fda8808739d9d39,善心体检,01-010841,善心体检::01-010841,肺通气功能正常,2,test,418,367,1.1389645776566757
row_001545__5d2bdefa59094ee3b5172e87955d9efd,1545,5d2bdefa59094ee3b5172e87955d9efd,善心体检,01-010841,善心体检::01-010841,肺通气功能正常,2,test,414,363,1.140495867768595
row_001546__72ae5d00d8f44f4e93224b210ceeb82b,1546,72ae5d00d8f44f4e93224b210ceeb82b,善心体检,01-010841,善心体检::01-010841,肺通气功能正常,2,test,425,336,1.2648809523809523
row_001548__dc47b20d897f4c0c98efd48513203bdf,1548,dc47b20d897f4c0c98efd48513203bdf,深圳市南山区星海名城社区健康服务中心,01-000207,深圳市南山区星海名城社区健康服务中心::01-000207,肺通气功能正常,2,train,248,184,1.3478260869565217
row_001550__f71ce247a28948e58116348ded5c39a4,1550,f71ce247a28948e58116348ded5c39a4,深圳市南山区龙海家园社区健康服务中心,01-000289,深圳市南山区龙海家园社区健康服务中心::01-000289,限制性通气功能障碍,1,train,155,120,1.2916666666666667
row_001552__2b52fb5bc5364500b7d4ad0f3a6e41bf,1552,2b52fb5bc5364500b7d4ad0f3a6e41bf,深圳市南山区龙海家园社区健康服务中心,01-000289,深圳市南山区龙海家园社区健康服务中心::01-000289,限制性通气功能障碍,1,train,147,112,1.3125
row_001553__08c8031346d340d6b76c4239380f8386,1553,08c8031346d340d6b76c4239380f8386,深圳市南山区荔湾社区健康服务中心,01-000244,深圳市南山区荔湾社区健康服务中心::01-000244,肺通气功能正常,2,test,284,224,1.2678571428571428
row_001554__648847faa090435bba9e9497639f2bba,1554,648847faa090435bba9e9497639f2bba,深圳市南山区荔湾社区健康服务中心,01-000244,深圳市南山区荔湾社区健康服务中心::01-000244,肺通气功能正常,2,test,263,212,1.240566037735849
row_001555__08b5dd8e7c5b41c9b8857c088650d244,1555,08b5dd8e7c5b41c9b8857c088650d244,深圳市南山区荔湾社区健康服务中心,01-000244,深圳市南山区荔湾社区健康服务中心::01-000244,肺通气功能正常,2,test,267,224,1.1919642857142858
row_001556__e3c6ca53f9ac4454acca0b4bcdf3686d,1556,e3c6ca53f9ac4454acca0b4bcdf3686d,深圳市南山区龙海家园社区健康服务中心,01-000286,深圳市南山区龙海家园社区健康服务中心::01-000286,限制性通气功能障碍,1,train,99,80,1.2375
row_001557__6e9dd97882ea48cc91b0bf1c8aab7122,1557,6e9dd97882ea48cc91b0bf1c8aab7122,深圳市南山区龙海家园社区健康服务中心,01-000286,深圳市南山区龙海家园社区健康服务中心::01-000286,限制性通气功能障碍,1,train,135,104,1.2980769230769231
row_001558__09223ce8121b436382e8a4f39d631df1,1558,09223ce8121b436382e8a4f39d631df1,深圳市南山区龙海家园社区健康服务中心,01-000286,深圳市南山区龙海家园社区健康服务中心::01-000286,限制性通气功能障碍,1,train,140,108,1.2962962962962963
row_001559__9fe4bfb605234443b0ca9476441d8a34,1559,9fe4bfb605234443b0ca9476441d8a34,广州善心体检中心,01-000424,广州善心体检中心::01-000424,肺通气功能正常,2,train,375,340,1.1029411764705883
row_001560__24e6b1d3b3614dc1a3b36d77a0468ead,1560,24e6b1d3b3614dc1a3b36d77a0468ead,广州善心体检中心,01-000424,广州善心体检中心::01-000424,肺通气功能正常,2,train,378,333,1.135135135135135
row_001561__f71395a5fb1f4d29bb5dbd608fae4bd3,1561,f71395a5fb1f4d29bb5dbd608fae4bd3,深圳市南山区高新南社区健康服务中心,01-000321,深圳市南山区高新南社区健康服务中心::01-000321,肺通气功能正常,2,train,299,260,1.15
row_001562__1dc0e52528a442f69bedd49d91750d1a,1562,1dc0e52528a442f69bedd49d91750d1a,深圳市南山区高新南社区健康服务中心,01-000321,深圳市南山区高新南社区健康服务中心::01-000321,肺通气功能正常,2,train,299,268,1.1156716417910448
row_001563__0cd2273c76ed457f9b42dcbfaeb759a2,1563,0cd2273c76ed457f9b42dcbfaeb759a2,深圳市南山区高新南社区健康服务中心,01-000321,深圳市南山区高新南社区健康服务中心::01-000321,肺通气功能正常,2,train,291,256,1.13671875
row_001564__1a9e5e594fa14f4788d20bf73e5228da,1564,1a9e5e594fa14f4788d20bf73e5228da,深圳市南山区深圳湾社区健康服务中心,01-000339,深圳市南山区深圳湾社区健康服务中心::01-000339,肺通气功能正常,2,val,244,264,1.0819672131147542
row_001565__e18a29853cfb41de8dfcfa03d7bb60ad,1565,e18a29853cfb41de8dfcfa03d7bb60ad,深圳市南山区深圳湾社区健康服务中心,01-000339,深圳市南山区深圳湾社区健康服务中心::01-000339,肺通气功能正常,2,val,252,252,1.0
row_001566__5458a56f3a3641ae8e852297037f50da,1566,5458a56f3a3641ae8e852297037f50da,深圳市南山区深圳湾社区健康服务中心,01-000339,深圳市南山区深圳湾社区健康服务中心::01-000339,肺通气功能正常,2,val,256,252,1.0158730158730158
row_001567__5d23ce04b7b5469cbcf4235d9479e3fa,1567,5d23ce04b7b5469cbcf4235d9479e3fa,佛山市南海区第七人民医院,01-000120,佛山市南海区第七人民医院::01-000120,肺通气功能正常,2,train,338,309,1.0938511326860842
row_001568__1d9a88e69e004ce8842addf1253b59d9,1568,1d9a88e69e004ce8842addf1253b59d9,佛山市南海区第七人民医院,01-000120,佛山市南海区第七人民医院::01-000120,肺通气功能正常,2,train,312,270,1.1555555555555554
row_001569__21a9f2c48308428791506785dfa20ab2,1569,21a9f2c48308428791506785dfa20ab2,佛山市南海区第七人民医院,01-000120,佛山市南海区第七人民医院::01-000120,肺通气功能正常,2,train,329,329,1.0
row_001570__2590fe37df0f4a54a7be04e9379b2997,1570,2590fe37df0f4a54a7be04e9379b2997,善心体检,01-008502,善心体检::01-008502,肺通气功能正常,2,train,321,317,1.0126182965299684
row_001571__eb28c5e507ca492eadab434712e747b0,1571,eb28c5e507ca492eadab434712e747b0,善心体检,01-008502,善心体检::01-008502,肺通气功能正常,2,train,302,268,1.126865671641791
row_001572__850b3ad43a054fd49aefa296a190e5c0,1572,850b3ad43a054fd49aefa296a190e5c0,善心体检,01-008502,善心体检::01-008502,肺通气功能正常,2,train,311,240,1.2958333333333334
row_001573__ea83935bef61441ab33e5f9ca7fe19aa,1573,ea83935bef61441ab33e5f9ca7fe19aa,深圳市南山区南油社区健康服务中心,01-000156,深圳市南山区南油社区健康服务中心::01-000156,肺通气功能正常,2,val,244,208,1.1730769230769231
row_001574__2ec8369655144559869a4ffad92ef6a8,1574,2ec8369655144559869a4ffad92ef6a8,深圳市南山区南油社区健康服务中心,01-000156,深圳市南山区南油社区健康服务中心::01-000156,肺通气功能正常,2,val,228,236,1.0350877192982457
row_001575__c1b2b936b7554931aa552451bc074fe1,1575,c1b2b936b7554931aa552451bc074fe1,深圳市南山区南油社区健康服务中心,01-000156,深圳市南山区南油社区健康服务中心::01-000156,肺通气功能正常,2,val,247,224,1.1026785714285714
row_001576__d8d6513552f14bed8abff01fefea1e59,1576,d8d6513552f14bed8abff01fefea1e59,深圳市坪山区人民医院浪尾社区健康服务中心,01-000139,深圳市坪山区人民医院浪尾社区健康服务中心::01-000139,肺通气功能正常,2,test,344,344,1.0
row_001577__2f62e98046454136a76e019fdb5ed626,1577,2f62e98046454136a76e019fdb5ed626,深圳市坪山区人民医院浪尾社区健康服务中心,01-000139,深圳市坪山区人民医院浪尾社区健康服务中心::01-000139,肺通气功能正常,2,test,348,304,1.144736842105263
row_001578__0506c6de0ece4c8da2c9fac44266dedf,1578,0506c6de0ece4c8da2c9fac44266dedf,深圳市坪山区人民医院浪尾社区健康服务中心,01-000139,深圳市坪山区人民医院浪尾社区健康服务中心::01-000139,肺通气功能正常,2,test,342,342,1.0
row_001579__a314ddf05acd4ac3af0be2a4d92fb2f9,1579,a314ddf05acd4ac3af0be2a4d92fb2f9,深圳市南山区高新社区健康服务中心,01-000199,深圳市南山区高新社区健康服务中心::01-000199,肺通气功能正常,2,train,292,288,1.0138888888888888
row_001580__b7c2906724a94b9692064b72ff714186,1580,b7c2906724a94b9692064b72ff714186,深圳市南山区高新社区健康服务中心,01-000199,深圳市南山区高新社区健康服务中心::01-000199,肺通气功能正常,2,train,280,284,1.0142857142857142
row_001581__d89e7ac1cc454834ab2ec1553482898c,1581,d89e7ac1cc454834ab2ec1553482898c,深圳市南山区高新社区健康服务中心,01-000199,深圳市南山区高新社区健康服务中心::01-000199,肺通气功能正常,2,train,280,276,1.0144927536231885
row_001582__3e88840f942247a29b30b39b53419847,1582,3e88840f942247a29b30b39b53419847,深圳市南山区高新社区健康服务中心,01-000223,深圳市南山区高新社区健康服务中心::01-000223,肺通气功能正常,2,train,240,236,1.0169491525423728
row_001583__26fc8091c08642bfbbef067c7a30b3ae,1583,26fc8091c08642bfbbef067c7a30b3ae,深圳市南山区高新社区健康服务中心,01-000223,深圳市南山区高新社区健康服务中心::01-000223,肺通气功能正常,2,train,243,224,1.0848214285714286
row_001584__bf9a7b3f949046f8a351ee0bbd38ce1b,1584,bf9a7b3f949046f8a351ee0bbd38ce1b,深圳市南山区福光社区健康服务中心,01-000315,深圳市南山区福光社区健康服务中心::01-000315,肺通气功能正常,2,train,295,248,1.189516129032258
row_001585__782475d5e1504efd9b92f9052c81d296,1585,782475d5e1504efd9b92f9052c81d296,深圳市南山区福光社区健康服务中心,01-000315,深圳市南山区福光社区健康服务中心::01-000315,肺通气功能正常,2,train,303,240,1.2625
row_001586__f712a87cac7544fe8d12d5d15df2cf9c,1586,f712a87cac7544fe8d12d5d15df2cf9c,深圳市南山区福光社区健康服务中心,01-000315,深圳市南山区福光社区健康服务中心::01-000315,肺通气功能正常,2,train,276,244,1.1311475409836065
row_001587__c4136d30156d4c5fa3b2dd260847540d,1587,c4136d30156d4c5fa3b2dd260847540d,深圳市南山区松坪山社区健康服务中心,01-000224,深圳市南山区松坪山社区健康服务中心::01-000224,肺通气功能正常,2,train,503,484,1.0392561983471074
row_001593__c277e9a03b6345afa84e3001f67b6dc2,1593,c277e9a03b6345afa84e3001f67b6dc2,佛山市南海区盐步医院,01-000661,佛山市南海区盐步医院::01-000661,阻塞性通气功能障碍,3,train,468,495,1.0576923076923077
row_001594__e7dec6d8e728406481df64012e8c6389,1594,e7dec6d8e728406481df64012e8c6389,佛山市南海区盐步医院,01-000661,佛山市南海区盐步医院::01-000661,阻塞性通气功能障碍,3,train,478,495,1.0355648535564854
row_001595__1660de8e47844a1d882133f9711eabff,1595,1660de8e47844a1d882133f9711eabff,佛山市南海区盐步医院,01-000661,佛山市南海区盐步医院::01-000661,阻塞性通气功能障碍,3,train,466,500,1.0729613733905579
row_001597__1e23b91f04cf4f148b818cfe5c9ae55d,1597,1e23b91f04cf4f148b818cfe5c9ae55d,深圳市南山区星海名城社区健康服务中心,01-000168,深圳市南山区星海名城社区健康服务中心::01-000168,肺通气功能正常,2,train,288,232,1.2413793103448276
row_001598__a15584f0a5824c09a8fa6c42559c5306,1598,a15584f0a5824c09a8fa6c42559c5306,深圳市南山区星海名城社区健康服务中心,01-000168,深圳市南山区星海名城社区健康服务中心::01-000168,肺通气功能正常,2,train,276,244,1.1311475409836065
row_001599__e3e687b4163b47ce90fccb511c21ec36,1599,e3e687b4163b47ce90fccb511c21ec36,深圳市南山区德意名居社区健康服务中心,01-000310,深圳市南山区德意名居社区健康服务中心::01-000310,肺通气功能正常,2,train,448,452,1.0089285714285714
row_001600__9869ead66f0d47a2bc1ec97eb11ec535,1600,9869ead66f0d47a2bc1ec97eb11ec535,深圳市南山区德意名居社区健康服务中心,01-000310,深圳市南山区德意名居社区健康服务中心::01-000310,肺通气功能正常,2,train,440,448,1.018181818181818
row_001602__bacf5ec1be124edcaee368c5b8e69b9b,1602,bacf5ec1be124edcaee368c5b8e69b9b,深圳市南山区大汪社区健康服务中心,01-000209,深圳市南山区大汪社区健康服务中心::01-000209,肺通气功能正常,2,train,371,340,1.0911764705882352
row_001603__5a943dcb3a7a41e1af0bbf833af27bbc,1603,5a943dcb3a7a41e1af0bbf833af27bbc,深圳市南山区大汪社区健康服务中心,01-000209,深圳市南山区大汪社区健康服务中心::01-000209,肺通气功能正常,2,train,359,340,1.0558823529411765
row_001605__bae4d921745f4649929565bf35db0c1e,1605,bae4d921745f4649929565bf35db0c1e,深圳市南山区荔湾社区健康服务中心,01-000207,深圳市南山区荔湾社区健康服务中心::01-000207,阻塞性通气功能障碍,3,test,291,272,1.0698529411764706
row_001606__9bb65335972545d39e770b85bd3cc47c,1606,9bb65335972545d39e770b85bd3cc47c,深圳市南山区荔湾社区健康服务中心,01-000207,深圳市南山区荔湾社区健康服务中心::01-000207,阻塞性通气功能障碍,3,test,299,260,1.15
row_001610__b8e7a12a075f4ffcb00a1ce455febd6a,1610,b8e7a12a075f4ffcb00a1ce455febd6a,深圳市南山区龙辉社区健康服务中心,01-000185,深圳市南山区龙辉社区健康服务中心::01-000185,限制性通气功能障碍,1,test,280,284,1.0142857142857142
row_001611__10aaf2e1f79c40e8807c81659520f61b,1611,10aaf2e1f79c40e8807c81659520f61b,深圳市南山区龙辉社区健康服务中心,01-000185,深圳市南山区龙辉社区健康服务中心::01-000185,限制性通气功能障碍,1,test,272,272,1.0
row_001612__28cb206361ed4514a46b90ea0c1dbeb6,1612,28cb206361ed4514a46b90ea0c1dbeb6,深圳市南山区龙辉社区健康服务中心,01-000185,深圳市南山区龙辉社区健康服务中心::01-000185,限制性通气功能障碍,1,test,268,272,1.0149253731343284
row_001613__9322aef94d1e46979af64b0e6ba3e46b,1613,9322aef94d1e46979af64b0e6ba3e46b,深圳市南山区湾厦社区健康服务中心,01-000317,深圳市南山区湾厦社区健康服务中心::01-000317,肺通气功能正常,2,train,327,280,1.167857142857143
row_001614__b9b734118b7b4514a7be4a18f44ea3d8,1614,b9b734118b7b4514a7be4a18f44ea3d8,深圳市南山区湾厦社区健康服务中心,01-000317,深圳市南山区湾厦社区健康服务中心::01-000317,肺通气功能正常,2,train,323,284,1.1373239436619718
row_001615__9e0ce404987743f5ae41ba5cee7d5ed4,1615,9e0ce404987743f5ae41ba5cee7d5ed4,深圳市南山区湾厦社区健康服务中心,01-000317,深圳市南山区湾厦社区健康服务中心::01-000317,肺通气功能正常,2,train,311,264,1.178030303030303
row_001616__b18da9f581334bb79c16136188604c94,1616,b18da9f581334bb79c16136188604c94,善心体检,01-010783,善心体检::01-010783,肺通气功能正常,2,val,345,343,1.0058309037900874
row_001617__d6efa8ed02784e91b070234709ebedaf,1617,d6efa8ed02784e91b070234709ebedaf,善心体检,01-010783,善心体检::01-010783,肺通气功能正常,2,val,347,320,1.084375
row_001618__5312c11df9f44679a244cbf5c5123bd4,1618,5312c11df9f44679a244cbf5c5123bd4,善心体检,01-010783,善心体检::01-010783,肺通气功能正常,2,val,336,307,1.0944625407166124
row_001619__86dc408fb1af428aac53b3f4a15c5d9d,1619,86dc408fb1af428aac53b3f4a15c5d9d,深圳市坪山区人民医院浪尾社区健康服务中心,01-000146,深圳市坪山区人民医院浪尾社区健康服务中心::01-000146,肺通气功能正常,2,train,355,281,1.2633451957295374
row_001621__0c146ea7abb7456e8d5a955e0d545b3d,1621,0c146ea7abb7456e8d5a955e0d545b3d,深圳市坪山区人民医院浪尾社区健康服务中心,01-000146,深圳市坪山区人民医院浪尾社区健康服务中心::01-000146,肺通气功能正常,2,train,353,263,1.3422053231939164
row_001622__f40a6d0a3ef84bf0882a8de4ceac1baa,1622,f40a6d0a3ef84bf0882a8de4ceac1baa,珠海市高栏港南水镇卫生院,01-000321,珠海市高栏港南水镇卫生院::01-000321,肺通气功能正常,2,train,408,415,1.017156862745098
row_001624__3a8ca83eca6c4573aa23c364305409bf,1624,3a8ca83eca6c4573aa23c364305409bf,珠海市高栏港南水镇卫生院,01-000321,珠海市高栏港南水镇卫生院::01-000321,肺通气功能正常,2,train,375,427,1.1386666666666667
row_001625__675f3dad41d64c519801464e17d2ab2f,1625,675f3dad41d64c519801464e17d2ab2f,深圳市南山区荔湾社区健康服务中心,01-000240,深圳市南山区荔湾社区健康服务中心::01-000240,限制性通气功能障碍,1,train,311,280,1.1107142857142858
row_001626__a52a9191d63b48bebf13b8e60125ab2a,1626,a52a9191d63b48bebf13b8e60125ab2a,深圳市南山区荔湾社区健康服务中心,01-000240,深圳市南山区荔湾社区健康服务中心::01-000240,限制性通气功能障碍,1,train,323,280,1.1535714285714285
row_001627__a34b8b9f778a46ef92a112621e88dfa8,1627,a34b8b9f778a46ef92a112621e88dfa8,深圳市南山区荔湾社区健康服务中心,01-000240,深圳市南山区荔湾社区健康服务中心::01-000240,限制性通气功能障碍,1,train,299,276,1.0833333333333333
row_001628__90ef4f44af294d3594a11a3b0dd072c5,1628,90ef4f44af294d3594a11a3b0dd072c5,深圳市南山区峰景社区健康服务中心,01-000273,深圳市南山区峰景社区健康服务中心::01-000273,肺通气功能正常,2,train,316,240,1.3166666666666667
row_001630__0778b05e06d2447b959084a04cadde7d,1630,0778b05e06d2447b959084a04cadde7d,深圳市南山区东角头社区健康服务中心,01-000317,深圳市南山区东角头社区健康服务中心::01-000317,肺通气功能正常,2,train,296,296,1.0
row_001631__d833886d232048749b2f17cdb0a498e0,1631,d833886d232048749b2f17cdb0a498e0,深圳市南山区东角头社区健康服务中心,01-000317,深圳市南山区东角头社区健康服务中心::01-000317,肺通气功能正常,2,train,284,284,1.0
row_001632__e0b8ae63733f4ada8cd2cb6e127eea35,1632,e0b8ae63733f4ada8cd2cb6e127eea35,深圳市南山区东角头社区健康服务中心,01-000317,深圳市南山区东角头社区健康服务中心::01-000317,肺通气功能正常,2,train,276,276,1.0
row_001636__7b4ba62207184a9fad727fbec54d69f6,1636,7b4ba62207184a9fad727fbec54d69f6,深圳市南山区德意名居社区健康服务中心,01-000362,深圳市南山区德意名居社区健康服务中心::01-000362,肺通气功能正常,2,train,283,264,1.071969696969697
row_001637__08fdbe7fd5824f60a5b117962dfc88e0,1637,08fdbe7fd5824f60a5b117962dfc88e0,深圳市南山区德意名居社区健康服务中心,01-000362,深圳市南山区德意名居社区健康服务中心::01-000362,肺通气功能正常,2,train,271,252,1.0753968253968254
row_001638__6ae4bb78889f4a2fbe0d5205f39b78e4,1638,6ae4bb78889f4a2fbe0d5205f39b78e4,深圳市南山区德意名居社区健康服务中心,01-000362,深圳市南山区德意名居社区健康服务中心::01-000362,肺通气功能正常,2,train,275,244,1.1270491803278688
row_001639__dae6fe4faff04058b084874437d4f808,1639,dae6fe4faff04058b084874437d4f808,深圳市南山区田厦社区健康服务中心,01-000561,深圳市南山区田厦社区健康服务中心::01-000561,限制性通气功能障碍,1,train,231,180,1.2833333333333334
row_001640__fe2e89e0192c416c88926acffb614b90,1640,fe2e89e0192c416c88926acffb614b90,深圳市南山区田厦社区健康服务中心,01-000561,深圳市南山区田厦社区健康服务中心::01-000561,限制性通气功能障碍,1,train,247,184,1.3423913043478262
row_001641__886fad56437b47dc8889b2eaf3ca750c,1641,886fad56437b47dc8889b2eaf3ca750c,深圳市南山区田厦社区健康服务中心,01-000561,深圳市南山区田厦社区健康服务中心::01-000561,限制性通气功能障碍,1,train,215,180,1.1944444444444444
row_001642__6c2d1ac565e94b46b1649bfefa53ec33,1642,6c2d1ac565e94b46b1649bfefa53ec33,深圳市南山区医疗集团总部海珠社区健康服务中心,01-000079,深圳市南山区医疗集团总部海珠社区健康服务中心::01-000079,阻塞性通气功能障碍,3,train,435,412,1.0558252427184467
row_001643__b2b6b94cdaf14071860a748560debefd,1643,b2b6b94cdaf14071860a748560debefd,深圳市南山区医疗集团总部海珠社区健康服务中心,01-000079,深圳市南山区医疗集团总部海珠社区健康服务中心::01-000079,阻塞性通气功能障碍,3,train,423,408,1.036764705882353
row_001644__6d24d6da03b649ba94608edca7087d28,1644,6d24d6da03b649ba94608edca7087d28,深圳市南山区医疗集团总部海珠社区健康服务中心,01-000079,深圳市南山区医疗集团总部海珠社区健康服务中心::01-000079,阻塞性通气功能障碍,3,train,431,412,1.046116504854369
row_001648__3cbd99a2e29640d2b89c455db679c011,1648,3cbd99a2e29640d2b89c455db679c011,深圳市南山区龙海家园社区健康服务中心,01-000204,深圳市南山区龙海家园社区健康服务中心::01-000204,限制性通气功能障碍,1,test,199,168,1.1845238095238095
row_001649__84debc3984494a06b9b41051d5f554e8,1649,84debc3984494a06b9b41051d5f554e8,深圳市南山区龙海家园社区健康服务中心,01-000204,深圳市南山区龙海家园社区健康服务中心::01-000204,限制性通气功能障碍,1,test,204,200,1.02
row_001650__560cdb8cb00c4fa48868152479c4dcd6,1650,560cdb8cb00c4fa48868152479c4dcd6,深圳市南山区龙海家园社区健康服务中心,01-000204,深圳市南山区龙海家园社区健康服务中心::01-000204,限制性通气功能障碍,1,test,208,204,1.0196078431372548
row_001653__d15c6b411dd54b0a91d17aac745170d9,1653,d15c6b411dd54b0a91d17aac745170d9,善心体检,01-008676,善心体检::01-008676,肺通气功能正常,2,test,310,281,1.103202846975089
row_001654__1eaba36f54d74ca2b2d79183ad2a49b0,1654,1eaba36f54d74ca2b2d79183ad2a49b0,深圳市南山区福光社区健康服务中心,01-000294,深圳市南山区福光社区健康服务中心::01-000294,限制性通气功能障碍,1,val,280,248,1.1290322580645162
row_001655__d2643a00148b4ea08c1f648b9cb076a4,1655,d2643a00148b4ea08c1f648b9cb076a4,深圳市南山区福光社区健康服务中心,01-000294,深圳市南山区福光社区健康服务中心::01-000294,限制性通气功能障碍,1,val,284,236,1.2033898305084745
row_001656__eadeb4b2464245f685456cc0bf633be6,1656,eadeb4b2464245f685456cc0bf633be6,深圳市南山区福光社区健康服务中心,01-000294,深圳市南山区福光社区健康服务中心::01-000294,限制性通气功能障碍,1,val,300,252,1.1904761904761905
row_001660__37ec4c56150b4f878bf15bb561c28520,1660,37ec4c56150b4f878bf15bb561c28520,深圳市南山区田厦社区健康服务中心,01-000554,深圳市南山区田厦社区健康服务中心::01-000554,阻塞性通气功能障碍,3,train,440,436,1.0091743119266054
row_001662__3bd2ce4b887d455b94d74cdb8da0bebd,1662,3bd2ce4b887d455b94d74cdb8da0bebd,深圳市南山区田厦社区健康服务中心,01-000554,深圳市南山区田厦社区健康服务中心::01-000554,阻塞性通气功能障碍,3,train,379,364,1.0412087912087913
row_001663__2389e2e9ab6c4db18e4740a433dd73a8,1663,2389e2e9ab6c4db18e4740a433dd73a8,深圳市南山区莲城社区健康服务中心,01-000239,深圳市南山区莲城社区健康服务中心::01-000239,肺通气功能正常,2,val,476,444,1.072072072072072
row_001664__b3190ef0c21e413dba364ddab581e305,1664,b3190ef0c21e413dba364ddab581e305,深圳市南山区莲城社区健康服务中心,01-000239,深圳市南山区莲城社区健康服务中心::01-000239,肺通气功能正常,2,val,452,428,1.0560747663551402
row_001665__658e88d05ff84791983bb83efdaeceec,1665,658e88d05ff84791983bb83efdaeceec,深圳市南山区莲城社区健康服务中心,01-000239,深圳市南山区莲城社区健康服务中心::01-000239,肺通气功能正常,2,val,460,424,1.0849056603773586
row_001667__5f6b2cbd1093425882a9cc23f4885d8b,1667,5f6b2cbd1093425882a9cc23f4885d8b,深圳市南山区星海名城社区健康服务中心,01-000231,深圳市南山区星海名城社区健康服务中心::01-000231,限制性通气功能障碍,1,train,295,240,1.2291666666666667
row_001668__994100f90c5b4908b5bea1a7038e3480,1668,994100f90c5b4908b5bea1a7038e3480,深圳市南山区星海名城社区健康服务中心,01-000231,深圳市南山区星海名城社区健康服务中心::01-000231,限制性通气功能障碍,1,train,296,264,1.121212121212121
row_001669__d3c551296e5644eca015df5c77953465,1669,d3c551296e5644eca015df5c77953465,水田社康中心,01-000770,水田社康中心::01-000770,限制性通气功能障碍,1,val,294,232,1.2672413793103448
row_001670__846408dd349f4e808f25a3d58f8b5535,1670,846408dd349f4e808f25a3d58f8b5535,水田社康中心,01-000770,水田社康中心::01-000770,限制性通气功能障碍,1,val,304,232,1.3103448275862069
row_001671__dffdc56630414adfaa4e3455f927b59e,1671,dffdc56630414adfaa4e3455f927b59e,水田社康中心,01-000770,水田社康中心::01-000770,限制性通气功能障碍,1,val,291,232,1.2543103448275863
row_001672__ac10494201ff4f339d6e74effc2f6362,1672,ac10494201ff4f339d6e74effc2f6362,深圳市南山区德意名居社区健康服务中心,01-000278,深圳市南山区德意名居社区健康服务中心::01-000278,限制性通气功能障碍,1,train,164,160,1.025
row_001673__2a32abf5e87a406b83df6e8633c06e0b,1673,2a32abf5e87a406b83df6e8633c06e0b,深圳市南山区德意名居社区健康服务中心,01-000278,深圳市南山区德意名居社区健康服务中心::01-000278,限制性通气功能障碍,1,train,159,124,1.282258064516129
row_001675__920f0b9fc7404849a6398ca65e1519e3,1675,920f0b9fc7404849a6398ca65e1519e3,深圳市坪山区人民医院浪尾社区健康服务中心,01-000120,深圳市坪山区人民医院浪尾社区健康服务中心::01-000120,肺通气功能正常,2,val,387,345,1.1217391304347826
row_001676__14033d4143dd4adeb502c1da3abfc214,1676,14033d4143dd4adeb502c1da3abfc214,深圳市坪山区人民医院浪尾社区健康服务中心,01-000120,深圳市坪山区人民医院浪尾社区健康服务中心::01-000120,肺通气功能正常,2,val,388,318,1.220125786163522
row_001677__2bb612d9b01e4b6dbe2ba561d519b3af,1677,2bb612d9b01e4b6dbe2ba561d519b3af,深圳市坪山区人民医院浪尾社区健康服务中心,01-000120,深圳市坪山区人民医院浪尾社区健康服务中心::01-000120,肺通气功能正常,2,val,378,333,1.135135135135135
row_001678__da8b2e29b9b4479080c3b120656ea2fb,1678,da8b2e29b9b4479080c3b120656ea2fb,善心体检,01-009146,善心体检::01-009146,混合性通气功能障碍,4,train,199,183,1.0874316939890711
row_001679__6813d193131a4a7c97bca5fe8dd9bc7e,1679,6813d193131a4a7c97bca5fe8dd9bc7e,善心体检,01-009146,善心体检::01-009146,混合性通气功能障碍,4,train,198,265,1.3383838383838385
row_001680__1161059b07cb49f6a79bc37f9debdad7,1680,1161059b07cb49f6a79bc37f9debdad7,深圳市南山区峰景社区健康服务中心,01-000184,深圳市南山区峰景社区健康服务中心::01-000184,限制性通气功能障碍,1,train,216,216,1.0
row_001681__ff4fe3d8623f49d6bc5a7a759aaf37ed,1681,ff4fe3d8623f49d6bc5a7a759aaf37ed,深圳市南山区峰景社区健康服务中心,01-000184,深圳市南山区峰景社区健康服务中心::01-000184,限制性通气功能障碍,1,train,212,208,1.0192307692307692
row_001682__3fd504ebdcda4200a6b167a0515f2be1,1682,3fd504ebdcda4200a6b167a0515f2be1,深圳市南山区峰景社区健康服务中心,01-000184,深圳市南山区峰景社区健康服务中心::01-000184,限制性通气功能障碍,1,train,207,196,1.0561224489795917
row_001683__ae72d3887136410989ed9fe7d9513ef9,1683,ae72d3887136410989ed9fe7d9513ef9,深圳市南山区湾厦社区健康服务中心,01-000275,深圳市南山区湾厦社区健康服务中心::01-000275,不可用/不明确,0,train,323,304,1.0625
row_001684__98c2f668f4d44f00a71ebe99ee3167cb,1684,98c2f668f4d44f00a71ebe99ee3167cb,深圳市南山区湾厦社区健康服务中心,01-000275,深圳市南山区湾厦社区健康服务中心::01-000275,不可用/不明确,0,train,307,296,1.037162162162162
row_001685__b115ff463b464aa5ae8c99424417606a,1685,b115ff463b464aa5ae8c99424417606a,深圳市南山区湾厦社区健康服务中心,01-000275,深圳市南山区湾厦社区健康服务中心::01-000275,不可用/不明确,0,train,319,296,1.0777027027027026
row_001687__bee7477e36824c168803ac835a779727,1687,bee7477e36824c168803ac835a779727,深圳市南山区白芒社区健康服务中心,01-000255,深圳市南山区白芒社区健康服务中心::01-000255,肺通气功能正常,2,test,407,360,1.1305555555555555
row_001688__55fedccbb5774404a4f8d5d07dfb85e4,1688,55fedccbb5774404a4f8d5d07dfb85e4,深圳市南山区白芒社区健康服务中心,01-000255,深圳市南山区白芒社区健康服务中心::01-000255,肺通气功能正常,2,test,403,392,1.028061224489796
row_001689__2d63974a318d469cab207d9fc8005b61,1689,2d63974a318d469cab207d9fc8005b61,广州市荔湾区东漖街社区卫生服务中心,01-000164,广州市荔湾区东漖街社区卫生服务中心::01-000164,肺通气功能正常,2,train,158,149,1.0604026845637584
row_001691__1c2442d8a9554e268f9a2de88e707899,1691,1c2442d8a9554e268f9a2de88e707899,广州市荔湾区东漖街社区卫生服务中心,01-000164,广州市荔湾区东漖街社区卫生服务中心::01-000164,肺通气功能正常,2,train,213,210,1.0142857142857142
row_001692__389d20428e5243138241f1bed660768a,1692,389d20428e5243138241f1bed660768a,佛山市南海区盐步医院,01-000586,佛山市南海区盐步医院::01-000586,肺通气功能正常,2,train,433,418,1.0358851674641147
row_001693__ff27a4ca3d4645ea8c0b4606d4ea7e48,1693,ff27a4ca3d4645ea8c0b4606d4ea7e48,佛山市南海区盐步医院,01-000586,佛山市南海区盐步医院::01-000586,肺通气功能正常,2,train,430,433,1.0069767441860464
row_001694__afba9e139fd34c1485d50242db78c1ed,1694,afba9e139fd34c1485d50242db78c1ed,佛山市南海区盐步医院,01-000586,佛山市南海区盐步医院::01-000586,肺通气功能正常,2,train,442,430,1.027906976744186
row_001695__2debd7b3aa2a4f48b30e7fbbfa4c8493,1695,2debd7b3aa2a4f48b30e7fbbfa4c8493,深圳市南山区高新社区健康服务中心,01-000173,深圳市南山区高新社区健康服务中心::01-000173,肺通气功能正常,2,train,247,216,1.1435185185185186
row_001696__6936cd22b84e47b6a1579196e98e8f1b,1696,6936cd22b84e47b6a1579196e98e8f1b,深圳市南山区高新社区健康服务中心,01-000173,深圳市南山区高新社区健康服务中心::01-000173,肺通气功能正常,2,train,243,208,1.1682692307692308
row_001697__2a145380152c467cb0a6197b7da405ea,1697,2a145380152c467cb0a6197b7da405ea,深圳市南山区高新社区健康服务中心,01-000173,深圳市南山区高新社区健康服务中心::01-000173,肺通气功能正常,2,train,252,248,1.0161290322580645
row_001698__21bf3bf17a4a432d80c7f0d701d232a4,1698,21bf3bf17a4a432d80c7f0d701d232a4,深圳市南山区深圳湾社区健康服务中心,01-000326,深圳市南山区深圳湾社区健康服务中心::01-000326,肺通气功能正常,2,train,280,280,1.0
row_001699__962f7f44f973449c95274cdd4d7242f5,1699,962f7f44f973449c95274cdd4d7242f5,深圳市南山区深圳湾社区健康服务中心,01-000326,深圳市南山区深圳湾社区健康服务中心::01-000326,肺通气功能正常,2,train,256,260,1.015625
row_001700__2f23483439494473bf7b191861c3b88b,1700,2f23483439494473bf7b191861c3b88b,深圳市南山区深圳湾社区健康服务中心,01-000326,深圳市南山区深圳湾社区健康服务中心::01-000326,肺通气功能正常,2,train,288,288,1.0
row_001702__cfc29a5caaa547bbbd20e15d034bd312,1702,cfc29a5caaa547bbbd20e15d034bd312,善心体检,01-011091,善心体检::01-011091,肺通气功能正常,2,train,300,251,1.1952191235059761
row_001703__e77c3b210a43401ea46a34830be3e9bc,1703,e77c3b210a43401ea46a34830be3e9bc,善心体检,01-011091,善心体检::01-011091,肺通气功能正常,2,train,292,260,1.123076923076923
row_001707__cdf6a8541ee94d8b895f6fa5329ba1a6,1707,cdf6a8541ee94d8b895f6fa5329ba1a6,深圳市南山区星海名城社区健康服务中心,01-000161,深圳市南山区星海名城社区健康服务中心::01-000161,肺通气功能正常,2,train,312,248,1.2580645161290323
row_001708__83be56d61ae040d593b4e84f1841bc45,1708,83be56d61ae040d593b4e84f1841bc45,深圳市南山区星海名城社区健康服务中心,01-000161,深圳市南山区星海名城社区健康服务中心::01-000161,肺通气功能正常,2,train,304,244,1.2459016393442623
row_001709__cb5d143324a7406ba30fad390c7f9f17,1709,cb5d143324a7406ba30fad390c7f9f17,深圳市南山区星海名城社区健康服务中心,01-000161,深圳市南山区星海名城社区健康服务中心::01-000161,肺通气功能正常,2,train,300,224,1.3392857142857142
row_001710__436f1b0d87eb4652a5c18ed87b58f134,1710,436f1b0d87eb4652a5c18ed87b58f134,善心体检,01-011285,善心体检::01-011285,肺通气功能正常,2,test,266,217,1.2258064516129032
row_001711__f7addfcc2d0d42abac58334236afea24,1711,f7addfcc2d0d42abac58334236afea24,善心体检,01-011285,善心体检::01-011285,肺通气功能正常,2,test,271,262,1.034351145038168
row_001712__0cc5f28e4b1d44cf9d9446d423e14ef7,1712,0cc5f28e4b1d44cf9d9446d423e14ef7,善心体检,01-011285,善心体检::01-011285,肺通气功能正常,2,test,278,274,1.0145985401459854
row_001713__0a255cce3a54489c9fc0cb130be74ca0,1713,0a255cce3a54489c9fc0cb130be74ca0,深圳市南山区高新社区健康服务中心,01-000213,深圳市南山区高新社区健康服务中心::01-000213,肺通气功能正常,2,train,247,196,1.260204081632653
row_001714__ea920e5b04e949cbb44bca3c8571ccd5,1714,ea920e5b04e949cbb44bca3c8571ccd5,深圳市南山区高新社区健康服务中心,01-000213,深圳市南山区高新社区健康服务中心::01-000213,肺通气功能正常,2,train,223,192,1.1614583333333333
row_001715__a97fbb144c184664ba9cddc741a7e4a2,1715,a97fbb144c184664ba9cddc741a7e4a2,深圳市南山区高新社区健康服务中心,01-000213,深圳市南山区高新社区健康服务中心::01-000213,肺通气功能正常,2,train,227,184,1.233695652173913
row_001716__c403c4319849479c8b0060f4d2644062,1716,c403c4319849479c8b0060f4d2644062,善心体检,01-010801,善心体检::01-010801,阻塞性通气功能障碍,3,train,240,263,1.0958333333333334
row_001717__b3cf1b8281eb47629ba4091e9a83e8fd,1717,b3cf1b8281eb47629ba4091e9a83e8fd,善心体检,01-010801,善心体检::01-010801,阻塞性通气功能障碍,3,train,256,255,1.003921568627451
row_001718__38ccafe5f7744e118ff3389b39d651d9,1718,38ccafe5f7744e118ff3389b39d651d9,善心体检,01-010801,善心体检::01-010801,阻塞性通气功能障碍,3,train,250,258,1.032
row_001719__0fcaee393cad45df80e1b373c15e0575,1719,0fcaee393cad45df80e1b373c15e0575,深圳市南山区马家龙社区健康服务中心,01-000228,深圳市南山区马家龙社区健康服务中心::01-000228,肺通气功能正常,2,train,240,260,1.0833333333333333
row_001720__81dda59839fe404886c10513b512a142,1720,81dda59839fe404886c10513b512a142,深圳市南山区马家龙社区健康服务中心,01-000228,深圳市南山区马家龙社区健康服务中心::01-000228,肺通气功能正常,2,train,311,260,1.1961538461538461
row_001721__938cb280cbcd4c33b88bf57eba9f3698,1721,938cb280cbcd4c33b88bf57eba9f3698,深圳市南山区马家龙社区健康服务中心,01-000228,深圳市南山区马家龙社区健康服务中心::01-000228,肺通气功能正常,2,train,288,284,1.0140845070422535
row_001722__055dc0a81a97491e97908b5e81ece77c,1722,055dc0a81a97491e97908b5e81ece77c,深圳市南山区赤湾社区健康服务中心,01-000230,深圳市南山区赤湾社区健康服务中心::01-000230,肺通气功能正常,2,train,259,218,1.188073394495413
row_001723__89fd7db150d14089a21ca75b1737f1e3,1723,89fd7db150d14089a21ca75b1737f1e3,深圳市南山区赤湾社区健康服务中心,01-000230,深圳市南山区赤湾社区健康服务中心::01-000230,肺通气功能正常,2,train,245,258,1.0530612244897959
row_001724__96146052378046a9aa2ec87c542e5516,1724,96146052378046a9aa2ec87c542e5516,深圳市南山区赤湾社区健康服务中心,01-000230,深圳市南山区赤湾社区健康服务中心::01-000230,肺通气功能正常,2,train,261,260,1.0038461538461538
row_001725__867339b220a34cc6a67f6f87ff135902,1725,867339b220a34cc6a67f6f87ff135902,深圳市南山区花果山东社区健康服务中心,01-000293,深圳市南山区花果山东社区健康服务中心::01-000293,肺通气功能正常,2,train,399,384,1.0390625
row_001726__aeef11ee1dad4ffaa8450e13c8618198,1726,aeef11ee1dad4ffaa8450e13c8618198,深圳市南山区花果山东社区健康服务中心,01-000293,深圳市南山区花果山东社区健康服务中心::01-000293,肺通气功能正常,2,train,419,404,1.0371287128712872
row_001727__43592de8fb07450daf6eecea19e92c4b,1727,43592de8fb07450daf6eecea19e92c4b,深圳市南山区花果山东社区健康服务中心,01-000293,深圳市南山区花果山东社区健康服务中心::01-000293,肺通气功能正常,2,train,403,384,1.0494791666666667
row_001730__47c991b5d08546a08403d647b31d89a0,1730,47c991b5d08546a08403d647b31d89a0,善心体检,01-011376,善心体检::01-011376,阻塞性通气功能障碍,3,test,377,295,1.2779661016949153
row_001731__f277ad286f27488293ea05f4d2b10485,1731,f277ad286f27488293ea05f4d2b10485,佛山市南海区盐步医院,01-000434,佛山市南海区盐步医院::01-000434,肺通气功能正常,2,train,454,378,1.2010582010582012
row_001732__0d635364f5844cca801428dbd423804e,1732,0d635364f5844cca801428dbd423804e,佛山市南海区盐步医院,01-000434,佛山市南海区盐步医院::01-000434,肺通气功能正常,2,train,444,418,1.062200956937799
row_001733__78c3949974f04371810e2baa138f8c0c,1733,78c3949974f04371810e2baa138f8c0c,佛山市南海区盐步医院,01-000434,佛山市南海区盐步医院::01-000434,肺通气功能正常,2,train,451,442,1.0203619909502262
row_001734__d6aaf891ca7448e9858c2528a5652eda,1734,d6aaf891ca7448e9858c2528a5652eda,深圳市南山区荔湾社区健康服务中心,01-000188,深圳市南山区荔湾社区健康服务中心::01-000188,限制性通气功能障碍,1,val,312,320,1.0256410256410255
row_001735__b8e56a377a09445593549c6d033a6bf8,1735,b8e56a377a09445593549c6d033a6bf8,深圳市南山区荔湾社区健康服务中心,01-000188,深圳市南山区荔湾社区健康服务中心::01-000188,限制性通气功能障碍,1,val,312,312,1.0
row_001736__7d2972d40de74ee0b04002eb4c783e50,1736,7d2972d40de74ee0b04002eb4c783e50,深圳市南山区荔湾社区健康服务中心,01-000188,深圳市南山区荔湾社区健康服务中心::01-000188,限制性通气功能障碍,1,val,312,308,1.0129870129870129
row_001740__5784f55e33b846e0b65709f06cd96051,1740,5784f55e33b846e0b65709f06cd96051,深圳市南山区南光社区健康服务中心,01-000269,深圳市南山区南光社区健康服务中心::01-000269,肺通气功能正常,2,train,268,264,1.0151515151515151
row_001741__d3105d83227846a2ac759591e4f3a0eb,1741,d3105d83227846a2ac759591e4f3a0eb,深圳市南山区南光社区健康服务中心,01-000269,深圳市南山区南光社区健康服务中心::01-000269,肺通气功能正常,2,train,244,204,1.196078431372549
row_001742__53fbace0dbc340b9938f9b5d8a8274e7,1742,53fbace0dbc340b9938f9b5d8a8274e7,深圳市南山区南光社区健康服务中心,01-000269,深圳市南山区南光社区健康服务中心::01-000269,肺通气功能正常,2,train,232,244,1.0517241379310345
row_001744__fe07753aff454ab5aa47e1a52a9c0564,1744,fe07753aff454ab5aa47e1a52a9c0564,深圳市南山区莲城社区健康服务中心,01-000230,深圳市南山区莲城社区健康服务中心::01-000230,阻塞性通气功能障碍,3,train,467,348,1.3419540229885059
row_001745__2517fb06cf854f048b2d5f9a82c7a5ae,1745,2517fb06cf854f048b2d5f9a82c7a5ae,深圳市南山区莲城社区健康服务中心,01-000230,深圳市南山区莲城社区健康服务中心::01-000230,阻塞性通气功能障碍,3,train,427,404,1.056930693069307
row_001746__c8b44d4237c746f38ec4e564c8cb7ed2,1746,c8b44d4237c746f38ec4e564c8cb7ed2,马鞍山社区健康服务中心,01-000355,马鞍山社区健康服务中心::01-000355,不可用/不明确,0,train,301,287,1.048780487804878
row_001747__c3ed3dfb858d4697a092272a01e5bafd,1747,c3ed3dfb858d4697a092272a01e5bafd,马鞍山社区健康服务中心,01-000355,马鞍山社区健康服务中心::01-000355,不可用/不明确,0,train,374,357,1.0476190476190477
row_001748__c04c9d0b116a4c2d89d479eeb3905ac4,1748,c04c9d0b116a4c2d89d479eeb3905ac4,马鞍山社区健康服务中心,01-000355,马鞍山社区健康服务中心::01-000355,不可用/不明确,0,train,302,270,1.1185185185185185
row_001749__aac6fe5d137d49418feaa064784e3495,1749,aac6fe5d137d49418feaa064784e3495,佛山市南海区第七人民医院,01-000201,佛山市南海区第七人民医院::01-000201,肺通气功能正常,2,train,431,424,1.0165094339622642
row_001750__966c177f119346538caf0369c6cf9254,1750,966c177f119346538caf0369c6cf9254,佛山市南海区第七人民医院,01-000201,佛山市南海区第七人民医院::01-000201,肺通气功能正常,2,train,432,437,1.0115740740740742
row_001755__62ac8c2957f84a1d801aeb9d7048e1ea,1755,62ac8c2957f84a1d801aeb9d7048e1ea,东莞市清溪镇社区卫生服务中心,01-000066,东莞市清溪镇社区卫生服务中心::01-000066,阻塞性通气功能障碍,3,train,455,478,1.0505494505494506
row_001756__bf4124d5943d4e22b02ff12104a5fae0,1756,bf4124d5943d4e22b02ff12104a5fae0,东莞市清溪镇社区卫生服务中心,01-000066,东莞市清溪镇社区卫生服务中心::01-000066,阻塞性通气功能障碍,3,train,476,485,1.01890756302521
row_001757__4bb84fc889af4085ac021ff2934fcc0a,1757,4bb84fc889af4085ac021ff2934fcc0a,东莞市清溪镇社区卫生服务中心,01-000066,东莞市清溪镇社区卫生服务中心::01-000066,阻塞性通气功能障碍,3,train,475,483,1.016842105263158
row_001760__35b5e4b5e01445b98216237b41313524,1760,35b5e4b5e01445b98216237b41313524,深圳市南山区南山社区健康服务中心,01-000271,深圳市南山区南山社区健康服务中心::01-000271,肺通气功能正常,2,train,316,248,1.2741935483870968
row_001761__bdfb41d5cd1f4eb0a429d7741e7b1c2d,1761,bdfb41d5cd1f4eb0a429d7741e7b1c2d,深圳市南山区桃花园社区健康服务中心,01-000523,深圳市南山区桃花园社区健康服务中心::01-000523,肺通气功能正常,2,train,431,404,1.066831683168317
row_001762__9ed100a91c3041eba3fcf72e31be0442,1762,9ed100a91c3041eba3fcf72e31be0442,深圳市南山区桃花园社区健康服务中心,01-000523,深圳市南山区桃花园社区健康服务中心::01-000523,肺通气功能正常,2,train,411,320,1.284375
row_001764__351866f43d8d469db7cfd33cc9959f79,1764,351866f43d8d469db7cfd33cc9959f79,汕头市第三人民医院,01-000490,汕头市第三人民医院::01-000490,阻塞性通气功能障碍,3,train,273,297,1.0879120879120878
row_001765__137f01da691c4af9bc945be9b57962d6,1765,137f01da691c4af9bc945be9b57962d6,汕头市第三人民医院,01-000490,汕头市第三人民医院::01-000490,阻塞性通气功能障碍,3,train,248,253,1.0201612903225807
row_001766__632f1b8608d449e6a22cefe1bb5d08c1,1766,632f1b8608d449e6a22cefe1bb5d08c1,汕头市第三人民医院,01-000490,汕头市第三人民医院::01-000490,阻塞性通气功能障碍,3,train,256,265,1.03515625
row_001770__790e1e34ad44449890c1c2ec8e8b50c7,1770,790e1e34ad44449890c1c2ec8e8b50c7,善心体检,01-011366,善心体检::01-011366,肺通气功能正常,2,train,298,308,1.0335570469798658
row_001771__3095f66707ac496593503a349c104fd4,1771,3095f66707ac496593503a349c104fd4,善心体检,01-011366,善心体检::01-011366,肺通气功能正常,2,train,318,298,1.0671140939597314
row_001772__b8e806300ac54e31a7993d7980b44043,1772,b8e806300ac54e31a7993d7980b44043,善心体检,01-011366,善心体检::01-011366,肺通气功能正常,2,train,318,318,1.0
row_001773__c91dec01082c4db5a1414027de66ea0f,1773,c91dec01082c4db5a1414027de66ea0f,英德市东华镇中心卫生院,01-000633,英德市东华镇中心卫生院::01-000633,不可用/不明确,0,val,322,305,1.0557377049180328
row_001774__1dd04111f0ff44ccb6e0b7414c3635c1,1774,1dd04111f0ff44ccb6e0b7414c3635c1,英德市东华镇中心卫生院,01-000633,英德市东华镇中心卫生院::01-000633,不可用/不明确,0,val,325,328,1.0092307692307692
row_001775__5189ae4a3c6c4c058770e9edc2ac0f02,1775,5189ae4a3c6c4c058770e9edc2ac0f02,英德市东华镇中心卫生院,01-000633,英德市东华镇中心卫生院::01-000633,不可用/不明确,0,val,302,312,1.033112582781457
row_001776__bdd0c8a6c2194f7386486fc56d0dd8a0,1776,bdd0c8a6c2194f7386486fc56d0dd8a0,英德市东华镇中心卫生院,01-000644,英德市东华镇中心卫生院::01-000644,混合性通气功能障碍,4,test,128,128,1.0
row_001777__d11e0ec8afbd414b9bff5778135f3897,1777,d11e0ec8afbd414b9bff5778135f3897,英德市东华镇中心卫生院,01-000644,英德市东华镇中心卫生院::01-000644,混合性通气功能障碍,4,test,148,145,1.0206896551724138
row_001778__ddde38c5ad9740b2898e1d2801185b35,1778,ddde38c5ad9740b2898e1d2801185b35,英德市东华镇中心卫生院,01-000644,英德市东华镇中心卫生院::01-000644,混合性通气功能障碍,4,test,143,113,1.2654867256637168
row_001779__ffae183744374404969e33da184decc9,1779,ffae183744374404969e33da184decc9,深圳市南山区大学城社区健康服务中心,01-000376,深圳市南山区大学城社区健康服务中心::01-000376,限制性通气功能障碍,1,train,291,240,1.2125
row_001780__29ed47786889487fac82f6094c1f8871,1780,29ed47786889487fac82f6094c1f8871,深圳市南山区大学城社区健康服务中心,01-000376,深圳市南山区大学城社区健康服务中心::01-000376,限制性通气功能障碍,1,train,295,236,1.25
row_001785__e420f81bb38a46849fcf008c53119067,1785,e420f81bb38a46849fcf008c53119067,深圳市南山区湾厦社区健康服务中心,01-000285,深圳市南山区湾厦社区健康服务中心::01-000285,限制性通气功能障碍,1,test,288,284,1.0140845070422535
row_001787__daa5691598aa4037adc58aef0a59310b,1787,daa5691598aa4037adc58aef0a59310b,深圳市南山区湾厦社区健康服务中心,01-000285,深圳市南山区湾厦社区健康服务中心::01-000285,限制性通气功能障碍,1,test,291,272,1.0698529411764706
row_001788__b8da1b66e5fa44339e2e7da05157aee4,1788,b8da1b66e5fa44339e2e7da05157aee4,深圳市南山区峰景社区健康服务中心,01-000280,深圳市南山区峰景社区健康服务中心::01-000280,肺通气功能正常,2,test,267,200,1.335
row_001790__0d271ad4491f40368c6a0a0d8d287bd9,1790,0d271ad4491f40368c6a0a0d8d287bd9,深圳市南山区峰景社区健康服务中心,01-000280,深圳市南山区峰景社区健康服务中心::01-000280,肺通气功能正常,2,test,264,208,1.2692307692307692
row_001791__0c51974846834611a63f1af393324091,1791,0c51974846834611a63f1af393324091,深圳市南山区深圳湾社区健康服务中心,01-000302,深圳市南山区深圳湾社区健康服务中心::01-000302,肺通气功能正常,2,train,260,260,1.0
row_001792__327064291eae4834aa0325f8f5041dcd,1792,327064291eae4834aa0325f8f5041dcd,深圳市南山区深圳湾社区健康服务中心,01-000302,深圳市南山区深圳湾社区健康服务中心::01-000302,肺通气功能正常,2,train,252,268,1.0634920634920635
row_001793__59951f402eba415ab779da78769626e2,1793,59951f402eba415ab779da78769626e2,深圳市南山区深圳湾社区健康服务中心,01-000302,深圳市南山区深圳湾社区健康服务中心::01-000302,肺通气功能正常,2,train,260,272,1.0461538461538462
row_001797__bca64cf9c8f848da8343e050434b8d4d,1797,bca64cf9c8f848da8343e050434b8d4d,善心体检,01-008793,善心体检::01-008793,肺通气功能正常,2,train,475,355,1.3380281690140845
row_001798__c6eef101c23c4d839ee0fe39e6fde23d,1798,c6eef101c23c4d839ee0fe39e6fde23d,善心体检,01-008793,善心体检::01-008793,肺通气功能正常,2,train,461,377,1.2228116710875332
row_001799__125a0b52dd3244c1985071f05514b770,1799,125a0b52dd3244c1985071f05514b770,善心体检,01-008793,善心体检::01-008793,肺通气功能正常,2,train,460,365,1.2602739726027397
row_001800__d991f4e73b0d4edeb7b1d87442518293,1800,d991f4e73b0d4edeb7b1d87442518293,深圳市南山区西丽社区健康服务中心,01-000309,深圳市南山区西丽社区健康服务中心::01-000309,肺通气功能正常,2,train,279,244,1.1434426229508197
row_001801__a74074c20a4743a08b7f42aedfee01c6,1801,a74074c20a4743a08b7f42aedfee01c6,深圳市南山区西丽社区健康服务中心,01-000309,深圳市南山区西丽社区健康服务中心::01-000309,肺通气功能正常,2,train,299,252,1.1865079365079365
row_001802__0bc926f272094f2e8db192b8bade9c40,1802,0bc926f272094f2e8db192b8bade9c40,深圳市南山区西丽社区健康服务中心,01-000309,深圳市南山区西丽社区健康服务中心::01-000309,肺通气功能正常,2,train,291,232,1.2543103448275863
row_001803__5158eef4b0834477a866bae63c97c9b6,1803,5158eef4b0834477a866bae63c97c9b6,善心体检,01-008289,善心体检::01-008289,肺通气功能正常,2,train,247,190,1.3
row_001806__0ff0604c976d4da98aba49a938aa58d3,1806,0ff0604c976d4da98aba49a938aa58d3,深圳市南山区医疗集团总部海珠社区健康服务中心,01-000023,深圳市南山区医疗集团总部海珠社区健康服务中心::01-000023,肺通气功能正常,2,train,291,260,1.1192307692307693
row_001807__ee506c29d73e4406bea36e37f0f95ba6,1807,ee506c29d73e4406bea36e37f0f95ba6,深圳市南山区医疗集团总部海珠社区健康服务中心,01-000023,深圳市南山区医疗集团总部海珠社区健康服务中心::01-000023,肺通气功能正常,2,train,288,216,1.3333333333333333
row_001808__da393e3bd4504ae9b678e16462e66083,1808,da393e3bd4504ae9b678e16462e66083,深圳市南山区医疗集团总部海珠社区健康服务中心,01-000023,深圳市南山区医疗集团总部海珠社区健康服务中心::01-000023,肺通气功能正常,2,train,339,296,1.1452702702702702
row_001809__acc7142c2e3a4d9d827c480e05b962c1,1809,acc7142c2e3a4d9d827c480e05b962c1,深圳市南山区荔湾社区健康服务中心,01-000248,深圳市南山区荔湾社区健康服务中心::01-000248,限制性通气功能障碍,1,test,295,264,1.1174242424242424
row_001810__00deef4201a1462bacafed6bde8d0c6e,1810,00deef4201a1462bacafed6bde8d0c6e,深圳市南山区荔湾社区健康服务中心,01-000248,深圳市南山区荔湾社区健康服务中心::01-000248,限制性通气功能障碍,1,test,307,248,1.2379032258064515
row_001811__cbab48d524014ce2b1be145252d3d88c,1811,cbab48d524014ce2b1be145252d3d88c,深圳市南山区荔湾社区健康服务中心,01-000248,深圳市南山区荔湾社区健康服务中心::01-000248,限制性通气功能障碍,1,test,307,248,1.2379032258064515
row_001812__da720034239b4357bfcaaa854c08ebac,1812,da720034239b4357bfcaaa854c08ebac,深圳市南山区深圳湾社区健康服务中心,01-000343,深圳市南山区深圳湾社区健康服务中心::01-000343,肺通气功能正常,2,train,292,296,1.0136986301369864
row_001813__926136834c7c482a88d8e9490028de13,1813,926136834c7c482a88d8e9490028de13,深圳市南山区深圳湾社区健康服务中心,01-000343,深圳市南山区深圳湾社区健康服务中心::01-000343,肺通气功能正常,2,train,288,284,1.0140845070422535
row_001814__bcc4e2ea063e41deb365c555aaaa6ac4,1814,bcc4e2ea063e41deb365c555aaaa6ac4,深圳市南山区深圳湾社区健康服务中心,01-000343,深圳市南山区深圳湾社区健康服务中心::01-000343,肺通气功能正常,2,train,292,304,1.0410958904109588
row_001815__a535fde750654acba39c786438029516,1815,a535fde750654acba39c786438029516,善心体检,01-009411,善心体检::01-009411,肺通气功能正常,2,train,274,268,1.0223880597014925
row_001816__324f2c852a9d490a8a97eabaa7ce110c,1816,324f2c852a9d490a8a97eabaa7ce110c,善心体检,01-009411,善心体检::01-009411,肺通气功能正常,2,train,278,263,1.0570342205323193
row_001817__f9c667ccf5734b2f88df1c34b0c50a21,1817,f9c667ccf5734b2f88df1c34b0c50a21,善心体检,01-009411,善心体检::01-009411,肺通气功能正常,2,train,276,275,1.0036363636363637
row_001818__bc9f04af68fd487aa395233b3eff1445,1818,bc9f04af68fd487aa395233b3eff1445,深圳市南山区龙辉社区健康服务中心,01-000228,深圳市南山区龙辉社区健康服务中心::01-000228,肺通气功能正常,2,test,375,308,1.2175324675324675
row_001819__fd2a1132146948de883202d6b23d9131,1819,fd2a1132146948de883202d6b23d9131,深圳市南山区龙辉社区健康服务中心,01-000228,深圳市南山区龙辉社区健康服务中心::01-000228,肺通气功能正常,2,test,355,332,1.069277108433735
row_001820__aad10528f71e46dfa06a4e5b05281e74,1820,aad10528f71e46dfa06a4e5b05281e74,深圳市南山区龙辉社区健康服务中心,01-000228,深圳市南山区龙辉社区健康服务中心::01-000228,肺通气功能正常,2,test,367,356,1.0308988764044944
row_001821__d27612ff42414b26819d4cb49927f8a8,1821,d27612ff42414b26819d4cb49927f8a8,广州市荔湾区南源街社区卫生服务中心,01-000086,广州市荔湾区南源街社区卫生服务中心::01-000086,肺通气功能正常,2,train,273,238,1.1470588235294117
row_001822__cdc7ee85ea2b40db93f4236ffc95fe60,1822,cdc7ee85ea2b40db93f4236ffc95fe60,广州市荔湾区南源街社区卫生服务中心,01-000086,广州市荔湾区南源街社区卫生服务中心::01-000086,肺通气功能正常,2,train,250,228,1.0964912280701755
row_001823__ee2275ca84a54ac4b56c455c53119b89,1823,ee2275ca84a54ac4b56c455c53119b89,广州市荔湾区南源街社区卫生服务中心,01-000086,广州市荔湾区南源街社区卫生服务中心::01-000086,肺通气功能正常,2,train,278,263,1.0570342205323193
row_001824__5f839069149d4a10a3754cde0a3b60a1,1824,5f839069149d4a10a3754cde0a3b60a1,东莞市东城社区卫生服务中心,01-000563,东莞市东城社区卫生服务中心::01-000563,肺通气功能正常,2,test,285,298,1.0456140350877192
row_001825__34c89eae50f64d5d96b89e95e5ef7f10,1825,34c89eae50f64d5d96b89e95e5ef7f10,东莞市东城社区卫生服务中心,01-000563,东莞市东城社区卫生服务中心::01-000563,肺通气功能正常,2,test,290,293,1.0103448275862068
row_001826__b8c6d57c541a4d0f9fa745184356501f,1826,b8c6d57c541a4d0f9fa745184356501f,东莞市东城社区卫生服务中心,01-000563,东莞市东城社区卫生服务中心::01-000563,肺通气功能正常,2,test,300,288,1.0416666666666667
row_001827__b7b28acb2da242198a07f67a3393a3c2,1827,b7b28acb2da242198a07f67a3393a3c2,深圳市南山区荔湾社区健康服务中心,01-000196,深圳市南山区荔湾社区健康服务中心::01-000196,肺通气功能正常,2,test,275,240,1.1458333333333333
row_001828__27dee6dcb53242bc93f23f5f1fc41e30,1828,27dee6dcb53242bc93f23f5f1fc41e30,深圳市南山区荔湾社区健康服务中心,01-000196,深圳市南山区荔湾社区健康服务中心::01-000196,肺通气功能正常,2,test,220,216,1.0185185185185186
row_001829__44b32f8f66b94b489d177ee07fdee37d,1829,44b32f8f66b94b489d177ee07fdee37d,深圳市南山区荔湾社区健康服务中心,01-000196,深圳市南山区荔湾社区健康服务中心::01-000196,肺通气功能正常,2,test,239,220,1.0863636363636364
row_001830__a9902dd9e9fc450ba86c7d57076a48b4,1830,a9902dd9e9fc450ba86c7d57076a48b4,佛山市南海区盐步医院,01-000419,佛山市南海区盐步医院::01-000419,肺通气功能正常,2,test,383,383,1.0
row_001831__e9a25d0ab2154f76979f704a3b5aa948,1831,e9a25d0ab2154f76979f704a3b5aa948,佛山市南海区盐步医院,01-000419,佛山市南海区盐步医院::01-000419,肺通气功能正常,2,test,340,333,1.021021021021021
row_001832__5b11f7488e2b43338e964a7242abcdac,1832,5b11f7488e2b43338e964a7242abcdac,佛山市南海区盐步医院,01-000419,佛山市南海区盐步医院::01-000419,肺通气功能正常,2,test,377,324,1.1635802469135803
row_001834__ab28b960608142588ea0802c13be5d56,1834,ab28b960608142588ea0802c13be5d56,东莞市中堂镇社区卫生服务中心,01-000125,东莞市中堂镇社区卫生服务中心::01-000125,混合性通气功能障碍,4,train,216,197,1.0964467005076142
row_001836__15994333c83a41b6b9b5d9e6da93dfa5,1836,15994333c83a41b6b9b5d9e6da93dfa5,深圳市南山区星海名城社区健康服务中心,01-000167,深圳市南山区星海名城社区健康服务中心::01-000167,肺通气功能正常,2,train,288,228,1.263157894736842
row_001837__40aedd642b664566943e7a43b26ee95d,1837,40aedd642b664566943e7a43b26ee95d,深圳市南山区星海名城社区健康服务中心,01-000167,深圳市南山区星海名城社区健康服务中心::01-000167,肺通气功能正常,2,train,288,236,1.2203389830508475
row_001838__22bbf457e7f342dbb6644d2390da394f,1838,22bbf457e7f342dbb6644d2390da394f,深圳市南山区星海名城社区健康服务中心,01-000167,深圳市南山区星海名城社区健康服务中心::01-000167,肺通气功能正常,2,train,268,224,1.1964285714285714
row_001842__c5b80ba48c9445d5b6992561da228a74,1842,c5b80ba48c9445d5b6992561da228a74,东莞市南城社区卫生服务中心,01-000639,东莞市南城社区卫生服务中心::01-000639,肺通气功能正常,2,train,266,262,1.015267175572519
row_001843__8c016d5549d343a4809945eee80e0c47,1843,8c016d5549d343a4809945eee80e0c47,东莞市南城社区卫生服务中心,01-000639,东莞市南城社区卫生服务中心::01-000639,肺通气功能正常,2,train,257,257,1.0
row_001844__53062c7bfcb8441c9d8d8e5fbedcd4b5,1844,53062c7bfcb8441c9d8d8e5fbedcd4b5,东莞市南城社区卫生服务中心,01-000639,东莞市南城社区卫生服务中心::01-000639,肺通气功能正常,2,train,258,257,1.0038910505836576
row_001845__fbac1acf987b4f64b86168d2d1a79758,1845,fbac1acf987b4f64b86168d2d1a79758,深圳市南山区月亮湾社区健康服务中心,01-000242,深圳市南山区月亮湾社区健康服务中心::01-000242,肺通气功能正常,2,test,439,428,1.0257009345794392
row_001847__46fd47a9d921436bafc45c0762b5866b,1847,46fd47a9d921436bafc45c0762b5866b,深圳市南山区月亮湾社区健康服务中心,01-000242,深圳市南山区月亮湾社区健康服务中心::01-000242,肺通气功能正常,2,test,428,424,1.009433962264151
row_001848__6f912b4fd8f0467f82e6536b11682366,1848,6f912b4fd8f0467f82e6536b11682366,深圳市南山区荔湾社区健康服务中心,01-000219,深圳市南山区荔湾社区健康服务中心::01-000219,肺通气功能正常,2,val,187,176,1.0625
row_001849__f6ec9622edb0495ca8d0de1fa8ffdacf,1849,f6ec9622edb0495ca8d0de1fa8ffdacf,深圳市南山区荔湾社区健康服务中心,01-000219,深圳市南山区荔湾社区健康服务中心::01-000219,肺通气功能正常,2,val,219,192,1.140625
row_001850__3c910f099bfd431ea3ea5b5547856f3f,1850,3c910f099bfd431ea3ea5b5547856f3f,深圳市南山区荔湾社区健康服务中心,01-000219,深圳市南山区荔湾社区健康服务中心::01-000219,肺通气功能正常,2,val,223,192,1.1614583333333333
row_001853__b2ce495853ad4486ab65c4e1abe68f8f,1853,b2ce495853ad4486ab65c4e1abe68f8f,深圳市南山区星海名城社区健康服务中心,01-000144,深圳市南山区星海名城社区健康服务中心::01-000144,肺通气功能正常,2,train,320,264,1.2121212121212122
row_001856__c8d8c8ea43cd4b23806d9b6e866c489c,1856,c8d8c8ea43cd4b23806d9b6e866c489c,东莞市寮步镇社区卫生服务中心,01-001619,东莞市寮步镇社区卫生服务中心::01-001619,限制性通气功能障碍,1,test,293,235,1.2468085106382978
row_001864__3c023c20d6a2498abfb567d86f966bc3,1864,3c023c20d6a2498abfb567d86f966bc3,深圳市南山区高新社区健康服务中心,01-000158,深圳市南山区高新社区健康服务中心::01-000158,肺通气功能正常,2,train,264,260,1.0153846153846153
row_001865__5c61d042a01f4d41a5ce63424d8e1276,1865,5c61d042a01f4d41a5ce63424d8e1276,深圳市南山区高新社区健康服务中心,01-000158,深圳市南山区高新社区健康服务中心::01-000158,肺通气功能正常,2,train,271,252,1.0753968253968254
row_001866__24df992b7d114b3bafbf290c4ba5eb46,1866,24df992b7d114b3bafbf290c4ba5eb46,深圳市南山区高新社区健康服务中心,01-000158,深圳市南山区高新社区健康服务中心::01-000158,肺通气功能正常,2,train,268,264,1.0151515151515151
row_001867__b3626f8717bd4b02a14b833a3f6902dc,1867,b3626f8717bd4b02a14b833a3f6902dc,善心体检,01-010969,善心体检::01-010969,肺通气功能正常,2,train,294,278,1.0575539568345325
row_001868__931a0a6c6edb4df89861de1d8f9e629f,1868,931a0a6c6edb4df89861de1d8f9e629f,善心体检,01-010969,善心体检::01-010969,肺通气功能正常,2,train,294,250,1.176
row_001869__d3fdf5bce01142a8a288c7420054ad26,1869,d3fdf5bce01142a8a288c7420054ad26,善心体检,01-010969,善心体检::01-010969,肺通气功能正常,2,train,296,242,1.2231404958677685
row_001870__1588fa1f02a346a4a79116bb15050d54,1870,1588fa1f02a346a4a79116bb15050d54,善心体检,01-011844,善心体检::01-011844,肺通气功能正常,2,test,362,345,1.0492753623188407
row_001871__4fd17405f87e4bd4a0ab437b44b3fd86,1871,4fd17405f87e4bd4a0ab437b44b3fd86,善心体检,01-011844,善心体检::01-011844,肺通气功能正常,2,test,358,329,1.088145896656535
row_001872__c55eb83c5006420287c23c0ba2483864,1872,c55eb83c5006420287c23c0ba2483864,善心体检,01-011844,善心体检::01-011844,肺通气功能正常,2,test,358,334,1.0718562874251496
row_001873__1106a8b72836452e8c4e44df1dec6111,1873,1106a8b72836452e8c4e44df1dec6111,深圳市南山区花果山东社区健康服务中心,01-000234,深圳市南山区花果山东社区健康服务中心::01-000234,限制性通气功能障碍,1,train,299,236,1.2669491525423728
row_001874__220c13fbb30b428b841fe618376c64d7,1874,220c13fbb30b428b841fe618376c64d7,深圳市南山区花果山东社区健康服务中心,01-000234,深圳市南山区花果山东社区健康服务中心::01-000234,限制性通气功能障碍,1,train,251,212,1.1839622641509433
row_001875__fb5276dede494998a3b10aa9a0a048cd,1875,fb5276dede494998a3b10aa9a0a048cd,深圳市南山区花果山东社区健康服务中心,01-000234,深圳市南山区花果山东社区健康服务中心::01-000234,限制性通气功能障碍,1,train,291,224,1.2991071428571428
row_001877__89e609b321764c9787ed2f9cd7d14fcd,1877,89e609b321764c9787ed2f9cd7d14fcd,深圳市南山区大汪社区健康服务中心,01-000198,深圳市南山区大汪社区健康服务中心::01-000198,肺通气功能正常,2,test,435,356,1.2219101123595506
row_001878__4e2a6ed91d4f48c8a16945c30b1a8825,1878,4e2a6ed91d4f48c8a16945c30b1a8825,深圳市南山区大汪社区健康服务中心,01-000198,深圳市南山区大汪社区健康服务中心::01-000198,肺通气功能正常,2,test,419,380,1.1026315789473684
row_001882__57ce3c07e7c3463192755c0106d9f954,1882,57ce3c07e7c3463192755c0106d9f954,深圳市南山区南山社区健康服务中心,01-000273,深圳市南山区南山社区健康服务中心::01-000273,肺通气功能正常,2,train,304,228,1.3333333333333333
row_001886__e3cd021acd4f4199a1e0a5b1a9a0ba0b,1886,e3cd021acd4f4199a1e0a5b1a9a0ba0b,深圳市南山区峰景社区健康服务中心,01-000233,深圳市南山区峰景社区健康服务中心::01-000233,肺通气功能正常,2,train,307,252,1.2182539682539681
row_001887__60a36b287b5049b3ba87b0aced8952d5,1887,60a36b287b5049b3ba87b0aced8952d5,深圳市南山区峰景社区健康服务中心,01-000233,深圳市南山区峰景社区健康服务中心::01-000233,肺通气功能正常,2,train,331,264,1.253787878787879
row_001888__bb3b0e6c22bc442e9f64631b57f3c141,1888,bb3b0e6c22bc442e9f64631b57f3c141,开平市长沙街道办事处社区卫生服务中心,01-000592,开平市长沙街道办事处社区卫生服务中心::01-000592,肺通气功能正常,2,train,338,328,1.0304878048780488
row_001889__799722c535ef41b88eba1d84b9b1a7cb,1889,799722c535ef41b88eba1d84b9b1a7cb,开平市长沙街道办事处社区卫生服务中心,01-000592,开平市长沙街道办事处社区卫生服务中心::01-000592,肺通气功能正常,2,train,314,298,1.0536912751677852
row_001890__242dfae9ab7047b28cc566a1697162ca,1890,242dfae9ab7047b28cc566a1697162ca,开平市长沙街道办事处社区卫生服务中心,01-000592,开平市长沙街道办事处社区卫生服务中心::01-000592,肺通气功能正常,2,train,327,295,1.1084745762711865
row_001891__9d92c98638974df6a689a73863bac0ea,1891,9d92c98638974df6a689a73863bac0ea,广州市越秀区光塔街社区卫生服务中心,01-000204,广州市越秀区光塔街社区卫生服务中心::01-000204,肺通气功能正常,2,train,375,308,1.2175324675324675
row_001892__08c14e4278a6404fa6aa8e9c17f5d0cb,1892,08c14e4278a6404fa6aa8e9c17f5d0cb,广州市越秀区光塔街社区卫生服务中心,01-000204,广州市越秀区光塔街社区卫生服务中心::01-000204,肺通气功能正常,2,train,369,343,1.075801749271137
row_001893__c573044a10d646df85016c066f609a4f,1893,c573044a10d646df85016c066f609a4f,广州市越秀区光塔街社区卫生服务中心,01-000204,广州市越秀区光塔街社区卫生服务中心::01-000204,肺通气功能正常,2,train,335,328,1.021341463414634
row_001894__64d7fff01b0941feac9427eb08109e0f,1894,64d7fff01b0941feac9427eb08109e0f,东莞市东城社区卫生服务中心,01-000539,东莞市东城社区卫生服务中心::01-000539,肺通气功能正常,2,test,295,305,1.0338983050847457
row_001895__f0cea808055a4f1abb02626113b08e50,1895,f0cea808055a4f1abb02626113b08e50,东莞市东城社区卫生服务中心,01-000539,东莞市东城社区卫生服务中心::01-000539,肺通气功能正常,2,test,300,308,1.0266666666666666
row_001896__c32f6195fbb4403fa6535caa47a4b2ae,1896,c32f6195fbb4403fa6535caa47a4b2ae,东莞市东城社区卫生服务中心,01-000539,东莞市东城社区卫生服务中心::01-000539,肺通气功能正常,2,test,289,294,1.0173010380622838
row_001897__fd7939a74f6f49e19e38bb7f9747296d,1897,fd7939a74f6f49e19e38bb7f9747296d,马鞍山社区健康服务中心,01-000367,马鞍山社区健康服务中心::01-000367,肺通气功能正常,2,train,274,299,1.0912408759124088
row_001898__1650d685d9324d2fbb271a33805d517a,1898,1650d685d9324d2fbb271a33805d517a,马鞍山社区健康服务中心,01-000367,马鞍山社区健康服务中心::01-000367,肺通气功能正常,2,train,290,302,1.0413793103448277
row_001899__f403caa97d614f19905691b74a7a491f,1899,f403caa97d614f19905691b74a7a491f,马鞍山社区健康服务中心,01-000367,马鞍山社区健康服务中心::01-000367,肺通气功能正常,2,train,288,286,1.006993006993007
row_001900__70bc3184c80c44de94070d922ce256e0,1900,70bc3184c80c44de94070d922ce256e0,深圳市南山区峰景社区健康服务中心,01-000268,深圳市南山区峰景社区健康服务中心::01-000268,限制性通气功能障碍,1,val,164,160,1.025
row_001901__96dd8f7976904751a46d6102d54c0c80,1901,96dd8f7976904751a46d6102d54c0c80,深圳市南山区峰景社区健康服务中心,01-000268,深圳市南山区峰景社区健康服务中心::01-000268,限制性通气功能障碍,1,val,203,160,1.26875
row_001905__0f3b7b43c6114970b030d8c9a18563c3,1905,0f3b7b43c6114970b030d8c9a18563c3,水田社康中心,01-000746,水田社康中心::01-000746,阻塞性通气功能障碍,3,train,384,378,1.0158730158730158
row_001906__01bfe8b0ca2540f6b73e97ff993a2428,1906,01bfe8b0ca2540f6b73e97ff993a2428,水田社康中心,01-000746,水田社康中心::01-000746,阻塞性通气功能障碍,3,train,359,374,1.041782729805014
row_001907__797a5fce36fa4421880f786a49dbcccd,1907,797a5fce36fa4421880f786a49dbcccd,肇庆市德庆县人民医院,01-000394,肇庆市德庆县人民医院::01-000394,混合性通气功能障碍,4,train,218,280,1.2844036697247707
row_001908__df9d4f72798041f2a9289069cfd80d23,1908,df9d4f72798041f2a9289069cfd80d23,肇庆市德庆县人民医院,01-000394,肇庆市德庆县人民医院::01-000394,混合性通气功能障碍,4,train,253,255,1.007905138339921
row_001909__54b5844fea7149ba8d160097a2244256,1909,54b5844fea7149ba8d160097a2244256,肇庆市德庆县人民医院,01-000394,肇庆市德庆县人民医院::01-000394,混合性通气功能障碍,4,train,226,240,1.0619469026548674
row_001910__aba7743141ce498f811e75d1a775752e,1910,aba7743141ce498f811e75d1a775752e,深圳市南山区峰景社区健康服务中心,01-000259,深圳市南山区峰景社区健康服务中心::01-000259,限制性通气功能障碍,1,train,151,116,1.3017241379310345
row_001911__edd09664464c422b8c1600818036e63d,1911,edd09664464c422b8c1600818036e63d,深圳市南山区峰景社区健康服务中心,01-000259,深圳市南山区峰景社区健康服务中心::01-000259,限制性通气功能障碍,1,train,135,116,1.1637931034482758
row_001912__c50f5b84130e45cb846f4e644d7f09e4,1912,c50f5b84130e45cb846f4e644d7f09e4,深圳市南山区白芒社区健康服务中心,01-000220,深圳市南山区白芒社区健康服务中心::01-000220,阻塞性通气功能障碍,3,train,436,480,1.1009174311926606
row_001913__4afe57aaef6c4c9f9b0e6915e8ca2004,1913,4afe57aaef6c4c9f9b0e6915e8ca2004,深圳市南山区白芒社区健康服务中心,01-000220,深圳市南山区白芒社区健康服务中心::01-000220,阻塞性通气功能障碍,3,train,436,432,1.0092592592592593
row_001914__f540f80cd8094fa1a06546d2ba9776ac,1914,f540f80cd8094fa1a06546d2ba9776ac,深圳市南山区白芒社区健康服务中心,01-000220,深圳市南山区白芒社区健康服务中心::01-000220,阻塞性通气功能障碍,3,train,372,404,1.086021505376344
row_001915__6ede46c8f27f4156b789410df4524990,1915,6ede46c8f27f4156b789410df4524990,深圳市南山区高新社区健康服务中心,01-000231,深圳市南山区高新社区健康服务中心::01-000231,肺通气功能正常,2,train,331,320,1.034375
row_001918__c12fef5e708741878aae6de7a8d93375,1918,c12fef5e708741878aae6de7a8d93375,深圳市南山区桃花园社区健康服务中心,01-000516,深圳市南山区桃花园社区健康服务中心::01-000516,肺通气功能正常,2,train,376,380,1.0106382978723405
row_001919__06ce22498b554f3fbc5dd4816e043671,1919,06ce22498b554f3fbc5dd4816e043671,深圳市南山区桃花园社区健康服务中心,01-000516,深圳市南山区桃花园社区健康服务中心::01-000516,肺通气功能正常,2,train,368,372,1.0108695652173914
row_001920__17035d7a057542a3931294add85b3a73,1920,17035d7a057542a3931294add85b3a73,深圳市南山区桃花园社区健康服务中心,01-000516,深圳市南山区桃花园社区健康服务中心::01-000516,肺通气功能正常,2,train,364,372,1.021978021978022
row_001921__e4278cc8c5f9434fbb3efa6d18189db7,1921,e4278cc8c5f9434fbb3efa6d18189db7,广州市越秀区白云街社区卫生服务中心,01-000418,广州市越秀区白云街社区卫生服务中心::01-000418,限制性通气功能障碍,1,train,143,108,1.3240740740740742
row_001923__c88981d8eccb4a35a4960f682b50c394,1923,c88981d8eccb4a35a4960f682b50c394,广州市越秀区白云街社区卫生服务中心,01-000418,广州市越秀区白云街社区卫生服务中心::01-000418,限制性通气功能障碍,1,train,139,112,1.2410714285714286
row_001924__fe61298114a34269bb547f5b4b7a57e7,1924,fe61298114a34269bb547f5b4b7a57e7,深圳市南山区西丽社区健康服务中心,01-000262,深圳市南山区西丽社区健康服务中心::01-000262,肺通气功能正常,2,train,303,284,1.0669014084507042
row_001925__9085175617ec4896804a2dc145586b59,1925,9085175617ec4896804a2dc145586b59,深圳市南山区西丽社区健康服务中心,01-000262,深圳市南山区西丽社区健康服务中心::01-000262,肺通气功能正常,2,train,303,288,1.0520833333333333
row_001926__7c9cba0057ba4c579ed784bc15ee925f,1926,7c9cba0057ba4c579ed784bc15ee925f,深圳市南山区西丽社区健康服务中心,01-000262,深圳市南山区西丽社区健康服务中心::01-000262,肺通气功能正常,2,train,303,248,1.221774193548387
row_001927__49453baac209403fad3b45a9f0f7f9fc,1927,49453baac209403fad3b45a9f0f7f9fc,深圳市南山区高新社区健康服务中心,01-000238,深圳市南山区高新社区健康服务中心::01-000238,肺通气功能正常,2,val,271,224,1.2098214285714286
row_001928__035a818614de43fe868f362250971ae8,1928,035a818614de43fe868f362250971ae8,深圳市南山区高新社区健康服务中心,01-000238,深圳市南山区高新社区健康服务中心::01-000238,肺通气功能正常,2,val,243,212,1.1462264150943395
row_001929__809f7501a1024b53a620215edf78f79b,1929,809f7501a1024b53a620215edf78f79b,深圳市南山区高新社区健康服务中心,01-000238,深圳市南山区高新社区健康服务中心::01-000238,肺通气功能正常,2,val,255,212,1.2028301886792452
row_001930__fbf83ac1608d442d995a4be9e7b99d75,1930,fbf83ac1608d442d995a4be9e7b99d75,善心体检,01-011381,善心体检::01-011381,肺通气功能正常,2,train,204,192,1.0625
row_001931__a96baa24f59b4974a2b19bc18b959045,1931,a96baa24f59b4974a2b19bc18b959045,善心体检,01-011381,善心体检::01-011381,肺通气功能正常,2,train,207,214,1.0338164251207729
row_001932__e31db058d38140679b3e7ba6ee4dac03,1932,e31db058d38140679b3e7ba6ee4dac03,善心体检,01-011381,善心体检::01-011381,肺通气功能正常,2,train,208,204,1.0196078431372548
row_001933__2f9e765bd9b94ea7954a5a6e1d8b7b93,1933,2f9e765bd9b94ea7954a5a6e1d8b7b93,水田社康中心,01-000734,水田社康中心::01-000734,混合性通气功能障碍,4,train,222,185,1.2
row_001935__9c3fb1fa77044007a15ca31a0b988181,1935,9c3fb1fa77044007a15ca31a0b988181,水田社康中心,01-000734,水田社康中心::01-000734,混合性通气功能障碍,4,train,253,204,1.2401960784313726
row_001936__507c6710188c4822b43d8010ac0d3869,1936,507c6710188c4822b43d8010ac0d3869,深圳市南山区峰景社区健康服务中心,01-000274,深圳市南山区峰景社区健康服务中心::01-000274,肺通气功能正常,2,val,219,180,1.2166666666666666
row_001938__ebee5328c5c542fc89c4ce7bf46741a4,1938,ebee5328c5c542fc89c4ce7bf46741a4,深圳市南山区星海名城社区健康服务中心,01-000164,深圳市南山区星海名城社区健康服务中心::01-000164,肺通气功能正常,2,train,296,224,1.3214285714285714
row_001939__2af3461d26df4ca48ac00ac16bfd10c0,1939,2af3461d26df4ca48ac00ac16bfd10c0,深圳市南山区星海名城社区健康服务中心,01-000164,深圳市南山区星海名城社区健康服务中心::01-000164,肺通气功能正常,2,train,300,228,1.3157894736842106
row_001941__083342a169e54167b3c62d522ee18e63,1941,083342a169e54167b3c62d522ee18e63,汕头市第三人民医院,01-000489,汕头市第三人民医院::01-000489,阻塞性通气功能障碍,3,test,345,343,1.0058309037900874
row_001942__5149545b48c94501b1c91107c477d65d,1942,5149545b48c94501b1c91107c477d65d,汕头市第三人民医院,01-000489,汕头市第三人民医院::01-000489,阻塞性通气功能障碍,3,test,356,360,1.0112359550561798
row_001943__fc5eb85dc648486a89554dd29576e6f2,1943,fc5eb85dc648486a89554dd29576e6f2,汕头市第三人民医院,01-000489,汕头市第三人民医院::01-000489,阻塞性通气功能障碍,3,test,365,346,1.0549132947976878
row_001944__85f71670b45f446fa52a1bc9646d642d,1944,85f71670b45f446fa52a1bc9646d642d,深圳市南山区龙坤社区健康服务中心,01-000253,深圳市南山区龙坤社区健康服务中心::01-000253,阻塞性通气功能障碍,3,test,284,216,1.3148148148148149
row_001945__11ace205f8e34a5d94912073560f4ec1,1945,11ace205f8e34a5d94912073560f4ec1,深圳市南山区龙坤社区健康服务中心,01-000253,深圳市南山区龙坤社区健康服务中心::01-000253,阻塞性通气功能障碍,3,test,259,224,1.15625
row_001946__a71688f4b2a947f2abeda39124e0b225,1946,a71688f4b2a947f2abeda39124e0b225,深圳市南山区龙坤社区健康服务中心,01-000253,深圳市南山区龙坤社区健康服务中心::01-000253,阻塞性通气功能障碍,3,test,279,256,1.08984375
row_001947__7cdd74aed51f45aebe2f5b9e576e342f,1947,7cdd74aed51f45aebe2f5b9e576e342f,英德市东华镇中心卫生院,01-000637,英德市东华镇中心卫生院::01-000637,肺通气功能正常,2,test,288,215,1.3395348837209302
row_001948__6ceec62a602c42cbb7b033eeb5c761a0,1948,6ceec62a602c42cbb7b033eeb5c761a0,英德市东华镇中心卫生院,01-000637,英德市东华镇中心卫生院::01-000637,肺通气功能正常,2,test,320,261,1.2260536398467432
row_001949__3008637619074dcf9edc26d0ceeafa67,1949,3008637619074dcf9edc26d0ceeafa67,英德市东华镇中心卫生院,01-000637,英德市东华镇中心卫生院::01-000637,肺通气功能正常,2,test,283,220,1.2863636363636364
row_001950__748a9d1893194aa6b7a43e3422e6c394,1950,748a9d1893194aa6b7a43e3422e6c394,深圳市南山区深圳湾社区健康服务中心,01-000287,深圳市南山区深圳湾社区健康服务中心::01-000287,肺通气功能正常,2,train,280,280,1.0
row_001951__729b05e2498a436788a8a9a140111fe5,1951,729b05e2498a436788a8a9a140111fe5,深圳市南山区深圳湾社区健康服务中心,01-000287,深圳市南山区深圳湾社区健康服务中心::01-000287,肺通气功能正常,2,train,284,300,1.056338028169014
row_001952__f19e985a365a45dcb39964391fd2156f,1952,f19e985a365a45dcb39964391fd2156f,深圳市南山区深圳湾社区健康服务中心,01-000287,深圳市南山区深圳湾社区健康服务中心::01-000287,肺通气功能正常,2,train,276,300,1.0869565217391304
row_001953__88b67e2674e6401ebd10c41a7b6383d2,1953,88b67e2674e6401ebd10c41a7b6383d2,佛冈县龙山镇卫生院,01-000012,佛冈县龙山镇卫生院::01-000012,肺通气功能正常,2,train,322,295,1.0915254237288134
row_001956__485e63ffdb5f4f55b03aca9f136de02d,1956,485e63ffdb5f4f55b03aca9f136de02d,深圳市南山区大学城社区健康服务中心,01-000355,深圳市南山区大学城社区健康服务中心::01-000355,肺通气功能正常,2,train,295,272,1.0845588235294117
row_001957__88cd3cdd241d4c4c9874751479b87a73,1957,88cd3cdd241d4c4c9874751479b87a73,深圳市南山区大学城社区健康服务中心,01-000355,深圳市南山区大学城社区健康服务中心::01-000355,肺通气功能正常,2,train,299,256,1.16796875
row_001958__f668e3ba3f844beda6a96dcaf34b2493,1958,f668e3ba3f844beda6a96dcaf34b2493,深圳市南山区大学城社区健康服务中心,01-000355,深圳市南山区大学城社区健康服务中心::01-000355,肺通气功能正常,2,train,295,260,1.1346153846153846
row_001959__9dbb221edd9a4ef39ee198cc69ae435c,1959,9dbb221edd9a4ef39ee198cc69ae435c,深圳市南山区峰景社区健康服务中心,01-000261,深圳市南山区峰景社区健康服务中心::01-000261,肺通气功能正常,2,train,224,176,1.2727272727272727
row_001960__df6da09226b8428b8b47fd05c9f92e36,1960,df6da09226b8428b8b47fd05c9f92e36,深圳市南山区峰景社区健康服务中心,01-000261,深圳市南山区峰景社区健康服务中心::01-000261,肺通气功能正常,2,train,264,196,1.346938775510204
row_001961__d468dfd497534da7ba0ebbd3baffeb1c,1961,d468dfd497534da7ba0ebbd3baffeb1c,佛山市南海区第七人民医院,01-000219,佛山市南海区第七人民医院::01-000219,肺通气功能正常,2,train,480,471,1.019108280254777
row_001962__8372bb48fe8f4c2a88a25f3dfcf1669c,1962,8372bb48fe8f4c2a88a25f3dfcf1669c,佛山市南海区第七人民医院,01-000219,佛山市南海区第七人民医院::01-000219,肺通气功能正常,2,train,475,445,1.0674157303370786
row_001963__b7a2c2f4817d4e8fad2433a95ab2def9,1963,b7a2c2f4817d4e8fad2433a95ab2def9,佛山市南海区第七人民医院,01-000219,佛山市南海区第七人民医院::01-000219,肺通气功能正常,2,train,470,451,1.042128603104213
row_001967__70115336cf584eaaad66e63e94a65b59,1967,70115336cf584eaaad66e63e94a65b59,珠海市高栏港南水镇卫生院,01-000273,珠海市高栏港南水镇卫生院::01-000273,肺通气功能正常,2,train,399,373,1.0697050938337802
row_001968__5b3504a32a67438fb0cdebed8c789221,1968,5b3504a32a67438fb0cdebed8c789221,珠海市高栏港南水镇卫生院,01-000273,珠海市高栏港南水镇卫生院::01-000273,肺通气功能正常,2,train,435,406,1.0714285714285714
row_001969__9d696305c9db42ff89a345efd38b6c9b,1969,9d696305c9db42ff89a345efd38b6c9b,珠海市高栏港南水镇卫生院,01-000273,珠海市高栏港南水镇卫生院::01-000273,肺通气功能正常,2,train,423,421,1.004750593824228
row_001970__5e252946386441d6a58647cb1ea6cd8b,1970,5e252946386441d6a58647cb1ea6cd8b,深圳市南山区高新社区健康服务中心,01-000218,深圳市南山区高新社区健康服务中心::01-000218,肺通气功能正常,2,test,248,244,1.0163934426229508
row_001971__ae4c25ffc5f346d59caac0878a1d1f67,1971,ae4c25ffc5f346d59caac0878a1d1f67,深圳市南山区高新社区健康服务中心,01-000218,深圳市南山区高新社区健康服务中心::01-000218,肺通气功能正常,2,test,252,248,1.0161290322580645
row_001972__cf45ec1f27564ffe89e8915991249d32,1972,cf45ec1f27564ffe89e8915991249d32,深圳市南山区高新社区健康服务中心,01-000218,深圳市南山区高新社区健康服务中心::01-000218,肺通气功能正常,2,test,263,240,1.0958333333333334
row_001974__a78257c8a14d4e5b80778cd492f57de6,1974,a78257c8a14d4e5b80778cd492f57de6,善心体检,01-011084,善心体检::01-011084,肺通气功能正常,2,train,392,375,1.0453333333333332
row_001975__10eb5ffaf7f948c19e9c4e8d6e4ea450,1975,10eb5ffaf7f948c19e9c4e8d6e4ea450,善心体检,01-011084,善心体检::01-011084,肺通气功能正常,2,train,399,404,1.012531328320802
row_001976__f662a5700c164d81ad545cbafd31446c,1976,f662a5700c164d81ad545cbafd31446c,深圳市南山区赤湾社区健康服务中心,01-000175,深圳市南山区赤湾社区健康服务中心::01-000175,限制性通气功能障碍,1,train,216,220,1.0185185185185186
row_001977__f515a2c955df41c8beb238b654bf5657,1977,f515a2c955df41c8beb238b654bf5657,深圳市南山区赤湾社区健康服务中心,01-000175,深圳市南山区赤湾社区健康服务中心::01-000175,限制性通气功能障碍,1,train,224,232,1.0357142857142858
row_001978__8c1a32b061d14a9bbb00e5e9f4d20687,1978,8c1a32b061d14a9bbb00e5e9f4d20687,深圳市南山区赤湾社区健康服务中心,01-000175,深圳市南山区赤湾社区健康服务中心::01-000175,限制性通气功能障碍,1,train,232,228,1.0175438596491229
row_001980__4fdd4b33eec84148b179c077c24947a4,1980,4fdd4b33eec84148b179c077c24947a4,善心体检,01-011664,善心体检::01-011664,阻塞性通气功能障碍,3,test,364,348,1.0459770114942528
row_001981__405ec54135d04af2957bcd6e31d472ed,1981,405ec54135d04af2957bcd6e31d472ed,善心体检,01-011664,善心体检::01-011664,阻塞性通气功能障碍,3,test,365,306,1.1928104575163399
row_001982__85ff77b77e154420a05feeb3f64dba6d,1982,85ff77b77e154420a05feeb3f64dba6d,广州善心体检中心,01-000642,广州善心体检中心::01-000642,阻塞性通气功能障碍,3,test,410,413,1.0073170731707317
row_001983__41eaabb753584cd7933c27fa243f3d4c,1983,41eaabb753584cd7933c27fa243f3d4c,广州善心体检中心,01-000642,广州善心体检中心::01-000642,阻塞性通气功能障碍,3,test,418,425,1.0167464114832536
row_001984__ce84c87844e148f9b00a8dc11f482c0f,1984,ce84c87844e148f9b00a8dc11f482c0f,广州善心体检中心,01-000642,广州善心体检中心::01-000642,阻塞性通气功能障碍,3,test,418,430,1.0287081339712918
row_001985__b7a18fe1969746fc8e1e91d50728b5ad,1985,b7a18fe1969746fc8e1e91d50728b5ad,化州市中垌卫生院,02-001670,化州市中垌卫生院::02-001670,限制性通气功能障碍,1,train,108,93,1.1612903225806452
row_001986__4a193d589b144e62ab983808d8191382,1986,4a193d589b144e62ab983808d8191382,化州市中垌卫生院,02-001670,化州市中垌卫生院::02-001670,限制性通气功能障碍,1,train,126,100,1.26
row_001987__0c5e6e97e40441ca904bf5b0bd1c25c8,1987,0c5e6e97e40441ca904bf5b0bd1c25c8,化州市中垌卫生院,02-001670,化州市中垌卫生院::02-001670,限制性通气功能障碍,1,train,119,98,1.2142857142857142
row_001989__8bed6fb68b9b4cf4ab2b07d0ca727307,1989,8bed6fb68b9b4cf4ab2b07d0ca727307,深圳市南山区南油社区健康服务中心,01-000209,深圳市南山区南油社区健康服务中心::01-000209,阻塞性通气功能障碍,3,train,239,200,1.195
row_001990__902c09fae7c94ff78551b8af4fb7b899,1990,902c09fae7c94ff78551b8af4fb7b899,深圳市南山区南油社区健康服务中心,01-000209,深圳市南山区南油社区健康服务中心::01-000209,阻塞性通气功能障碍,3,train,267,220,1.2136363636363636
row_001991__4ecc4857c5a64462801eff6ca0d319e2,1991,4ecc4857c5a64462801eff6ca0d319e2,深圳市南山区医疗集团总部海珠社区健康服务中心,01-000049,深圳市南山区医疗集团总部海珠社区健康服务中心::01-000049,肺通气功能正常,2,val,320,260,1.2307692307692308
row_001992__a2776f5ef4494983a482f2e907e38a6e,1992,a2776f5ef4494983a482f2e907e38a6e,深圳市南山区医疗集团总部海珠社区健康服务中心,01-000049,深圳市南山区医疗集团总部海珠社区健康服务中心::01-000049,肺通气功能正常,2,val,335,320,1.046875
row_001993__28c6f7345cb14ab988bde52fc24dac05,1993,28c6f7345cb14ab988bde52fc24dac05,深圳市南山区医疗集团总部海珠社区健康服务中心,01-000049,深圳市南山区医疗集团总部海珠社区健康服务中心::01-000049,肺通气功能正常,2,val,335,320,1.046875
row_001994__dd01efb179194a44b3b26ff0838c00e5,1994,dd01efb179194a44b3b26ff0838c00e5,深圳市南山区深圳湾社区健康服务中心,01-000307,深圳市南山区深圳湾社区健康服务中心::01-000307,肺通气功能正常,2,train,268,276,1.0298507462686568
row_001995__e631f62fcc4f4b959d4f02e4105b8868,1995,e631f62fcc4f4b959d4f02e4105b8868,深圳市南山区深圳湾社区健康服务中心,01-000307,深圳市南山区深圳湾社区健康服务中心::01-000307,肺通气功能正常,2,train,260,280,1.0769230769230769
row_001996__11c82d91d48b4be3b9dd07d390b0dfc5,1996,11c82d91d48b4be3b9dd07d390b0dfc5,深圳市南山区深圳湾社区健康服务中心,01-000307,深圳市南山区深圳湾社区健康服务中心::01-000307,肺通气功能正常,2,train,276,276,1.0
row_001997__b905519559b64449b7a72af8d528447a,1997,b905519559b64449b7a72af8d528447a,深圳市南山区医疗集团总部海珠社区健康服务中心,01-000021,深圳市南山区医疗集团总部海珠社区健康服务中心::01-000021,肺通气功能正常,2,train,304,323,1.0625
row_001999__34d532a212de451fbcf2dc6729a5e391,1999,34d532a212de451fbcf2dc6729a5e391,深圳市福田区益田社区健康服务中心,01-000358,深圳市福田区益田社区健康服务中心::01-000358,肺通气功能正常,2,train,390,341,1.1436950146627567
row_002000__9854512123924814a25cfa5d1116cc30,2000,9854512123924814a25cfa5d1116cc30,衙边社区健康服务中心,01-000553,衙边社区健康服务中心::01-000553,阻塞性通气功能障碍,3,train,328,345,1.0518292682926829
row_002002__3f4eac1c163b4d9b8a16838bcf5712bf,2002,3f4eac1c163b4d9b8a16838bcf5712bf,衙边社区健康服务中心,01-000553,衙边社区健康服务中心::01-000553,阻塞性通气功能障碍,3,train,323,303,1.066006600660066
row_002005__090bc6b09d2b4e9f85c780346faef640,2005,090bc6b09d2b4e9f85c780346faef640,深圳市南山区峰景社区健康服务中心,01-000251,深圳市南山区峰景社区健康服务中心::01-000251,肺通气功能正常,2,test,219,172,1.2732558139534884
row_002006__39a7a888fccf4eadad93ec6915295e56,2006,39a7a888fccf4eadad93ec6915295e56,深圳市南山区峰景社区健康服务中心,01-000251,深圳市南山区峰景社区健康服务中心::01-000251,肺通气功能正常,2,test,215,176,1.2215909090909092
row_002007__c13109ccf1d143c4aefa17349246cdcf,2007,c13109ccf1d143c4aefa17349246cdcf,深圳市南山区峰景社区健康服务中心,01-000191,深圳市南山区峰景社区健康服务中心::01-000191,肺通气功能正常,2,val,267,224,1.1919642857142858
row_002009__48ecfe6306184fdd97c6fbbf93537b94,2009,48ecfe6306184fdd97c6fbbf93537b94,深圳市南山区峰景社区健康服务中心,01-000191,深圳市南山区峰景社区健康服务中心::01-000191,肺通气功能正常,2,val,275,228,1.206140350877193
row_002010__8f770e365d19483cab1f10cf643d671e,2010,8f770e365d19483cab1f10cf643d671e,善心体检,01-010432,善心体检::01-010432,肺通气功能正常,2,val,411,408,1.0073529411764706
row_002011__3ae7ffa6740244829e7c514e295d0337,2011,3ae7ffa6740244829e7c514e295d0337,善心体检,01-010432,善心体检::01-010432,肺通气功能正常,2,val,409,403,1.0148883374689825
row_002012__b62b53fbe88b40ff875c649dbaf01b99,2012,b62b53fbe88b40ff875c649dbaf01b99,善心体检,01-010432,善心体检::01-010432,肺通气功能正常,2,val,398,355,1.1211267605633803
row_002013__c82e1a6ce60e42bd928448ff1bfda91f,2013,c82e1a6ce60e42bd928448ff1bfda91f,化州市中垌卫生院,02-001669,化州市中垌卫生院::02-001669,限制性通气功能障碍,1,train,163,163,1.0
row_002014__ab5fdbd59d8e4533ba00bb0f8fbb774b,2014,ab5fdbd59d8e4533ba00bb0f8fbb774b,化州市中垌卫生院,02-001669,化州市中垌卫生院::02-001669,限制性通气功能障碍,1,train,178,180,1.0112359550561798
row_002015__ce1a9b5188544ff781715738705d0258,2015,ce1a9b5188544ff781715738705d0258,化州市中垌卫生院,02-001669,化州市中垌卫生院::02-001669,限制性通气功能障碍,1,train,185,183,1.010928961748634
row_002016__51c1434a01db4f7d801780d12d667250,2016,51c1434a01db4f7d801780d12d667250,英德市东华镇中心卫生院,01-000555,英德市东华镇中心卫生院::01-000555,限制性通气功能障碍,1,val,113,103,1.0970873786407767
row_002017__e2ef517e295546d5a28b86201e8e531b,2017,e2ef517e295546d5a28b86201e8e531b,英德市东华镇中心卫生院,01-000555,英德市东华镇中心卫生院::01-000555,限制性通气功能障碍,1,val,150,133,1.1278195488721805
row_002018__b1af18e37dfe4af0b5a1dcb7dbe32aae,2018,b1af18e37dfe4af0b5a1dcb7dbe32aae,深圳市坪山区人民医院竹坑老围社区健康服务中心,01-000289,深圳市坪山区人民医院竹坑老围社区健康服务中心::01-000289,肺通气功能正常,2,test,264,309,1.1704545454545454
row_002019__4def00010b7a4c1caa906e2c3452913b,2019,4def00010b7a4c1caa906e2c3452913b,深圳市坪山区人民医院竹坑老围社区健康服务中心,01-000289,深圳市坪山区人民医院竹坑老围社区健康服务中心::01-000289,肺通气功能正常,2,test,325,320,1.015625
row_002020__02ee2a2d26954a06922b155b1a2c7798,2020,02ee2a2d26954a06922b155b1a2c7798,深圳市坪山区人民医院竹坑老围社区健康服务中心,01-000289,深圳市坪山区人民医院竹坑老围社区健康服务中心::01-000289,肺通气功能正常,2,test,307,317,1.0325732899022801
row_002022__f2cc2de5231147b7a1bc43f2f2fac646,2022,f2cc2de5231147b7a1bc43f2f2fac646,马鞍山社区健康服务中心,01-000382,马鞍山社区健康服务中心::01-000382,肺通气功能正常,2,test,363,328,1.1067073170731707
row_002023__0666c0b8c11645a0a9524cc54d747a93,2023,0666c0b8c11645a0a9524cc54d747a93,马鞍山社区健康服务中心,01-000382,马鞍山社区健康服务中心::01-000382,肺通气功能正常,2,test,324,263,1.231939163498099
row_002024__422e440d9d914ab294213d3b651daa94,2024,422e440d9d914ab294213d3b651daa94,东莞市塘厦镇卫生服务中心,01-000644,东莞市塘厦镇卫生服务中心::01-000644,混合性通气功能障碍,4,train,215,185,1.162162162162162
row_002025__e0d5ddec160b4b6eb3df74d06cde109f,2025,e0d5ddec160b4b6eb3df74d06cde109f,东莞市塘厦镇卫生服务中心,01-000644,东莞市塘厦镇卫生服务中心::01-000644,混合性通气功能障碍,4,train,229,203,1.1280788177339902
row_002026__28225020ed0e48e9960e237fb6202bda,2026,28225020ed0e48e9960e237fb6202bda,东莞市塘厦镇卫生服务中心,01-000644,东莞市塘厦镇卫生服务中心::01-000644,混合性通气功能障碍,4,train,224,200,1.12
row_002028__5455a559815742cdaedc1528e42d48be,2028,5455a559815742cdaedc1528e42d48be,善心体检,01-011836,善心体检::01-011836,肺通气功能正常,2,train,258,244,1.0573770491803278
row_002031__a434d32921cf479cafdce6ee86697407,2031,a434d32921cf479cafdce6ee86697407,水田社康中心,01-000672,水田社康中心::01-000672,肺通气功能正常,2,test,465,470,1.010752688172043
row_002032__9c480ae4f0e2462da6ddc5f3df6b3765,2032,9c480ae4f0e2462da6ddc5f3df6b3765,水田社康中心,01-000672,水田社康中心::01-000672,肺通气功能正常,2,test,443,463,1.0451467268623025
row_002033__4737e6285eb1470b8149c800bed9f803,2033,4737e6285eb1470b8149c800bed9f803,水田社康中心,01-000672,水田社康中心::01-000672,肺通气功能正常,2,test,482,425,1.1341176470588235
row_002034__b3707890fd8149f5bd2a7313174cf20f,2034,b3707890fd8149f5bd2a7313174cf20f,善心体检,01-007506,善心体检::01-007506,肺通气功能正常,2,train,315,250,1.26
row_002035__26cf41a3315a4fd8b56c569da220ef22,2035,26cf41a3315a4fd8b56c569da220ef22,善心体检,01-007506,善心体检::01-007506,肺通气功能正常,2,train,323,319,1.0125391849529781
row_002036__58a7a5c9c35447b7979040cd98285521,2036,58a7a5c9c35447b7979040cd98285521,善心体检,01-007506,善心体检::01-007506,肺通气功能正常,2,train,319,319,1.0
row_002037__a6dfbabdda824d9294789f0796400996,2037,a6dfbabdda824d9294789f0796400996,惠城区汝湖卫生院,01-000127,惠城区汝湖卫生院::01-000127,混合性通气功能障碍,4,train,173,200,1.1560693641618498
row_002038__6879ab6c00734b828ab28e3aa23c1416,2038,6879ab6c00734b828ab28e3aa23c1416,惠城区汝湖卫生院,01-000127,惠城区汝湖卫生院::01-000127,混合性通气功能障碍,4,train,150,163,1.0866666666666667
row_002039__49463320561143acb2e8cdc8464d1cc4,2039,49463320561143acb2e8cdc8464d1cc4,惠城区汝湖卫生院,01-000127,惠城区汝湖卫生院::01-000127,混合性通气功能障碍,4,train,159,152,1.0460526315789473
row_002040__6833bcbff7784829996e13f803d508c8,2040,6833bcbff7784829996e13f803d508c8,深圳市南山区深圳湾社区健康服务中心,01-000288,深圳市南山区深圳湾社区健康服务中心::01-000288,肺通气功能正常,2,val,268,284,1.0597014925373134
row_002041__185c426decd243e6976246a9054d5724,2041,185c426decd243e6976246a9054d5724,深圳市南山区深圳湾社区健康服务中心,01-000288,深圳市南山区深圳湾社区健康服务中心::01-000288,肺通气功能正常,2,val,276,276,1.0
row_002042__f6acafc4d65849519960e03bd6eb7c8d,2042,f6acafc4d65849519960e03bd6eb7c8d,深圳市南山区深圳湾社区健康服务中心,01-000288,深圳市南山区深圳湾社区健康服务中心::01-000288,肺通气功能正常,2,val,288,288,1.0
row_002043__3533a2b3f51c4a6086faccc8d743e150,2043,3533a2b3f51c4a6086faccc8d743e150,广州市荔湾区南源街社区卫生服务中心,01-000075,广州市荔湾区南源街社区卫生服务中心::01-000075,阻塞性通气功能障碍,3,train,399,343,1.163265306122449
row_002044__5f37880c48ee40359e25d2ac8afa6678,2044,5f37880c48ee40359e25d2ac8afa6678,广州市荔湾区南源街社区卫生服务中心,01-000075,广州市荔湾区南源街社区卫生服务中心::01-000075,阻塞性通气功能障碍,3,train,374,348,1.0747126436781609
row_002045__5ea4248b518247f08d9cc2a2d95050f9,2045,5ea4248b518247f08d9cc2a2d95050f9,广州市荔湾区南源街社区卫生服务中心,01-000075,广州市荔湾区南源街社区卫生服务中心::01-000075,阻塞性通气功能障碍,3,train,385,311,1.2379421221864952
row_002046__1595e462f8634cd7a30170ef156b85a9,2046,1595e462f8634cd7a30170ef156b85a9,深圳市南山区峰景社区健康服务中心,01-000257,深圳市南山区峰景社区健康服务中心::01-000257,肺通气功能正常,2,train,251,192,1.3072916666666667
row_002047__d1392f4b13df492599df3fa379a3ee6b,2047,d1392f4b13df492599df3fa379a3ee6b,深圳市南山区峰景社区健康服务中心,01-000257,深圳市南山区峰景社区健康服务中心::01-000257,肺通气功能正常,2,train,232,180,1.288888888888889
row_002049__836e1a15a4dc421f923be5afdb4e43eb,2049,836e1a15a4dc421f923be5afdb4e43eb,马鞍山社区健康服务中心,01-000362,马鞍山社区健康服务中心::01-000362,肺通气功能正常,2,train,264,198,1.3333333333333333
row_002050__3d13ae310a2e4ca29212f977acda503b,2050,3d13ae310a2e4ca29212f977acda503b,马鞍山社区健康服务中心,01-000362,马鞍山社区健康服务中心::01-000362,肺通气功能正常,2,train,266,222,1.1981981981981982
row_002051__eff666deb8774150950dd720816419a8,2051,eff666deb8774150950dd720816419a8,马鞍山社区健康服务中心,01-000362,马鞍山社区健康服务中心::01-000362,肺通气功能正常,2,train,210,168,1.25
row_002053__87e729e4cd374194bbd3168d6589960b,2053,87e729e4cd374194bbd3168d6589960b,深圳市南山区赤湾社区健康服务中心,01-000184,深圳市南山区赤湾社区健康服务中心::01-000184,肺通气功能正常,2,train,320,324,1.0125
row_002054__91d93ec7b7944b638ae55f704dcd1940,2054,91d93ec7b7944b638ae55f704dcd1940,深圳市南山区赤湾社区健康服务中心,01-000184,深圳市南山区赤湾社区健康服务中心::01-000184,肺通气功能正常,2,train,340,344,1.011764705882353
row_002055__e5b602939aab4e7fbfb4914e8f570f10,2055,e5b602939aab4e7fbfb4914e8f570f10,深圳市南山区深圳湾社区健康服务中心,01-000298,深圳市南山区深圳湾社区健康服务中心::01-000298,肺通气功能正常,2,train,320,316,1.0126582278481013
row_002056__c915a6d645ce4f118fc3f002c5251ca7,2056,c915a6d645ce4f118fc3f002c5251ca7,深圳市南山区深圳湾社区健康服务中心,01-000298,深圳市南山区深圳湾社区健康服务中心::01-000298,肺通气功能正常,2,train,304,236,1.2881355932203389
row_002057__4026d66a95c44a7e93c95b6a215d432a,2057,4026d66a95c44a7e93c95b6a215d432a,深圳市南山区深圳湾社区健康服务中心,01-000298,深圳市南山区深圳湾社区健康服务中心::01-000298,肺通气功能正常,2,train,311,300,1.0366666666666666
row_002061__00fd02e913e847608e738dbe1368f4ca,2061,00fd02e913e847608e738dbe1368f4ca,广州市天河区沙东街社区卫生服务中心,01-000008,广州市天河区沙东街社区卫生服务中心::01-000008,阻塞性通气功能障碍,3,train,278,278,1.0
row_002062__fa4c62ab99f741afbe2440a055340036,2062,fa4c62ab99f741afbe2440a055340036,广州市天河区沙东街社区卫生服务中心,01-000008,广州市天河区沙东街社区卫生服务中心::01-000008,阻塞性通气功能障碍,3,train,270,273,1.011111111111111
row_002063__c45901b7c2054d53ada32f1eb644a265,2063,c45901b7c2054d53ada32f1eb644a265,广州市天河区沙东街社区卫生服务中心,01-000008,广州市天河区沙东街社区卫生服务中心::01-000008,阻塞性通气功能障碍,3,train,258,267,1.0348837209302326
row_002064__6b33534ff927447e9a0035c96908ecae,2064,6b33534ff927447e9a0035c96908ecae,善心体检,01-010174,善心体检::01-010174,不可用/不明确,0,train,263,242,1.0867768595041323
row_002069__eb1b24779f0744dea6848022f437d3a8,2069,eb1b24779f0744dea6848022f437d3a8,深圳市南山区星海名城社区健康服务中心,01-000213,深圳市南山区星海名城社区健康服务中心::01-000213,肺通气功能正常,2,val,260,196,1.3265306122448979
row_002071__d372044704054c8fb4f5183a6da3a2ca,2071,d372044704054c8fb4f5183a6da3a2ca,中山市南朗镇社区卫生服务中心,01-000264,中山市南朗镇社区卫生服务中心::01-000264,肺通气功能正常,2,train,274,258,1.062015503875969
row_002072__beba28d0853c4885b8d25d92118fee60,2072,beba28d0853c4885b8d25d92118fee60,中山市南朗镇社区卫生服务中心,01-000264,中山市南朗镇社区卫生服务中心::01-000264,肺通气功能正常,2,train,267,235,1.1361702127659574
row_002073__2a8d0a96225142c0ad0a28013db3c0a9,2073,2a8d0a96225142c0ad0a28013db3c0a9,中山市南朗镇社区卫生服务中心,01-000264,中山市南朗镇社区卫生服务中心::01-000264,肺通气功能正常,2,train,259,264,1.0193050193050193
row_002080__1b9effa91a194cb2bc79ceab514006be,2080,1b9effa91a194cb2bc79ceab514006be,惠州小金口社区服务中心,01-000054,惠州小金口社区服务中心::01-000054,肺通气功能正常,2,train,374,288,1.2986111111111112
row_002083__fbff95117e6a47f389fcab1e830ffbb3,2083,fbff95117e6a47f389fcab1e830ffbb3,佛山市南海区第七人民医院,01-000446,佛山市南海区第七人民医院::01-000446,肺通气功能正常,2,train,317,332,1.0473186119873816
row_002084__e05d3bcb7ffc41c8a23b7ba15036de6e,2084,e05d3bcb7ffc41c8a23b7ba15036de6e,佛山市南海区第七人民医院,01-000446,佛山市南海区第七人民医院::01-000446,肺通气功能正常,2,train,324,334,1.0308641975308641
row_002085__6d6b7329a8ff44409c174035cc351416,2085,6d6b7329a8ff44409c174035cc351416,佛山市南海区第七人民医院,01-000446,佛山市南海区第七人民医院::01-000446,肺通气功能正常,2,train,327,327,1.0
row_002086__7cbc08ea892448d9adafb1e028268504,2086,7cbc08ea892448d9adafb1e028268504,深圳市南山区花果山东社区健康服务中心,01-000259,深圳市南山区花果山东社区健康服务中心::01-000259,阻塞性通气功能障碍,3,train,379,364,1.0412087912087913
row_002087__946d59dd6e054e24b17b23e8c77fa9f4,2087,946d59dd6e054e24b17b23e8c77fa9f4,深圳市南山区花果山东社区健康服务中心,01-000259,深圳市南山区花果山东社区健康服务中心::01-000259,阻塞性通气功能障碍,3,train,447,436,1.025229357798165
row_002088__12f8f4cc20dc45c69f2de7cdcad4490e,2088,12f8f4cc20dc45c69f2de7cdcad4490e,深圳市南山区花果山东社区健康服务中心,01-000259,深圳市南山区花果山东社区健康服务中心::01-000259,阻塞性通气功能障碍,3,train,468,464,1.0086206896551724
row_002089__1b4b752d32b44a33a9d6495a8d383116,2089,1b4b752d32b44a33a9d6495a8d383116,东莞市东城社区卫生服务中心,01-000634,东莞市东城社区卫生服务中心::01-000634,肺通气功能正常,2,train,260,278,1.0692307692307692
row_002090__59f9e11e7f84437492755d89639aa84d,2090,59f9e11e7f84437492755d89639aa84d,东莞市东城社区卫生服务中心,01-000634,东莞市东城社区卫生服务中心::01-000634,肺通气功能正常,2,train,240,275,1.1458333333333333
row_002091__839a113de47e4d48a6eb066be1b1eebf,2091,839a113de47e4d48a6eb066be1b1eebf,东莞市东城社区卫生服务中心,01-000634,东莞市东城社区卫生服务中心::01-000634,肺通气功能正常,2,train,273,275,1.0073260073260073
row_002092__a29d02a111e54569a65bca87e900fc78,2092,a29d02a111e54569a65bca87e900fc78,善心体检,01-011339,善心体检::01-011339,阻塞性通气功能障碍,3,test,229,178,1.2865168539325842
row_002095__7f8279947dfc486d9517a86cf9707db8,2095,7f8279947dfc486d9517a86cf9707db8,中山市神湾镇社区卫生服务中心,01-002953,中山市神湾镇社区卫生服务中心::01-002953,肺通气功能正常,2,test,253,253,1.0
row_002096__d507ebbfc07e40f088f278ef9a018ad2,2096,d507ebbfc07e40f088f278ef9a018ad2,中山市神湾镇社区卫生服务中心,01-002953,中山市神湾镇社区卫生服务中心::01-002953,肺通气功能正常,2,test,283,281,1.00711743772242
row_002097__3759815d505843898b315687c6083ee5,2097,3759815d505843898b315687c6083ee5,中山市神湾镇社区卫生服务中心,01-002953,中山市神湾镇社区卫生服务中心::01-002953,肺通气功能正常,2,test,275,266,1.0338345864661653
row_002098__5001f7bca0ef48ebaacfcaaafe8dab04,2098,5001f7bca0ef48ebaacfcaaafe8dab04,深圳市南山区大磡社区健康服务中心,01-000306,深圳市南山区大磡社区健康服务中心::01-000306,限制性通气功能障碍,1,test,319,300,1.0633333333333332
row_002099__fdc531421b7443e1b3af67d082b8e6b5,2099,fdc531421b7443e1b3af67d082b8e6b5,深圳市南山区大磡社区健康服务中心,01-000306,深圳市南山区大磡社区健康服务中心::01-000306,限制性通气功能障碍,1,test,271,220,1.231818181818182
row_002100__2b6c4761f4e84d15bdae608fae88bc67,2100,2b6c4761f4e84d15bdae608fae88bc67,深圳市南山区大磡社区健康服务中心,01-000306,深圳市南山区大磡社区健康服务中心::01-000306,限制性通气功能障碍,1,test,311,260,1.1961538461538461
row_002101__6116cb9831f9446d98ebe5d2bc6aea97,2101,6116cb9831f9446d98ebe5d2bc6aea97,深圳市南山区高新社区健康服务中心,01-000166,深圳市南山区高新社区健康服务中心::01-000166,限制性通气功能障碍,1,train,275,252,1.0912698412698412
row_002102__8784aa6894b44700aba30846f66c2c50,2102,8784aa6894b44700aba30846f66c2c50,深圳市南山区高新社区健康服务中心,01-000166,深圳市南山区高新社区健康服务中心::01-000166,限制性通气功能障碍,1,train,259,228,1.1359649122807018
row_002103__b6eff2f161e8440ea97ee640fb55608b,2103,b6eff2f161e8440ea97ee640fb55608b,深圳市南山区高新社区健康服务中心,01-000166,深圳市南山区高新社区健康服务中心::01-000166,限制性通气功能障碍,1,train,271,228,1.1885964912280702
row_002104__bcfb6d8de2574abe89d58dea26545b2d,2104,bcfb6d8de2574abe89d58dea26545b2d,深圳市南山区德意名居社区健康服务中心,01-000364,深圳市南山区德意名居社区健康服务中心::01-000364,肺通气功能正常,2,train,240,216,1.1111111111111112
row_002106__288028613f40447fadc9fd189bd37964,2106,288028613f40447fadc9fd189bd37964,深圳市南山区德意名居社区健康服务中心,01-000364,深圳市南山区德意名居社区健康服务中心::01-000364,肺通气功能正常,2,train,248,192,1.2916666666666667
row_002111__8d0e352f191b429fbb3a860765da9ce3,2111,8d0e352f191b429fbb3a860765da9ce3,深圳市南山区深圳湾社区健康服务中心,01-000328,深圳市南山区深圳湾社区健康服务中心::01-000328,肺通气功能正常,2,test,312,308,1.0129870129870129
row_002112__dd8099453b7a40199a0ee1b127a60626,2112,dd8099453b7a40199a0ee1b127a60626,深圳市南山区深圳湾社区健康服务中心,01-000328,深圳市南山区深圳湾社区健康服务中心::01-000328,肺通气功能正常,2,test,304,312,1.0263157894736843
row_002113__5c53ea96006540d08d9b50c376e55887,2113,5c53ea96006540d08d9b50c376e55887,深圳市南山区深圳湾社区健康服务中心,01-000328,深圳市南山区深圳湾社区健康服务中心::01-000328,肺通气功能正常,2,test,308,308,1.0
row_002114__1364cecd88c647dba9a0fdedaf03747e,2114,1364cecd88c647dba9a0fdedaf03747e,深圳市南山区星海名城社区健康服务中心,01-000162,深圳市南山区星海名城社区健康服务中心::01-000162,肺通气功能正常,2,val,268,204,1.3137254901960784
row_002115__92cd85f60bdf4bc6a3a8000700f95646,2115,92cd85f60bdf4bc6a3a8000700f95646,深圳市南山区星海名城社区健康服务中心,01-000162,深圳市南山区星海名城社区健康服务中心::01-000162,肺通气功能正常,2,val,284,212,1.3396226415094339
row_002116__742676694369491b97c02120c793969c,2116,742676694369491b97c02120c793969c,深圳市南山区星海名城社区健康服务中心,01-000162,深圳市南山区星海名城社区健康服务中心::01-000162,肺通气功能正常,2,val,284,212,1.3396226415094339
row_002117__bb47afc257ce4833a922b0576e4ed8c4,2117,bb47afc257ce4833a922b0576e4ed8c4,深圳市南山区高新社区健康服务中心,01-000239,深圳市南山区高新社区健康服务中心::01-000239,肺通气功能正常,2,train,235,200,1.175
row_002118__1956a32c4ab94d069822ac8a7ea8ec31,2118,1956a32c4ab94d069822ac8a7ea8ec31,深圳市南山区高新社区健康服务中心,01-000239,深圳市南山区高新社区健康服务中心::01-000239,肺通气功能正常,2,train,247,192,1.2864583333333333
row_002119__5246b59ed80f4965ad1a90c8a9f70560,2119,5246b59ed80f4965ad1a90c8a9f70560,深圳市南山区高新社区健康服务中心,01-000239,深圳市南山区高新社区健康服务中心::01-000239,肺通气功能正常,2,train,231,184,1.2554347826086956
row_002120__3e95b1094e3744f2aaa5a57c339691df,2120,3e95b1094e3744f2aaa5a57c339691df,深圳市南山区大汪社区健康服务中心,01-000247,深圳市南山区大汪社区健康服务中心::01-000247,肺通气功能正常,2,val,316,252,1.253968253968254
row_002121__bf37a914faf44dc0a052bae1aef467fd,2121,bf37a914faf44dc0a052bae1aef467fd,深圳市南山区大汪社区健康服务中心,01-000247,深圳市南山区大汪社区健康服务中心::01-000247,肺通气功能正常,2,val,336,340,1.0119047619047619
row_002122__afc68cc994fe4dd8bdc424d284b70100,2122,afc68cc994fe4dd8bdc424d284b70100,深圳市南山区大汪社区健康服务中心,01-000247,深圳市南山区大汪社区健康服务中心::01-000247,肺通气功能正常,2,val,304,328,1.0789473684210527
row_002123__2ba928f79a6b45018b4eb755215c1d7b,2123,2ba928f79a6b45018b4eb755215c1d7b,深圳市南山区高新社区健康服务中心,01-000142,深圳市南山区高新社区健康服务中心::01-000142,肺通气功能正常,2,train,267,256,1.04296875
row_002124__833b4c97520d42659547e7a5c1475c1c,2124,833b4c97520d42659547e7a5c1475c1c,深圳市南山区高新社区健康服务中心,01-000142,深圳市南山区高新社区健康服务中心::01-000142,肺通气功能正常,2,train,271,244,1.110655737704918
row_002125__60f613c4b01e4a3bb50a909eb0b59454,2125,60f613c4b01e4a3bb50a909eb0b59454,深圳市南山区高新社区健康服务中心,01-000142,深圳市南山区高新社区健康服务中心::01-000142,肺通气功能正常,2,train,259,232,1.1163793103448276
row_002129__eab56f06bd964d58951a128633aece5d,2129,eab56f06bd964d58951a128633aece5d,善心体检,01-008624,善心体检::01-008624,肺通气功能正常,2,train,294,263,1.11787072243346
row_002130__20868b8741ab48b7b2fca9910b0dbf6b,2130,20868b8741ab48b7b2fca9910b0dbf6b,善心体检,01-008624,善心体检::01-008624,肺通气功能正常,2,train,282,262,1.0763358778625953
row_002131__3cd998d3ae56434187f785b9dfa2e9b2,2131,3cd998d3ae56434187f785b9dfa2e9b2,善心体检,01-008624,善心体检::01-008624,肺通气功能正常,2,train,290,256,1.1328125
row_002132__5da9b5a6d98e4a02a191fa9b734ae64e,2132,5da9b5a6d98e4a02a191fa9b734ae64e,深圳市坪山区人民医院竹坑老围社区健康服务中心,01-000266,深圳市坪山区人民医院竹坑老围社区健康服务中心::01-000266,限制性通气功能障碍,1,train,352,292,1.2054794520547945
row_002133__59ba53b6858f48eca574b5724358b1bd,2133,59ba53b6858f48eca574b5724358b1bd,深圳市坪山区人民医院竹坑老围社区健康服务中心,01-000266,深圳市坪山区人民医院竹坑老围社区健康服务中心::01-000266,限制性通气功能障碍,1,train,343,313,1.095846645367412
row_002136__12c208b6a0714fa0a7a976d1542e00e8,2136,12c208b6a0714fa0a7a976d1542e00e8,善心体检,01-008310,善心体检::01-008310,肺通气功能正常,2,test,291,242,1.2024793388429753
row_002137__7842135211784114abe36585336efc90,2137,7842135211784114abe36585336efc90,化州市中垌卫生院,02-001705,化州市中垌卫生院::02-001705,阻塞性通气功能障碍,3,test,193,165,1.1696969696969697
row_002138__2f432e191dcd45738f900d09be94e5ab,2138,2f432e191dcd45738f900d09be94e5ab,化州市中垌卫生院,02-001705,化州市中垌卫生院::02-001705,阻塞性通气功能障碍,3,test,170,165,1.0303030303030303
row_002139__303217e763e8489bbf3fd0855d898b32,2139,303217e763e8489bbf3fd0855d898b32,化州市中垌卫生院,02-001705,化州市中垌卫生院::02-001705,阻塞性通气功能障碍,3,test,163,155,1.0516129032258064
row_002140__8232577738344410b868e38514cd845f,2140,8232577738344410b868e38514cd845f,东莞市长安镇社区卫生服务中心,01-001173,东莞市长安镇社区卫生服务中心::01-001173,肺通气功能正常,2,train,328,324,1.0123456790123457
row_002141__4ce219508176420b84144c71c263ea5f,2141,4ce219508176420b84144c71c263ea5f,东莞市长安镇社区卫生服务中心,01-001173,东莞市长安镇社区卫生服务中心::01-001173,肺通气功能正常,2,train,335,326,1.0276073619631902
row_002142__4bf4902ce7334157890b4b1b4b61474e,2142,4bf4902ce7334157890b4b1b4b61474e,东莞市长安镇社区卫生服务中心,01-001173,东莞市长安镇社区卫生服务中心::01-001173,肺通气功能正常,2,train,317,310,1.0225806451612902
row_002143__dfe5838e9de244628ba435b4b674425d,2143,dfe5838e9de244628ba435b4b674425d,化州市中垌卫生院,02-001449,化州市中垌卫生院::02-001449,肺通气功能正常,2,train,175,178,1.0171428571428571
row_002144__bb96e7cb514a4a7db26e23789d5090ef,2144,bb96e7cb514a4a7db26e23789d5090ef,化州市中垌卫生院,02-001449,化州市中垌卫生院::02-001449,肺通气功能正常,2,train,170,165,1.0303030303030303
row_002145__c69a500bfb914ffcb7715b5e2f2eeb2d,2145,c69a500bfb914ffcb7715b5e2f2eeb2d,化州市中垌卫生院,02-001449,化州市中垌卫生院::02-001449,肺通气功能正常,2,train,153,155,1.0130718954248366
row_002146__0e1dffa28cbc4a9faec722f6f324a744,2146,0e1dffa28cbc4a9faec722f6f324a744,深圳市南山区德意名居社区健康服务中心,01-000267,深圳市南山区德意名居社区健康服务中心::01-000267,肺通气功能正常,2,train,288,284,1.0140845070422535
row_002147__198519f51d1a470cb049919acc63e51b,2147,198519f51d1a470cb049919acc63e51b,深圳市南山区德意名居社区健康服务中心,01-000267,深圳市南山区德意名居社区健康服务中心::01-000267,肺通气功能正常,2,train,304,300,1.0133333333333334
row_002148__ecc807680d8b48338bdbc4f4ee9a3eb9,2148,ecc807680d8b48338bdbc4f4ee9a3eb9,深圳市南山区德意名居社区健康服务中心,01-000267,深圳市南山区德意名居社区健康服务中心::01-000267,肺通气功能正常,2,train,304,300,1.0133333333333334
row_002149__4d12b6e713ff41b3b6397b409f7ae519,2149,4d12b6e713ff41b3b6397b409f7ae519,东莞市塘厦镇卫生服务中心,01-000684,东莞市塘厦镇卫生服务中心::01-000684,肺通气功能正常,2,train,259,259,1.0
row_002150__5d89208de50146098eda9c8fea4ccb6f,2150,5d89208de50146098eda9c8fea4ccb6f,东莞市塘厦镇卫生服务中心,01-000684,东莞市塘厦镇卫生服务中心::01-000684,肺通气功能正常,2,train,251,223,1.1255605381165918
row_002151__f657ebc85487473ba4b206bf9c63ec67,2151,f657ebc85487473ba4b206bf9c63ec67,东莞市塘厦镇卫生服务中心,01-000684,东莞市塘厦镇卫生服务中心::01-000684,肺通气功能正常,2,train,257,257,1.0
row_002152__d1129d2d6bcf45f293170c909e44692f,2152,d1129d2d6bcf45f293170c909e44692f,深圳市南山区星海名城社区健康服务中心,01-000171,深圳市南山区星海名城社区健康服务中心::01-000171,肺通气功能正常,2,test,284,220,1.290909090909091
row_002153__0f77b21307b94ace97cf6456a7a545a1,2153,0f77b21307b94ace97cf6456a7a545a1,深圳市南山区星海名城社区健康服务中心,01-000171,深圳市南山区星海名城社区健康服务中心::01-000171,肺通气功能正常,2,test,272,204,1.3333333333333333
row_002154__dc911e82f07242b6960247e3a9877234,2154,dc911e82f07242b6960247e3a9877234,深圳市南山区星海名城社区健康服务中心,01-000171,深圳市南山区星海名城社区健康服务中心::01-000171,肺通气功能正常,2,test,304,232,1.3103448275862069
row_002155__a5532367b7ee4a5c946f59a978c63a7b,2155,a5532367b7ee4a5c946f59a978c63a7b,深圳市南山区蔚蓝海岸社区健康服务中心,01-000250,深圳市南山区蔚蓝海岸社区健康服务中心::01-000250,阻塞性通气功能障碍,3,val,288,316,1.0972222222222223
row_002156__67374bebe64342ffb292dbaed779608d,2156,67374bebe64342ffb292dbaed779608d,深圳市南山区蔚蓝海岸社区健康服务中心,01-000250,深圳市南山区蔚蓝海岸社区健康服务中心::01-000250,阻塞性通气功能障碍,3,val,336,340,1.0119047619047619
row_002157__7afa65cd34bb47c58d94012d0970e64a,2157,7afa65cd34bb47c58d94012d0970e64a,深圳市南山区蔚蓝海岸社区健康服务中心,01-000250,深圳市南山区蔚蓝海岸社区健康服务中心::01-000250,阻塞性通气功能障碍,3,val,335,324,1.0339506172839505
row_002158__c697ff204f0148178d71086963a69cd0,2158,c697ff204f0148178d71086963a69cd0,深圳市南山区赤湾社区健康服务中心,01-000148,深圳市南山区赤湾社区健康服务中心::01-000148,肺通气功能正常,2,train,211,172,1.2267441860465116
row_002159__25617c3082e84cfe9dab2c9c3022e3a4,2159,25617c3082e84cfe9dab2c9c3022e3a4,深圳市南山区赤湾社区健康服务中心,01-000148,深圳市南山区赤湾社区健康服务中心::01-000148,肺通气功能正常,2,train,223,180,1.238888888888889
row_002160__24e32d3000644c4092f225b5a741dec3,2160,24e32d3000644c4092f225b5a741dec3,深圳市南山区赤湾社区健康服务中心,01-000148,深圳市南山区赤湾社区健康服务中心::01-000148,肺通气功能正常,2,train,227,196,1.1581632653061225
row_002162__d1c3b0d278394d8dadc17c3ef81decdd,2162,d1c3b0d278394d8dadc17c3ef81decdd,深圳市南山区田厦社区健康服务中心,01-000562,深圳市南山区田厦社区健康服务中心::01-000562,阻塞性通气功能障碍,3,train,259,228,1.1359649122807018
row_002165__31affc6c39e34687b087862b4a82c6e7,2165,31affc6c39e34687b087862b4a82c6e7,深圳市南山区莲城社区健康服务中心,01-000229,深圳市南山区莲城社区健康服务中心::01-000229,阻塞性通气功能障碍,3,test,444,340,1.3058823529411765
row_002170__7be41c4e310d4c5a9be7b2e3dc33aa2c,2170,7be41c4e310d4c5a9be7b2e3dc33aa2c,深圳市南山区荔湾社区健康服务中心,01-000166,深圳市南山区荔湾社区健康服务中心::01-000166,肺通气功能正常,2,train,315,304,1.0361842105263157
row_002171__abc05e60e4914c60a9020301688ee929,2171,abc05e60e4914c60a9020301688ee929,深圳市南山区荔湾社区健康服务中心,01-000166,深圳市南山区荔湾社区健康服务中心::01-000166,肺通气功能正常,2,train,355,308,1.1525974025974026
row_002172__0add674cc1b9411da483420ef7e6707e,2172,0add674cc1b9411da483420ef7e6707e,深圳市南山区荔湾社区健康服务中心,01-000166,深圳市南山区荔湾社区健康服务中心::01-000166,肺通气功能正常,2,train,371,348,1.0660919540229885
row_002173__6deebc2d899f46e3b0bece00af2de8b8,2173,6deebc2d899f46e3b0bece00af2de8b8,深圳市南山区福光社区健康服务中心,01-000321,深圳市南山区福光社区健康服务中心::01-000321,肺通气功能正常,2,train,287,264,1.0871212121212122
row_002174__226e70f373e241baaf12531502473e7c,2174,226e70f373e241baaf12531502473e7c,深圳市南山区福光社区健康服务中心,01-000321,深圳市南山区福光社区健康服务中心::01-000321,肺通气功能正常,2,train,295,248,1.189516129032258
row_002175__18902b3f2ce143c4ba4012c9f3ef7972,2175,18902b3f2ce143c4ba4012c9f3ef7972,深圳市南山区福光社区健康服务中心,01-000321,深圳市南山区福光社区健康服务中心::01-000321,肺通气功能正常,2,train,283,252,1.123015873015873
row_002177__45e3a8ed1572433ba41d5fd8e8715c23,2177,45e3a8ed1572433ba41d5fd8e8715c23,深圳市南山区桃花园社区健康服务中心,01-000500,深圳市南山区桃花园社区健康服务中心::01-000500,肺通气功能正常,2,train,311,260,1.1961538461538461
row_002178__e934f7f5a00b41e4963d2052a26b0d3b,2178,e934f7f5a00b41e4963d2052a26b0d3b,深圳市南山区桃花园社区健康服务中心,01-000500,深圳市南山区桃花园社区健康服务中心::01-000500,肺通气功能正常,2,train,311,268,1.1604477611940298
row_002182__ffa6e55ef3274e249a46ec6237e20548,2182,ffa6e55ef3274e249a46ec6237e20548,深圳市南山区峰景社区健康服务中心,01-000245,深圳市南山区峰景社区健康服务中心::01-000245,肺通气功能正常,2,train,264,204,1.2941176470588236
row_002184__71b1072bce4e4dc59c52f78a37c3689e,2184,71b1072bce4e4dc59c52f78a37c3689e,深圳市南山区峰景社区健康服务中心,01-000245,深圳市南山区峰景社区健康服务中心::01-000245,肺通气功能正常,2,train,279,216,1.2916666666666667
row_002185__48beb14fc1b246ecab6c9f37ba194bfb,2185,48beb14fc1b246ecab6c9f37ba194bfb,深圳市南山区峰景社区健康服务中心,01-000181,深圳市南山区峰景社区健康服务中心::01-000181,肺通气功能正常,2,train,308,232,1.3275862068965518
row_002186__2d59e746f91e4802b9c44d3649f9e93f,2186,2d59e746f91e4802b9c44d3649f9e93f,深圳市南山区峰景社区健康服务中心,01-000181,深圳市南山区峰景社区健康服务中心::01-000181,肺通气功能正常,2,train,323,280,1.1535714285714285
row_002187__c7d2776d867d43d792c20fa835f642c0,2187,c7d2776d867d43d792c20fa835f642c0,深圳市南山区峰景社区健康服务中心,01-000181,深圳市南山区峰景社区健康服务中心::01-000181,肺通气功能正常,2,train,347,276,1.2572463768115942
row_002189__cac9e0e9bb174f4aa5e80b92007d0281,2189,cac9e0e9bb174f4aa5e80b92007d0281,深圳市南山区星海名城社区健康服务中心,01-000155,深圳市南山区星海名城社区健康服务中心::01-000155,肺通气功能正常,2,train,308,260,1.1846153846153846
row_002191__85ca3db25c12423eac03b0aaa48deb6a,2191,85ca3db25c12423eac03b0aaa48deb6a,深圳市南山区星海名城社区健康服务中心,01-000155,深圳市南山区星海名城社区健康服务中心::01-000155,肺通气功能正常,2,train,299,276,1.0833333333333333
row_002192__6263fee68a9341ceadc1dbed9d187414,2192,6263fee68a9341ceadc1dbed9d187414,深圳市南山区德意名居社区健康服务中心,01-000346,深圳市南山区德意名居社区健康服务中心::01-000346,肺通气功能正常,2,train,272,204,1.3333333333333333
row_002193__c35a7ab23af149ed97907e00087564eb,2193,c35a7ab23af149ed97907e00087564eb,深圳市南山区德意名居社区健康服务中心,01-000346,深圳市南山区德意名居社区健康服务中心::01-000346,肺通气功能正常,2,train,291,264,1.1022727272727273
row_002194__5fca8078de154d2b83d8b42e7226d410,2194,5fca8078de154d2b83d8b42e7226d410,深圳市南山区德意名居社区健康服务中心,01-000346,深圳市南山区德意名居社区健康服务中心::01-000346,肺通气功能正常,2,train,283,256,1.10546875
row_002195__eae85dda25b241e59e7ca7f0553ee140,2195,eae85dda25b241e59e7ca7f0553ee140,深圳市南山区高新社区健康服务中心,01-000162,深圳市南山区高新社区健康服务中心::01-000162,肺通气功能正常,2,val,236,232,1.0172413793103448
row_002196__35719cf49ade454b88a24c6e782f9253,2196,35719cf49ade454b88a24c6e782f9253,深圳市南山区高新社区健康服务中心,01-000162,深圳市南山区高新社区健康服务中心::01-000162,肺通气功能正常,2,val,267,236,1.13135593220339
row_002197__e3834e5f85c5499d8f34897f41df0085,2197,e3834e5f85c5499d8f34897f41df0085,深圳市南山区高新社区健康服务中心,01-000162,深圳市南山区高新社区健康服务中心::01-000162,肺通气功能正常,2,val,243,192,1.265625
row_002198__92983fbbb5dd4ffe9bc6cdb6856fbd47,2198,92983fbbb5dd4ffe9bc6cdb6856fbd47,广州善心体检中心,01-000525,广州善心体检中心::01-000525,肺通气功能正常,2,test,523,428,1.22196261682243
row_002199__2aeac356c395488d953cc67eb2e5e49f,2199,2aeac356c395488d953cc67eb2e5e49f,广州善心体检中心,01-000525,广州善心体检中心::01-000525,肺通气功能正常,2,test,539,462,1.1666666666666667
row_002200__402da93f678e4f9397c606941e7a6ef9,2200,402da93f678e4f9397c606941e7a6ef9,广州善心体检中心,01-000525,广州善心体检中心::01-000525,肺通气功能正常,2,test,533,444,1.2004504504504505
row_002201__f3a644d6d1994509b3f3afbbafd0ed14,2201,f3a644d6d1994509b3f3afbbafd0ed14,深圳市南山区高新社区健康服务中心,01-000241,深圳市南山区高新社区健康服务中心::01-000241,肺通气功能正常,2,train,275,260,1.0576923076923077
row_002202__ad8347df962b4928bf83ef95a8839d32,2202,ad8347df962b4928bf83ef95a8839d32,深圳市南山区高新社区健康服务中心,01-000241,深圳市南山区高新社区健康服务中心::01-000241,肺通气功能正常,2,train,275,256,1.07421875
row_002203__685f608635034a11bd4d035216a4a58a,2203,685f608635034a11bd4d035216a4a58a,深圳市南山区高新社区健康服务中心,01-000241,深圳市南山区高新社区健康服务中心::01-000241,肺通气功能正常,2,train,271,248,1.092741935483871
row_002204__5baf8bfd440243bba41e20a9974029a6,2204,5baf8bfd440243bba41e20a9974029a6,深圳市南山区沙河社康社区健康服务中心,01-000358,深圳市南山区沙河社康社区健康服务中心::01-000358,阻塞性通气功能障碍,3,train,368,364,1.010989010989011
row_002205__81121a10f88b4d00b16c5b5e52514a27,2205,81121a10f88b4d00b16c5b5e52514a27,深圳市南山区沙河社康社区健康服务中心,01-000358,深圳市南山区沙河社康社区健康服务中心::01-000358,阻塞性通气功能障碍,3,train,364,368,1.010989010989011
row_002206__8dca2854e59d40d3826199a420fa0ea5,2206,8dca2854e59d40d3826199a420fa0ea5,深圳市南山区沙河社康社区健康服务中心,01-000358,深圳市南山区沙河社康社区健康服务中心::01-000358,阻塞性通气功能障碍,3,train,356,364,1.0224719101123596
row_002207__209bb08480f54f1986f35ebae9f8772a,2207,209bb08480f54f1986f35ebae9f8772a,深圳市南山区高新社区健康服务中心,01-000215,深圳市南山区高新社区健康服务中心::01-000215,肺通气功能正常,2,train,264,260,1.0153846153846153
row_002208__70da15b3ff9f42d3b815e439aa91a90c,2208,70da15b3ff9f42d3b815e439aa91a90c,深圳市南山区高新社区健康服务中心,01-000215,深圳市南山区高新社区健康服务中心::01-000215,肺通气功能正常,2,train,268,268,1.0
row_002209__d403a33d5d2c46569d91c25bf53d141f,2209,d403a33d5d2c46569d91c25bf53d141f,深圳市南山区高新社区健康服务中心,01-000215,深圳市南山区高新社区健康服务中心::01-000215,肺通气功能正常,2,train,267,256,1.04296875
row_002210__9c86b50ccc394182b1433d7f167157d4,2210,9c86b50ccc394182b1433d7f167157d4,东莞市清溪镇社区卫生服务中心,01-000067,东莞市清溪镇社区卫生服务中心::01-000067,阻塞性通气功能障碍,3,train,344,364,1.058139534883721
row_002211__1e60c91c2152471caa031ee6f9c30625,2211,1e60c91c2152471caa031ee6f9c30625,东莞市清溪镇社区卫生服务中心,01-000067,东莞市清溪镇社区卫生服务中心::01-000067,阻塞性通气功能障碍,3,train,344,359,1.0436046511627908
row_002212__f99f78cadf2940b39a717fee0038c6ac,2212,f99f78cadf2940b39a717fee0038c6ac,东莞市清溪镇社区卫生服务中心,01-000067,东莞市清溪镇社区卫生服务中心::01-000067,阻塞性通气功能障碍,3,train,371,362,1.0248618784530388
row_002213__df85d7377cf146de9329e6578ef202d5,2213,df85d7377cf146de9329e6578ef202d5,东莞市寮步镇社区卫生服务中心,01-001383,东莞市寮步镇社区卫生服务中心::01-001383,肺通气功能正常,2,train,430,340,1.2647058823529411
row_002214__5620aecc9fe34d20a1422be6f457776d,2214,5620aecc9fe34d20a1422be6f457776d,东莞市寮步镇社区卫生服务中心,01-001383,东莞市寮步镇社区卫生服务中心::01-001383,肺通气功能正常,2,train,428,350,1.2228571428571429
row_002217__6d803163329e4b2aa2618a5f4e91be0c,2217,6d803163329e4b2aa2618a5f4e91be0c,深圳市南山区南油社区健康服务中心,01-000196,深圳市南山区南油社区健康服务中心::01-000196,肺通气功能正常,2,train,296,296,1.0
row_002218__100f83c7e4a54323b7d926ccf303918a,2218,100f83c7e4a54323b7d926ccf303918a,善心体检,01-010968,善心体检::01-010968,肺通气功能正常,2,val,357,345,1.0347826086956522
row_002219__3bd9da1afeb44710aa310f1830ce621c,2219,3bd9da1afeb44710aa310f1830ce621c,善心体检,01-010968,善心体检::01-010968,肺通气功能正常,2,val,374,368,1.016304347826087
row_002220__01208908702b42b090a68748817cdcf6,2220,01208908702b42b090a68748817cdcf6,善心体检,01-010968,善心体检::01-010968,肺通气功能正常,2,val,362,315,1.1492063492063491
row_002221__0f9b47f34d044cfaa5d4571beee7a523,2221,0f9b47f34d044cfaa5d4571beee7a523,深圳市南山区湾厦社区健康服务中心,01-000308,深圳市南山区湾厦社区健康服务中心::01-000308,限制性通气功能障碍,1,train,316,312,1.0128205128205128
row_002223__8424335c3ac1460d8f0987085ed1216d,2223,8424335c3ac1460d8f0987085ed1216d,深圳市南山区湾厦社区健康服务中心,01-000308,深圳市南山区湾厦社区健康服务中心::01-000308,限制性通气功能障碍,1,train,327,308,1.0616883116883118
row_002224__7fc37bd46e4b4156be039047ba24f44b,2224,7fc37bd46e4b4156be039047ba24f44b,广州市荔湾区东漖街社区卫生服务中心,01-000163,广州市荔湾区东漖街社区卫生服务中心::01-000163,肺通气功能正常,2,val,280,278,1.0071942446043165
row_002225__459c9aca46dd47de8673627fb0724bed,2225,459c9aca46dd47de8673627fb0724bed,广州市荔湾区东漖街社区卫生服务中心,01-000163,广州市荔湾区东漖街社区卫生服务中心::01-000163,肺通气功能正常,2,val,283,253,1.1185770750988142
row_002230__daebc68572234d08b52e4f7c0dd40de4,2230,daebc68572234d08b52e4f7c0dd40de4,深圳市坪山区人民医院竹坑老围社区健康服务中心,01-000245,深圳市坪山区人民医院竹坑老围社区健康服务中心::01-000245,肺通气功能正常,2,train,328,325,1.0092307692307692
row_002231__e75615900091431489bbd2269b5c3b3b,2231,e75615900091431489bbd2269b5c3b3b,深圳市坪山区人民医院竹坑老围社区健康服务中心,01-000245,深圳市坪山区人民医院竹坑老围社区健康服务中心::01-000245,肺通气功能正常,2,train,343,265,1.2943396226415094
row_002232__269c1692d5cc4e20a6ea26974724513a,2232,269c1692d5cc4e20a6ea26974724513a,佛山市南海区盐步医院,01-000913,佛山市南海区盐步医院::01-000913,肺通气功能正常,2,train,456,458,1.0043859649122806
row_002233__6f76ebad57964d769b0542f4050ace97,2233,6f76ebad57964d769b0542f4050ace97,佛山市南海区盐步医院,01-000913,佛山市南海区盐步医院::01-000913,肺通气功能正常,2,train,448,453,1.0111607142857142
row_002234__1fc5b288fd244efb8047ecae49022667,2234,1fc5b288fd244efb8047ecae49022667,佛山市南海区盐步医院,01-000913,佛山市南海区盐步医院::01-000913,肺通气功能正常,2,train,448,455,1.015625
row_002236__91417194c3ad4f36a49a14055a2bdfef,2236,91417194c3ad4f36a49a14055a2bdfef,潭江镇中心卫生院,01-000894,潭江镇中心卫生院::01-000894,限制性通气功能障碍,1,test,161,158,1.018987341772152
row_002238__c03602a6c5094a7abd1042e52d308a54,2238,c03602a6c5094a7abd1042e52d308a54,善心体检,01-010976,善心体检::01-010976,肺通气功能正常,2,train,508,473,1.0739957716701902
row_002239__2f7694ac6fff45528f5d00a1e17b9a01,2239,2f7694ac6fff45528f5d00a1e17b9a01,善心体检,01-010976,善心体检::01-010976,肺通气功能正常,2,train,503,483,1.041407867494824
row_002241__3c933610d5a74a5b9bd2f59d56647387,2241,3c933610d5a74a5b9bd2f59d56647387,深圳市南山区福光社区健康服务中心,01-000248,深圳市南山区福光社区健康服务中心::01-000248,限制性通气功能障碍,1,train,255,192,1.328125
row_002244__5066eb7ccfbd412aab17557882905f45,2244,5066eb7ccfbd412aab17557882905f45,深圳市南山区高新南社区健康服务中心,01-000307,深圳市南山区高新南社区健康服务中心::01-000307,肺通气功能正常,2,train,244,240,1.0166666666666666
row_002245__6b915db8d2ae46d09994c1896baf7a48,2245,6b915db8d2ae46d09994c1896baf7a48,深圳市南山区高新南社区健康服务中心,01-000307,深圳市南山区高新南社区健康服务中心::01-000307,肺通气功能正常,2,train,244,240,1.0166666666666666
row_002246__e963b6e366e14ce2b3f44c61d0acdc38,2246,e963b6e366e14ce2b3f44c61d0acdc38,深圳市南山区高新南社区健康服务中心,01-000307,深圳市南山区高新南社区健康服务中心::01-000307,肺通气功能正常,2,train,248,256,1.032258064516129
row_002248__2930598898a746a2af56f3d46aac8789,2248,2930598898a746a2af56f3d46aac8789,深圳市南山区荔湾社区健康服务中心,01-000254,深圳市南山区荔湾社区健康服务中心::01-000254,肺通气功能正常,2,train,284,220,1.290909090909091
row_002249__5227813bb9e84cb4b45991a973d2b9df,2249,5227813bb9e84cb4b45991a973d2b9df,深圳市南山区荔湾社区健康服务中心,01-000254,深圳市南山区荔湾社区健康服务中心::01-000254,肺通气功能正常,2,train,268,212,1.2641509433962264
row_002250__fbc9dfb0181340b08effc9bfbbecf1bd,2250,fbc9dfb0181340b08effc9bfbbecf1bd,英德市东华镇中心卫生院,01-000618,英德市东华镇中心卫生院::01-000618,混合性通气功能障碍,4,val,118,108,1.0925925925925926
row_002251__edc4b2d2c8f74da3afeab386303abc25,2251,edc4b2d2c8f74da3afeab386303abc25,英德市东华镇中心卫生院,01-000618,英德市东华镇中心卫生院::01-000618,混合性通气功能障碍,4,val,132,115,1.1478260869565218
row_002252__7e25fa6102e34e92a8a107d5dd3b0bf9,2252,7e25fa6102e34e92a8a107d5dd3b0bf9,英德市东华镇中心卫生院,01-000618,英德市东华镇中心卫生院::01-000618,混合性通气功能障碍,4,val,133,130,1.023076923076923
row_002254__afbfade2212342819609c2cf4babb41a,2254,afbfade2212342819609c2cf4babb41a,深圳市南山区白芒社区健康服务中心,01-000176,深圳市南山区白芒社区健康服务中心::01-000176,肺通气功能正常,2,train,479,468,1.0235042735042734
row_002255__0202ff458c1443a99f22b2a44d331859,2255,0202ff458c1443a99f22b2a44d331859,深圳市南山区白芒社区健康服务中心,01-000176,深圳市南山区白芒社区健康服务中心::01-000176,肺通气功能正常,2,train,476,484,1.0168067226890756
row_002257__3d72935eee674064aad1694bd488f434,2257,3d72935eee674064aad1694bd488f434,深圳市南山区阳光社区健康服务中心,01-000246,深圳市南山区阳光社区健康服务中心::01-000246,阻塞性通气功能障碍,3,val,351,332,1.0572289156626506
row_002258__7fc9fd0144cb4345a4408bb285322436,2258,7fc9fd0144cb4345a4408bb285322436,深圳市南山区阳光社区健康服务中心,01-000246,深圳市南山区阳光社区健康服务中心::01-000246,阻塞性通气功能障碍,3,val,324,320,1.0125
row_002260__8169830c748041dc9374d304d57d1e02,2260,8169830c748041dc9374d304d57d1e02,深圳市南山区荔湾社区健康服务中心,01-000243,深圳市南山区荔湾社区健康服务中心::01-000243,肺通气功能正常,2,val,299,260,1.15
row_002262__d02aef732e634b30b62c1c031c168573,2262,d02aef732e634b30b62c1c031c168573,深圳市坪山区人民医院碧岭社区健康服务中心,01-000317,深圳市坪山区人民医院碧岭社区健康服务中心::01-000317,不可用/不明确,0,train,228,225,1.0133333333333334
row_002263__10486549015846349065098656be86c5,2263,10486549015846349065098656be86c5,深圳市坪山区人民医院碧岭社区健康服务中心,01-000317,深圳市坪山区人民医院碧岭社区健康服务中心::01-000317,不可用/不明确,0,train,208,220,1.0576923076923077
row_002264__ef848db444de4931bacb5f815e136432,2264,ef848db444de4931bacb5f815e136432,深圳市坪山区人民医院碧岭社区健康服务中心,01-000317,深圳市坪山区人民医院碧岭社区健康服务中心::01-000317,不可用/不明确,0,train,223,229,1.0269058295964126
row_002265__4c354675264b4fe480d1fa77c46559ce,2265,4c354675264b4fe480d1fa77c46559ce,深圳市坪山区人民医院竹坑老围社区健康服务中心,01-000276,深圳市坪山区人民医院竹坑老围社区健康服务中心::01-000276,肺通气功能正常,2,train,333,340,1.021021021021021
row_002266__147fa5fa70074ebd9a8f6ca8c5cf2b8f,2266,147fa5fa70074ebd9a8f6ca8c5cf2b8f,深圳市坪山区人民医院竹坑老围社区健康服务中心,01-000276,深圳市坪山区人民医院竹坑老围社区健康服务中心::01-000276,肺通气功能正常,2,train,347,325,1.0676923076923077
row_002267__59c7a49848464912b6066322fd32a2d6,2267,59c7a49848464912b6066322fd32a2d6,深圳市坪山区人民医院竹坑老围社区健康服务中心,01-000276,深圳市坪山区人民医院竹坑老围社区健康服务中心::01-000276,肺通气功能正常,2,train,362,332,1.0903614457831325
row_002268__cbf9a09c97724376a29d1bf9754564f6,2268,cbf9a09c97724376a29d1bf9754564f6,善心体检,01-008497,善心体检::01-008497,肺通气功能正常,2,train,275,272,1.0110294117647058
row_002270__4c207f4df49142a1bb0424a016d7b511,2270,4c207f4df49142a1bb0424a016d7b511,善心体检,01-008497,善心体检::01-008497,肺通气功能正常,2,train,281,272,1.0330882352941178
row_002271__8654d3ea23794fb9ab59ac1d838364f2,2271,8654d3ea23794fb9ab59ac1d838364f2,汕头市第三人民医院,01-000497,汕头市第三人民医院::01-000497,限制性通气功能障碍,1,val,213,243,1.1408450704225352
row_002272__d47f109fcfb449f2b0e07ba649559beb,2272,d47f109fcfb449f2b0e07ba649559beb,汕头市第三人民医院,01-000497,汕头市第三人民医院::01-000497,限制性通气功能障碍,1,val,232,244,1.0517241379310345
row_002273__3073390a7b8f4e628fa718f1111f8a01,2273,3073390a7b8f4e628fa718f1111f8a01,汕头市第三人民医院,01-000497,汕头市第三人民医院::01-000497,限制性通气功能障碍,1,val,250,258,1.032
row_002274__3c644b1698c342a4b0e10b45f67077f7,2274,3c644b1698c342a4b0e10b45f67077f7,广州市越秀区白云街社区卫生服务中心,01-000468,广州市越秀区白云街社区卫生服务中心::01-000468,肺通气功能正常,2,train,339,349,1.0294985250737463
row_002275__809229ec78a949bb87ff53dbec3e9734,2275,809229ec78a949bb87ff53dbec3e9734,广州市越秀区白云街社区卫生服务中心,01-000468,广州市越秀区白云街社区卫生服务中心::01-000468,肺通气功能正常,2,train,319,344,1.078369905956113
row_002276__04b632f6fa2b4715b87f205acc9d914d,2276,04b632f6fa2b4715b87f205acc9d914d,广州市越秀区白云街社区卫生服务中心,01-000468,广州市越秀区白云街社区卫生服务中心::01-000468,肺通气功能正常,2,train,339,332,1.0210843373493976
row_002277__1e9d535b1de8412794e662b378cc13bc,2277,1e9d535b1de8412794e662b378cc13bc,深圳市南山区龙坤社区健康服务中心,01-000249,深圳市南山区龙坤社区健康服务中心::01-000249,阻塞性通气功能障碍,3,val,372,372,1.0
row_002278__f494cf888c234b58bc29ccd3e41fe7f3,2278,f494cf888c234b58bc29ccd3e41fe7f3,深圳市南山区龙坤社区健康服务中心,01-000249,深圳市南山区龙坤社区健康服务中心::01-000249,阻塞性通气功能障碍,3,val,363,340,1.0676470588235294
row_002279__a098bc68e6244eba88c3b394f873270c,2279,a098bc68e6244eba88c3b394f873270c,深圳市南山区龙坤社区健康服务中心,01-000249,深圳市南山区龙坤社区健康服务中心::01-000249,阻塞性通气功能障碍,3,val,383,332,1.1536144578313252
row_002280__447ba724ce3b4609ada3f90edd09a91d,2280,447ba724ce3b4609ada3f90edd09a91d,广州市越秀区珠光街社区卫生服务中心,01-000308,广州市越秀区珠光街社区卫生服务中心::01-000308,混合性通气功能障碍,4,train,177,199,1.1242937853107344
row_002282__8020583a64d347ac8bdd1e70676a7f86,2282,8020583a64d347ac8bdd1e70676a7f86,广州市越秀区珠光街社区卫生服务中心,01-000308,广州市越秀区珠光街社区卫生服务中心::01-000308,混合性通气功能障碍,4,train,180,197,1.0944444444444446
row_002283__6fa6ce6fa264482abb630cc3436fb305,2283,6fa6ce6fa264482abb630cc3436fb305,深圳市南山区南油社区健康服务中心,01-000174,深圳市南山区南油社区健康服务中心::01-000174,肺通气功能正常,2,train,395,304,1.299342105263158
row_002284__a42b5668720740969a4d9fb4ada1d672,2284,a42b5668720740969a4d9fb4ada1d672,深圳市南山区南油社区健康服务中心,01-000174,深圳市南山区南油社区健康服务中心::01-000174,肺通气功能正常,2,train,363,296,1.2263513513513513
row_002286__2c96a78de03c459fb36b52e96ac1e4ce,2286,2c96a78de03c459fb36b52e96ac1e4ce,善心体检,01-011346,善心体检::01-011346,阻塞性通气功能障碍,3,train,238,258,1.084033613445378
row_002287__bcaba5fc67ce4b47a920477c88505287,2287,bcaba5fc67ce4b47a920477c88505287,善心体检,01-011346,善心体检::01-011346,阻塞性通气功能障碍,3,train,253,263,1.0395256916996047
row_002288__817a4bcc06474376acbc5428bea48b4b,2288,817a4bcc06474376acbc5428bea48b4b,衙边社区健康服务中心,01-000525,衙边社区健康服务中心::01-000525,不可用/不明确,0,test,261,232,1.125
row_002289__f9272a2551954ed5968fc486f610b6b0,2289,f9272a2551954ed5968fc486f610b6b0,衙边社区健康服务中心,01-000525,衙边社区健康服务中心::01-000525,不可用/不明确,0,test,265,241,1.099585062240664
row_002290__970f9f51f5d749909d05bd8759dc0987,2290,970f9f51f5d749909d05bd8759dc0987,衙边社区健康服务中心,01-000525,衙边社区健康服务中心::01-000525,不可用/不明确,0,test,240,252,1.05
row_002291__364d1fbb93084485a454878692aeaae4,2291,364d1fbb93084485a454878692aeaae4,深圳市南山区东角头社区健康服务中心,01-000274,深圳市南山区东角头社区健康服务中心::01-000274,肺通气功能正常,2,train,315,300,1.05
row_002292__748a7e74eac444d895c0f256f7cdf2ab,2292,748a7e74eac444d895c0f256f7cdf2ab,深圳市南山区东角头社区健康服务中心,01-000274,深圳市南山区东角头社区健康服务中心::01-000274,肺通气功能正常,2,train,300,308,1.0266666666666666
row_002293__c9a67b31f8c54053b445987abafe4e15,2293,c9a67b31f8c54053b445987abafe4e15,深圳市南山区东角头社区健康服务中心,01-000274,深圳市南山区东角头社区健康服务中心::01-000274,肺通气功能正常,2,train,292,296,1.0136986301369864
row_002294__f120d1e4bc7d40c1bd72701b39938cf6,2294,f120d1e4bc7d40c1bd72701b39938cf6,广州市越秀区建设街社区卫生服务中心,01-000153,广州市越秀区建设街社区卫生服务中心::01-000153,限制性通气功能障碍,1,train,271,247,1.097165991902834
row_002295__6db3d0536a3248c8acb60b0e7d82ffde,2295,6db3d0536a3248c8acb60b0e7d82ffde,广州市越秀区建设街社区卫生服务中心,01-000153,广州市越秀区建设街社区卫生服务中心::01-000153,限制性通气功能障碍,1,train,251,247,1.0161943319838056
row_002296__4eb37f2b05f541e898386d13a874883d,2296,4eb37f2b05f541e898386d13a874883d,广州市越秀区建设街社区卫生服务中心,01-000153,广州市越秀区建设街社区卫生服务中心::01-000153,限制性通气功能障碍,1,train,265,250,1.06
row_002297__62eed2303e104ee9a8202b9266c8cce3,2297,62eed2303e104ee9a8202b9266c8cce3,善心体检,01-008636,善心体检::01-008636,肺通气功能正常,2,train,265,282,1.0641509433962264
row_002298__76da3fd094464e32bbdda78ca420a898,2298,76da3fd094464e32bbdda78ca420a898,善心体检,01-008636,善心体检::01-008636,肺通气功能正常,2,train,262,284,1.083969465648855
row_002299__941e96d1e3794effb3fe3602e29a8abf,2299,941e96d1e3794effb3fe3602e29a8abf,善心体检,01-008636,善心体检::01-008636,肺通气功能正常,2,train,262,282,1.0763358778625953
row_002300__d7078342083a4f5c81a0089d2f19fcf6,2300,d7078342083a4f5c81a0089d2f19fcf6,遂溪县遂城镇卫生院,01-000332,遂溪县遂城镇卫生院::01-000332,肺通气功能正常,2,train,239,244,1.0209205020920502
row_002301__60346210c6794dcfb8bf4d5437a37053,2301,60346210c6794dcfb8bf4d5437a37053,遂溪县遂城镇卫生院,01-000332,遂溪县遂城镇卫生院::01-000332,肺通气功能正常,2,train,245,235,1.0425531914893618
row_002302__c4016395d40c4e2bbf6441883eba6909,2302,c4016395d40c4e2bbf6441883eba6909,遂溪县遂城镇卫生院,01-000332,遂溪县遂城镇卫生院::01-000332,肺通气功能正常,2,train,237,252,1.0632911392405062
row_002303__38926b37584249c2b581d316325fd34a,2303,38926b37584249c2b581d316325fd34a,化州市中垌卫生院,02-001579,化州市中垌卫生院::02-001579,阻塞性通气功能障碍,3,val,153,170,1.1111111111111112
row_002304__23861ed79bb14fba8bbbfa9854202d62,2304,23861ed79bb14fba8bbbfa9854202d62,化州市中垌卫生院,02-001579,化州市中垌卫生院::02-001579,阻塞性通气功能障碍,3,val,192,185,1.037837837837838
row_002305__eae98770042545f58c86895cfdc650e4,2305,eae98770042545f58c86895cfdc650e4,化州市中垌卫生院,02-001579,化州市中垌卫生院::02-001579,阻塞性通气功能障碍,3,val,200,190,1.0526315789473684
row_002306__175e99dba2e246c69fb5b60593d7ddb7,2306,175e99dba2e246c69fb5b60593d7ddb7,深圳市南山区南油社区健康服务中心,01-000168,深圳市南山区南油社区健康服务中心::01-000168,阻塞性通气功能障碍,3,train,224,236,1.0535714285714286
row_002307__549a5a4a727f46ca911445bf83ab85a2,2307,549a5a4a727f46ca911445bf83ab85a2,深圳市南山区南油社区健康服务中心,01-000168,深圳市南山区南油社区健康服务中心::01-000168,阻塞性通气功能障碍,3,train,256,252,1.0158730158730158
row_002308__ad415360d6ee4293a84fe9737f133228,2308,ad415360d6ee4293a84fe9737f133228,深圳市南山区南油社区健康服务中心,01-000168,深圳市南山区南油社区健康服务中心::01-000168,阻塞性通气功能障碍,3,train,248,248,1.0
row_002310__c0e790bb59744a5cbcfa9254ab2c5f5e,2310,c0e790bb59744a5cbcfa9254ab2c5f5e,佛山市南海区盐步医院,01-001001,佛山市南海区盐步医院::01-001001,肺通气功能正常,2,val,295,298,1.0101694915254238
row_002311__efb5daf4adfc46b88307ce028d5f71fa,2311,efb5daf4adfc46b88307ce028d5f71fa,佛山市南海区盐步医院,01-001001,佛山市南海区盐步医院::01-001001,肺通气功能正常,2,val,292,230,1.2695652173913043
row_002312__08d6cf8e3daa4e6dbb0778ec8628affc,2312,08d6cf8e3daa4e6dbb0778ec8628affc,广州市越秀区珠光街社区卫生服务中心,01-000314,广州市越秀区珠光街社区卫生服务中心::01-000314,肺通气功能正常,2,train,307,334,1.0879478827361564
row_002313__bccc1809432e46b18e09fa2a1f09435d,2313,bccc1809432e46b18e09fa2a1f09435d,广州市越秀区珠光街社区卫生服务中心,01-000314,广州市越秀区珠光街社区卫生服务中心::01-000314,肺通气功能正常,2,train,320,332,1.0375
row_002314__f1278c3dda8d42abba82d2a1df900f65,2314,f1278c3dda8d42abba82d2a1df900f65,广州市越秀区珠光街社区卫生服务中心,01-000314,广州市越秀区珠光街社区卫生服务中心::01-000314,肺通气功能正常,2,train,317,319,1.0063091482649842
row_002315__d4c22ae38feb4800bab29d76ce30912b,2315,d4c22ae38feb4800bab29d76ce30912b,深圳市南山区桃源社区健康服务中心,01-000240,深圳市南山区桃源社区健康服务中心::01-000240,限制性通气功能障碍,1,train,224,232,1.0357142857142858
row_002316__a8728d3185e54b31a8f561914485b6d1,2316,a8728d3185e54b31a8f561914485b6d1,深圳市南山区桃源社区健康服务中心,01-000240,深圳市南山区桃源社区健康服务中心::01-000240,限制性通气功能障碍,1,train,232,228,1.0175438596491229
row_002317__bcd14968415641c3a8e041635052131e,2317,bcd14968415641c3a8e041635052131e,深圳市南山区桃源社区健康服务中心,01-000240,深圳市南山区桃源社区健康服务中心::01-000240,限制性通气功能障碍,1,train,220,232,1.0545454545454545
row_002318__35d7111979564579a36fe4d4bc5fb4b7,2318,35d7111979564579a36fe4d4bc5fb4b7,善心体检,01-009330,善心体检::01-009330,肺通气功能正常,2,train,210,212,1.0095238095238095
row_002319__5ba075cba5e1407ba3fcbe2b031e14cf,2319,5ba075cba5e1407ba3fcbe2b031e14cf,善心体检,01-009330,善心体检::01-009330,肺通气功能正常,2,train,212,232,1.0943396226415094
row_002320__7f358f520873428893864457cdac7914,2320,7f358f520873428893864457cdac7914,善心体检,01-009330,善心体检::01-009330,肺通气功能正常,2,train,214,229,1.0700934579439252
row_002321__519cb67537ff4746b6b1d4bfa1c63f42,2321,519cb67537ff4746b6b1d4bfa1c63f42,深圳市坪山区人民医院碧岭社区健康服务中心,01-000328,深圳市坪山区人民医院碧岭社区健康服务中心::01-000328,阻塞性通气功能障碍,3,train,355,331,1.0725075528700907
row_002322__2573af6f811040129b51056c144cb990,2322,2573af6f811040129b51056c144cb990,深圳市坪山区人民医院碧岭社区健康服务中心,01-000328,深圳市坪山区人民医院碧岭社区健康服务中心::01-000328,阻塞性通气功能障碍,3,train,339,327,1.036697247706422
row_002323__6c6d70a8781a42cdb94f5f42d83cb8df,2323,6c6d70a8781a42cdb94f5f42d83cb8df,深圳市坪山区人民医院碧岭社区健康服务中心,01-000328,深圳市坪山区人民医院碧岭社区健康服务中心::01-000328,阻塞性通气功能障碍,3,train,327,337,1.0305810397553516
row_002324__a1726dcd76774538bf58a9779ae40287,2324,a1726dcd76774538bf58a9779ae40287,善心体检,01-010116,善心体检::01-010116,肺通气功能正常,2,train,242,247,1.0206611570247934
row_002325__c525bdbdfcb04a51a25a4b4a8877df17,2325,c525bdbdfcb04a51a25a4b4a8877df17,善心体检,01-010116,善心体检::01-010116,肺通气功能正常,2,train,234,244,1.0427350427350428
row_002326__e2bc017056c744fba26051da4c454386,2326,e2bc017056c744fba26051da4c454386,善心体检,01-010116,善心体检::01-010116,肺通气功能正常,2,train,237,252,1.0632911392405062
row_002327__13c3c1d1218c43758c6d56410de066e5,2327,13c3c1d1218c43758c6d56410de066e5,东莞市虎门镇卫生服务中心,01-000294,东莞市虎门镇卫生服务中心::01-000294,混合性通气功能障碍,4,train,190,203,1.068421052631579
row_002328__885f36e967e746c0a914ed221899bbd0,2328,885f36e967e746c0a914ed221899bbd0,东莞市虎门镇卫生服务中心,01-000294,东莞市虎门镇卫生服务中心::01-000294,混合性通气功能障碍,4,train,181,185,1.022099447513812
row_002329__3f236b8449d14c3988b471dfc20911ad,2329,3f236b8449d14c3988b471dfc20911ad,东莞市虎门镇卫生服务中心,01-000294,东莞市虎门镇卫生服务中心::01-000294,混合性通气功能障碍,4,train,186,200,1.075268817204301
row_002330__c6f23b0e739241d3a3fd748545143dd6,2330,c6f23b0e739241d3a3fd748545143dd6,深圳市南山区南园社区健康服务中心,01-000226,深圳市南山区南园社区健康服务中心::01-000226,肺通气功能正常,2,train,407,384,1.0598958333333333
row_002331__042d10b354114648b3d1273b23d067e5,2331,042d10b354114648b3d1273b23d067e5,深圳市南山区南园社区健康服务中心,01-000226,深圳市南山区南园社区健康服务中心::01-000226,肺通气功能正常,2,train,395,332,1.1897590361445782
row_002332__20d112caf6344ad7a3d20e8db007bfa7,2332,20d112caf6344ad7a3d20e8db007bfa7,深圳市南山区南园社区健康服务中心,01-000226,深圳市南山区南园社区健康服务中心::01-000226,肺通气功能正常,2,train,392,400,1.0204081632653061
row_002333__83570601c9a84e92af5f4f5ce597f5fd,2333,83570601c9a84e92af5f4f5ce597f5fd,衙边社区健康服务中心,01-000530,衙边社区健康服务中心::01-000530,肺通气功能正常,2,test,393,433,1.1017811704834606
row_002334__92ca15d77167420d901838c12cb9424f,2334,92ca15d77167420d901838c12cb9424f,衙边社区健康服务中心,01-000530,衙边社区健康服务中心::01-000530,肺通气功能正常,2,test,390,303,1.2871287128712872
row_002336__09338df1dd37496491f395f7b689d301,2336,09338df1dd37496491f395f7b689d301,广州善心体检中心,01-000658,广州善心体检中心::01-000658,肺通气功能正常,2,train,257,267,1.038910505836576
row_002337__d1f1348b76394ca58bd8f40520b24939,2337,d1f1348b76394ca58bd8f40520b24939,广州善心体检中心,01-000658,广州善心体检中心::01-000658,肺通气功能正常,2,train,256,270,1.0546875
row_002338__8a58c4cc9d9a42f08497bcb7a927d189,2338,8a58c4cc9d9a42f08497bcb7a927d189,广州善心体检中心,01-000658,广州善心体检中心::01-000658,肺通气功能正常,2,train,247,262,1.0607287449392713
row_002339__a927e57e8b2c4d2e9d27ac710de65250,2339,a927e57e8b2c4d2e9d27ac710de65250,广州市越秀区珠光街社区卫生服务中心,01-000345,广州市越秀区珠光街社区卫生服务中心::01-000345,阻塞性通气功能障碍,3,train,240,247,1.0291666666666666
row_002340__c60b988019e04449a58a40e586106291,2340,c60b988019e04449a58a40e586106291,广州市越秀区珠光街社区卫生服务中心,01-000345,广州市越秀区珠光街社区卫生服务中心::01-000345,阻塞性通气功能障碍,3,train,253,275,1.0869565217391304
row_002341__da84b766432f4d3c89540eee30fc6849,2341,da84b766432f4d3c89540eee30fc6849,广州市越秀区珠光街社区卫生服务中心,01-000345,广州市越秀区珠光街社区卫生服务中心::01-000345,阻塞性通气功能障碍,3,train,252,259,1.0277777777777777
row_002342__2d0759504f624860bfe15e5d1d22e76b,2342,2d0759504f624860bfe15e5d1d22e76b,佛山市南海区盐步医院,01-001032,佛山市南海区盐步医院::01-001032,肺通气功能正常,2,test,431,455,1.0556844547563806
row_002343__cc40d549314749a9978d3724f64dc125,2343,cc40d549314749a9978d3724f64dc125,佛山市南海区盐步医院,01-001032,佛山市南海区盐步医院::01-001032,肺通气功能正常,2,test,438,453,1.0342465753424657
row_002344__7c6012df91834bc4bd8ba2070137ef8c,2344,7c6012df91834bc4bd8ba2070137ef8c,佛山市南海区盐步医院,01-001032,佛山市南海区盐步医院::01-001032,肺通气功能正常,2,test,438,460,1.0502283105022832
row_002345__b97588d3010444c7a7a377691cd94a52,2345,b97588d3010444c7a7a377691cd94a52,水田社康中心,01-000696,水田社康中心::01-000696,阻塞性通气功能障碍,3,train,392,417,1.0637755102040816
row_002346__0d30ca71633144efa067a24e51a20406,2346,0d30ca71633144efa067a24e51a20406,水田社康中心,01-000696,水田社康中心::01-000696,阻塞性通气功能障碍,3,train,402,409,1.0174129353233832
row_002347__a7db8b2190704c64a9dc0fd598f40de6,2347,a7db8b2190704c64a9dc0fd598f40de6,水田社康中心,01-000696,水田社康中心::01-000696,阻塞性通气功能障碍,3,train,388,405,1.0438144329896908
row_002348__e86245f36d674057a044aea076a9561a,2348,e86245f36d674057a044aea076a9561a,善心体检,01-009706,善心体检::01-009706,肺通气功能正常,2,train,263,273,1.038022813688213
row_002349__8f157915ed39453a817945c63e2ae784,2349,8f157915ed39453a817945c63e2ae784,善心体检,01-009706,善心体检::01-009706,肺通气功能正常,2,train,264,279,1.0568181818181819
row_002350__5402bd45207144939552a2e3b31c1290,2350,5402bd45207144939552a2e3b31c1290,善心体检,01-009706,善心体检::01-009706,肺通气功能正常,2,train,259,279,1.0772200772200773
row_002352__d09eff0ff4dd4cf08e7c8c4dc683b357,2352,d09eff0ff4dd4cf08e7c8c4dc683b357,深圳市南山区龙辉社区健康服务中心,01-000186,深圳市南山区龙辉社区健康服务中心::01-000186,限制性通气功能障碍,1,train,204,212,1.0392156862745099
row_002353__fe0a2c162e224e32b9cdecb0a25b1375,2353,fe0a2c162e224e32b9cdecb0a25b1375,深圳市南山区龙辉社区健康服务中心,01-000186,深圳市南山区龙辉社区健康服务中心::01-000186,限制性通气功能障碍,1,train,208,212,1.0192307692307692
row_002354__9c8aff35633f4ce78c68361dbaff73c0,2354,9c8aff35633f4ce78c68361dbaff73c0,水田社康中心,01-000742,水田社康中心::01-000742,阻塞性通气功能障碍,3,train,346,317,1.0914826498422714
row_002355__a111dedc5f8a45db97396bff26ebecaf,2355,a111dedc5f8a45db97396bff26ebecaf,水田社康中心,01-000742,水田社康中心::01-000742,阻塞性通气功能障碍,3,train,360,336,1.0714285714285714
row_002356__560a2bb8df9c446ca170faf6d873146d,2356,560a2bb8df9c446ca170faf6d873146d,水田社康中心,01-000742,水田社康中心::01-000742,阻塞性通气功能障碍,3,train,354,374,1.0564971751412429
row_002358__584e8b65c67d4952898c483bd5e7236e,2358,584e8b65c67d4952898c483bd5e7236e,深圳市南山区南山社区健康服务中心,01-000268,深圳市南山区南山社区健康服务中心::01-000268,肺通气功能正常,2,train,360,324,1.1111111111111112
row_002359__3c3d93ab159b4d32811a4e323f2b1fa9,2359,3c3d93ab159b4d32811a4e323f2b1fa9,深圳市南山区南山社区健康服务中心,01-000268,深圳市南山区南山社区健康服务中心::01-000268,肺通气功能正常,2,train,388,292,1.3287671232876712
row_002360__758cb935cde3402885c96d41f4f91e99,2360,758cb935cde3402885c96d41f4f91e99,善心体检,01-010103,善心体检::01-010103,限制性通气功能障碍,1,val,305,322,1.0557377049180328
row_002361__e3e6369990d0410c884d2c72fececc64,2361,e3e6369990d0410c884d2c72fececc64,善心体检,01-010103,善心体检::01-010103,限制性通气功能障碍,1,val,299,299,1.0
row_002362__9ec49a1437244026a78cabaaece19e56,2362,9ec49a1437244026a78cabaaece19e56,善心体检,01-010103,善心体检::01-010103,限制性通气功能障碍,1,val,312,290,1.0758620689655172
row_002363__23e7c3db55d149279a849f4a536ec010,2363,23e7c3db55d149279a849f4a536ec010,深圳市南山区花果山东社区健康服务中心,01-000214,深圳市南山区花果山东社区健康服务中心::01-000214,阻塞性通气功能障碍,3,train,400,412,1.03
row_002364__a1a00c0b55ad494298a5bca6a2c7afa0,2364,a1a00c0b55ad494298a5bca6a2c7afa0,深圳市南山区花果山东社区健康服务中心,01-000214,深圳市南山区花果山东社区健康服务中心::01-000214,阻塞性通气功能障碍,3,train,424,472,1.1132075471698113
row_002365__6d44e022ca0e45fa870981f048f41106,2365,6d44e022ca0e45fa870981f048f41106,深圳市南山区花果山东社区健康服务中心,01-000214,深圳市南山区花果山东社区健康服务中心::01-000214,阻塞性通气功能障碍,3,train,432,476,1.1018518518518519
row_002366__fb6aafede92946669cd7c977810d7030,2366,fb6aafede92946669cd7c977810d7030,汕头潮阳区文光街道社区卫生服务中心,01-000335,汕头潮阳区文光街道社区卫生服务中心::01-000335,混合性通气功能障碍,4,test,145,128,1.1328125
row_002367__7f51a81d5f654d33b842127f746a3694,2367,7f51a81d5f654d33b842127f746a3694,汕头潮阳区文光街道社区卫生服务中心,01-000335,汕头潮阳区文光街道社区卫生服务中心::01-000335,混合性通气功能障碍,4,test,133,143,1.0751879699248121
row_002368__2b276285285446dbb6faab0cb9d53383,2368,2b276285285446dbb6faab0cb9d53383,汕头潮阳区文光街道社区卫生服务中心,01-000335,汕头潮阳区文光街道社区卫生服务中心::01-000335,混合性通气功能障碍,4,test,145,130,1.1153846153846154
row_002369__dfaf69decade4bfcb2cc17041657409f,2369,dfaf69decade4bfcb2cc17041657409f,善心体检,01-009414,善心体检::01-009414,肺通气功能正常,2,train,157,159,1.0127388535031847
row_002370__4d99cd614312488788b81df9038e3384,2370,4d99cd614312488788b81df9038e3384,善心体检,01-009414,善心体检::01-009414,肺通气功能正常,2,train,166,165,1.006060606060606
row_002371__282cda394beb46efa7fbe79a4c5d66b8,2371,282cda394beb46efa7fbe79a4c5d66b8,善心体检,01-009414,善心体检::01-009414,肺通气功能正常,2,train,162,174,1.0740740740740742
row_002372__9ebca4fea65f497bb6a09ad7ac2546cb,2372,9ebca4fea65f497bb6a09ad7ac2546cb,深圳市南山区南光社区健康服务中心,01-000305,深圳市南山区南光社区健康服务中心::01-000305,混合性通气功能障碍,4,train,224,247,1.1026785714285714
row_002373__b8df7ef250d849ff87972939f15c88ec,2373,b8df7ef250d849ff87972939f15c88ec,深圳市南山区南光社区健康服务中心,01-000305,深圳市南山区南光社区健康服务中心::01-000305,混合性通气功能障碍,4,train,240,244,1.0166666666666666
row_002374__f05ffddb82af459b97b7a836ee39a039,2374,f05ffddb82af459b97b7a836ee39a039,深圳市南山区南光社区健康服务中心,01-000305,深圳市南山区南光社区健康服务中心::01-000305,混合性通气功能障碍,4,train,224,243,1.0848214285714286
row_002375__6cb137387e144710a34888f8e30406a8,2375,6cb137387e144710a34888f8e30406a8,深圳市南山区东角头社区健康服务中心,01-000280,深圳市南山区东角头社区健康服务中心::01-000280,阻塞性通气功能障碍,3,train,279,260,1.073076923076923
row_002376__1e87e1ea45f44118aa2b5422474f152f,2376,1e87e1ea45f44118aa2b5422474f152f,深圳市南山区东角头社区健康服务中心,01-000280,深圳市南山区东角头社区健康服务中心::01-000280,阻塞性通气功能障碍,3,train,268,264,1.0151515151515151
row_002377__80f207bec35c4d999f8e63bad67c0992,2377,80f207bec35c4d999f8e63bad67c0992,深圳市南山区东角头社区健康服务中心,01-000280,深圳市南山区东角头社区健康服务中心::01-000280,阻塞性通气功能障碍,3,train,260,260,1.0
row_002378__f2cc2f2d1f374cd78e167f45d3f5052d,2378,f2cc2f2d1f374cd78e167f45d3f5052d,惠城区麦地社区卫生服务中心,01-000219,惠城区麦地社区卫生服务中心::01-000219,混合性通气功能障碍,4,train,230,223,1.031390134529148
row_002379__1d465416e73b473bb654566ad57a8f4e,2379,1d465416e73b473bb654566ad57a8f4e,惠城区麦地社区卫生服务中心,01-000219,惠城区麦地社区卫生服务中心::01-000219,混合性通气功能障碍,4,train,220,233,1.059090909090909
row_002380__66c3834772844898af97830da51910e3,2380,66c3834772844898af97830da51910e3,惠城区麦地社区卫生服务中心,01-000219,惠城区麦地社区卫生服务中心::01-000219,混合性通气功能障碍,4,train,220,218,1.0091743119266054
row_002381__d68fbef619754586ba0c13a5b02ae991,2381,d68fbef619754586ba0c13a5b02ae991,中山市民众镇社区卫生服务中心,01-000363,中山市民众镇社区卫生服务中心::01-000363,限制性通气功能障碍,1,train,191,187,1.0213903743315509
row_002382__f1d6c09da0c94d328654d3ab10199fd2,2382,f1d6c09da0c94d328654d3ab10199fd2,中山市民众镇社区卫生服务中心,01-000363,中山市民众镇社区卫生服务中心::01-000363,限制性通气功能障碍,1,train,179,189,1.0558659217877095
row_002383__bcf0c5a7a853431b88d76180aff8adb3,2383,bcf0c5a7a853431b88d76180aff8adb3,中山市民众镇社区卫生服务中心,01-000363,中山市民众镇社区卫生服务中心::01-000363,限制性通气功能障碍,1,train,177,194,1.0960451977401129
row_002384__dd475948a8f14f1bbff5fb0044aba4bc,2384,dd475948a8f14f1bbff5fb0044aba4bc,善心体检,01-010224,善心体检::01-010224,限制性通气功能障碍,1,train,274,294,1.072992700729927
row_002385__7a4e5941a1fc4411a26a9f6183da4ce8,2385,7a4e5941a1fc4411a26a9f6183da4ce8,善心体检,01-010224,善心体检::01-010224,限制性通气功能障碍,1,train,280,293,1.0464285714285715
row_002386__e67c5d1722724d0a8154cdc761272942,2386,e67c5d1722724d0a8154cdc761272942,善心体检,01-010224,善心体检::01-010224,限制性通气功能障碍,1,train,282,292,1.0354609929078014
row_002387__fb47daf74554445c8c8fc8755fad86c9,2387,fb47daf74554445c8c8fc8755fad86c9,东莞市东城社区卫生服务中心,01-000619,东莞市东城社区卫生服务中心::01-000619,阻塞性通气功能障碍,3,test,278,275,1.010909090909091
row_002388__7a5521391eac4790b9469e9df719dfd0,2388,7a5521391eac4790b9469e9df719dfd0,东莞市东城社区卫生服务中心,01-000619,东莞市东城社区卫生服务中心::01-000619,阻塞性通气功能障碍,3,test,268,278,1.037313432835821
row_002389__bab9fa00d4d5472a8d22b0e4034ae380,2389,bab9fa00d4d5472a8d22b0e4034ae380,东莞市东城社区卫生服务中心,01-000619,东莞市东城社区卫生服务中心::01-000619,阻塞性通气功能障碍,3,test,258,275,1.065891472868217
row_002390__a93e5c6dca164977adabe8b9b3e83703,2390,a93e5c6dca164977adabe8b9b3e83703,深圳市南山区湾厦社区健康服务中心,01-000272,深圳市南山区湾厦社区健康服务中心::01-000272,混合性通气功能障碍,4,val,176,187,1.0625
row_002391__a79f4dc778264b1ca75b269f58cfbf0d,2391,a79f4dc778264b1ca75b269f58cfbf0d,深圳市南山区湾厦社区健康服务中心,01-000272,深圳市南山区湾厦社区健康服务中心::01-000272,混合性通气功能障碍,4,val,172,176,1.0232558139534884
row_002392__45c8b93377114c16b510adb2a35fb6ee,2392,45c8b93377114c16b510adb2a35fb6ee,深圳市南山区湾厦社区健康服务中心,01-000272,深圳市南山区湾厦社区健康服务中心::01-000272,混合性通气功能障碍,4,val,164,176,1.0731707317073171
row_002393__f312e14f003544239ecf825c10d07c3e,2393,f312e14f003544239ecf825c10d07c3e,广州善心体检中心,01-000422,广州善心体检中心::01-000422,阻塞性通气功能障碍,3,train,318,337,1.059748427672956
row_002394__8f0cb054f6ba43e887f6e520d05a8666,2394,8f0cb054f6ba43e887f6e520d05a8666,广州善心体检中心,01-000422,广州善心体检中心::01-000422,阻塞性通气功能障碍,3,train,309,339,1.0970873786407767
row_002395__2ec97d998cfd48c98133b8a479735279,2395,2ec97d998cfd48c98133b8a479735279,广州善心体检中心,01-000422,广州善心体检中心::01-000422,阻塞性通气功能障碍,3,train,325,357,1.0984615384615384
row_002396__59a2878c4d0d476f9d64ddc459eff1fa,2396,59a2878c4d0d476f9d64ddc459eff1fa,深圳市南山区德意名居社区健康服务中心,01-000328,深圳市南山区德意名居社区健康服务中心::01-000328,阻塞性通气功能障碍,3,val,440,520,1.1818181818181819
row_002399__b647e7f1f3a34cd9b46e46b1636f9c53,2399,b647e7f1f3a34cd9b46e46b1636f9c53,深圳市南山区东角头社区健康服务中心,01-000321,深圳市南山区东角头社区健康服务中心::01-000321,肺通气功能正常,2,test,292,304,1.0410958904109588
row_002400__e6f16ba6665b4d688fd6b00335d2829c,2400,e6f16ba6665b4d688fd6b00335d2829c,深圳市南山区东角头社区健康服务中心,01-000321,深圳市南山区东角头社区健康服务中心::01-000321,肺通气功能正常,2,test,284,288,1.0140845070422535
row_002401__45a134f90ae545e3acc2ac912fcc2dbe,2401,45a134f90ae545e3acc2ac912fcc2dbe,深圳市南山区东角头社区健康服务中心,01-000321,深圳市南山区东角头社区健康服务中心::01-000321,肺通气功能正常,2,test,268,280,1.044776119402985
row_002402__750c9effae7c4f4f9fa4526d3c6b8bd5,2402,750c9effae7c4f4f9fa4526d3c6b8bd5,深圳市南山区龙辉社区健康服务中心,01-000168,深圳市南山区龙辉社区健康服务中心::01-000168,肺通气功能正常,2,val,440,432,1.0185185185185186
row_002403__77d790b5907b4cee916ab58067c83d28,2403,77d790b5907b4cee916ab58067c83d28,深圳市南山区龙辉社区健康服务中心,01-000168,深圳市南山区龙辉社区健康服务中心::01-000168,肺通气功能正常,2,val,420,444,1.0571428571428572
row_002404__56002391224f4ca785f378413e6b2284,2404,56002391224f4ca785f378413e6b2284,深圳市南山区龙辉社区健康服务中心,01-000168,深圳市南山区龙辉社区健康服务中心::01-000168,肺通气功能正常,2,val,440,440,1.0
row_002405__feb089b38f594d8098935c309aa53ccc,2405,feb089b38f594d8098935c309aa53ccc,善心体检,01-008955,善心体检::01-008955,混合性通气功能障碍,4,train,349,349,1.0
row_002406__38763ad268c44292a68040d2bdda09c5,2406,38763ad268c44292a68040d2bdda09c5,善心体检,01-008955,善心体检::01-008955,混合性通气功能障碍,4,train,337,369,1.0949554896142433
row_002407__ac9f105829e8450da9d07474d69be9ff,2407,ac9f105829e8450da9d07474d69be9ff,善心体检,01-008955,善心体检::01-008955,混合性通气功能障碍,4,train,345,343,1.0058309037900874
row_002408__55bfd887c47c426393f6ff203a0df8d6,2408,55bfd887c47c426393f6ff203a0df8d6,深圳市南山区南光社区健康服务中心,01-000253,深圳市南山区南光社区健康服务中心::01-000253,肺通气功能正常,2,train,328,399,1.2164634146341464
row_002409__7f4b7fee7d5e4bef9f2b03776a23262a,2409,7f4b7fee7d5e4bef9f2b03776a23262a,深圳市南山区南光社区健康服务中心,01-000253,深圳市南山区南光社区健康服务中心::01-000253,肺通气功能正常,2,train,376,392,1.0425531914893618
row_002410__3abed388ff194fdcbaad5e67b754cf47,2410,3abed388ff194fdcbaad5e67b754cf47,深圳市南山区南光社区健康服务中心,01-000253,深圳市南山区南光社区健康服务中心::01-000253,肺通气功能正常,2,train,364,383,1.0521978021978022
row_002411__4164020bcbc749dd8f4de0cfac75c09d,2411,4164020bcbc749dd8f4de0cfac75c09d,深圳市南山区德意名居社区健康服务中心,01-000275,深圳市南山区德意名居社区健康服务中心::01-000275,阻塞性通气功能障碍,3,train,292,236,1.2372881355932204
row_002412__a207b8baad6449d68319235fb22cfd4b,2412,a207b8baad6449d68319235fb22cfd4b,深圳市南山区德意名居社区健康服务中心,01-000275,深圳市南山区德意名居社区健康服务中心::01-000275,阻塞性通气功能障碍,3,train,344,408,1.186046511627907
row_002413__1bd21a6fbba84a5d8f60315d71dfa313,2413,1bd21a6fbba84a5d8f60315d71dfa313,深圳市南山区德意名居社区健康服务中心,01-000275,深圳市南山区德意名居社区健康服务中心::01-000275,阻塞性通气功能障碍,3,train,356,408,1.146067415730337
row_002414__3b33e04ed49d46b196ddd2101e006778,2414,3b33e04ed49d46b196ddd2101e006778,深圳市南山区东角头社区健康服务中心,01-000245,深圳市南山区东角头社区健康服务中心::01-000245,肺通气功能正常,2,train,344,356,1.0348837209302326
row_002415__75ba02d5e6684790a4076a5679d34401,2415,75ba02d5e6684790a4076a5679d34401,深圳市南山区东角头社区健康服务中心,01-000245,深圳市南山区东角头社区健康服务中心::01-000245,肺通气功能正常,2,train,368,364,1.010989010989011
row_002416__e691d2b1b5c94ef191c48c3bf9ca69cc,2416,e691d2b1b5c94ef191c48c3bf9ca69cc,深圳市南山区东角头社区健康服务中心,01-000245,深圳市南山区东角头社区健康服务中心::01-000245,肺通气功能正常,2,train,352,360,1.0227272727272727
row_002417__8c378e8f0eae49bf90d524636a1d2d95,2417,8c378e8f0eae49bf90d524636a1d2d95,善心体检,01-010278,善心体检::01-010278,混合性通气功能障碍,4,test,267,312,1.1685393258426966
row_002418__58891242ca7b4e1ab48c4f473108dc81,2418,58891242ca7b4e1ab48c4f473108dc81,善心体检,01-010278,善心体检::01-010278,混合性通气功能障碍,4,test,269,299,1.1115241635687731
row_002419__778f65fcab7a46b8a60ce3d1435ae0f6,2419,778f65fcab7a46b8a60ce3d1435ae0f6,善心体检,01-010278,善心体检::01-010278,混合性通气功能障碍,4,test,265,292,1.1018867924528302
row_002420__ff2d8fa7e85a4e7982ca512fabf02291,2420,ff2d8fa7e85a4e7982ca512fabf02291,开平市马冈镇卫生院,01-000284,开平市马冈镇卫生院::01-000284,限制性通气功能障碍,1,train,90,75,1.2
row_002422__92f177871c9745f7905f705e43bc006a,2422,92f177871c9745f7905f705e43bc006a,开平市马冈镇卫生院,01-000284,开平市马冈镇卫生院::01-000284,限制性通气功能障碍,1,train,65,78,1.2
row_002423__10da99adb1a8413189673cf9b72b62fe,2423,10da99adb1a8413189673cf9b72b62fe,善心体检,01-010465,善心体检::01-010465,肺通气功能正常,2,train,283,288,1.017667844522968
row_002424__69df9d4037044aa982688065ada8e589,2424,69df9d4037044aa982688065ada8e589,善心体检,01-010465,善心体检::01-010465,肺通气功能正常,2,train,279,294,1.053763440860215
row_002425__ed8a0b35e70d4ea79b90ef1da9fdc3ca,2425,ed8a0b35e70d4ea79b90ef1da9fdc3ca,善心体检,01-010465,善心体检::01-010465,肺通气功能正常,2,train,268,278,1.037313432835821
row_002426__ee75cde870f14dd08ef47838001debd9,2426,ee75cde870f14dd08ef47838001debd9,广州市荔湾区南源街社区卫生服务中心,01-000076,广州市荔湾区南源街社区卫生服务中心::01-000076,阻塞性通气功能障碍,3,val,382,407,1.0654450261780104
row_002427__7d27c1ee3b9f4cb488f812ec0c07b07e,2427,7d27c1ee3b9f4cb488f812ec0c07b07e,广州市荔湾区南源街社区卫生服务中心,01-000076,广州市荔湾区南源街社区卫生服务中心::01-000076,阻塞性通气功能障碍,3,val,374,394,1.053475935828877
row_002428__e95e68dcf81b42e991edd21f75c69ca0,2428,e95e68dcf81b42e991edd21f75c69ca0,广州市荔湾区南源街社区卫生服务中心,01-000076,广州市荔湾区南源街社区卫生服务中心::01-000076,阻塞性通气功能障碍,3,val,381,372,1.0241935483870968
row_002429__4e579695014944afb16a673f41396e0e,2429,4e579695014944afb16a673f41396e0e,佛山市南海区盐步医院,01-000978,佛山市南海区盐步医院::01-000978,阻塞性通气功能障碍,3,train,408,410,1.0049019607843137
row_002430__024e7a3fb09d4215b6db9545cb740c9a,2430,024e7a3fb09d4215b6db9545cb740c9a,佛山市南海区盐步医院,01-000978,佛山市南海区盐步医院::01-000978,阻塞性通气功能障碍,3,train,408,428,1.0490196078431373
row_002431__3d5086b5a7e34d0eafebe7eeaf944931,2431,3d5086b5a7e34d0eafebe7eeaf944931,佛山市南海区盐步医院,01-000978,佛山市南海区盐步医院::01-000978,阻塞性通气功能障碍,3,train,413,420,1.0169491525423728
row_002432__1231086f176a4b0bbbe5f015b8e00c8c,2432,1231086f176a4b0bbbe5f015b8e00c8c,善心体检,01-010336,善心体检::01-010336,混合性通气功能障碍,4,train,347,364,1.0489913544668588
row_002433__39e2f04460554ef3a4510d0b47592d6e,2433,39e2f04460554ef3a4510d0b47592d6e,善心体检,01-010336,善心体检::01-010336,混合性通气功能障碍,4,train,340,338,1.0059171597633136
row_002434__cbd0b5a9385f4e4885e395f97814193c,2434,cbd0b5a9385f4e4885e395f97814193c,善心体检,01-010336,善心体检::01-010336,混合性通气功能障碍,4,train,350,363,1.0371428571428571
row_002435__5f5f08cfe08442818b14be862d9e0f0c,2435,5f5f08cfe08442818b14be862d9e0f0c,深圳市南山区龙辉社区健康服务中心,01-000181,深圳市南山区龙辉社区健康服务中心::01-000181,阻塞性通气功能障碍,3,train,324,356,1.0987654320987654
row_002436__71077119e219419f8f92e061f9d58393,2436,71077119e219419f8f92e061f9d58393,深圳市南山区龙辉社区健康服务中心,01-000181,深圳市南山区龙辉社区健康服务中心::01-000181,阻塞性通气功能障碍,3,train,320,336,1.05
row_002437__b9474be8ea884aa3b33240633eac5c3c,2437,b9474be8ea884aa3b33240633eac5c3c,深圳市南山区龙辉社区健康服务中心,01-000181,深圳市南山区龙辉社区健康服务中心::01-000181,阻塞性通气功能障碍,3,train,336,336,1.0
row_002438__097159d72d344a408507eeab0da2aab5,2438,097159d72d344a408507eeab0da2aab5,珠海市香洲区梅华社区卫生服务中心,01-000385,珠海市香洲区梅华社区卫生服务中心::01-000385,限制性通气功能障碍,1,train,283,240,1.1791666666666667
row_002440__8bdcd7578a49470aa424ffbea85a7691,2440,8bdcd7578a49470aa424ffbea85a7691,珠海市香洲区梅华社区卫生服务中心,01-000385,珠海市香洲区梅华社区卫生服务中心::01-000385,限制性通气功能障碍,1,train,305,260,1.1730769230769231
row_002441__6586cdd4250b4a5ea3eb3f00fe6e770b,2441,6586cdd4250b4a5ea3eb3f00fe6e770b,英德市东华镇中心卫生院,01-000653,英德市东华镇中心卫生院::01-000653,阻塞性通气功能障碍,3,train,206,225,1.0922330097087378
row_002442__3e7706643b1342cc9590dcfb331ff3bd,2442,3e7706643b1342cc9590dcfb331ff3bd,英德市东华镇中心卫生院,01-000653,英德市东华镇中心卫生院::01-000653,阻塞性通气功能障碍,3,train,213,211,1.009478672985782
row_002443__ebf2c7bf1cd64132a9927aabf2838b36,2443,ebf2c7bf1cd64132a9927aabf2838b36,英德市东华镇中心卫生院,01-000653,英德市东华镇中心卫生院::01-000653,阻塞性通气功能障碍,3,train,218,208,1.0480769230769231
row_002444__e46c2fc750a247d283af9f02a223774a,2444,e46c2fc750a247d283af9f02a223774a,深圳市南山区龙辉社区健康服务中心,01-000234,深圳市南山区龙辉社区健康服务中心::01-000234,肺通气功能正常,2,train,212,232,1.0943396226415094
row_002445__c47d420e3574492c82ed65628538b571,2445,c47d420e3574492c82ed65628538b571,深圳市南山区龙辉社区健康服务中心,01-000234,深圳市南山区龙辉社区健康服务中心::01-000234,肺通气功能正常,2,train,232,236,1.0172413793103448
row_002446__142c35daadd5469582a85ee6ef81ef11,2446,142c35daadd5469582a85ee6ef81ef11,深圳市南山区龙辉社区健康服务中心,01-000234,深圳市南山区龙辉社区健康服务中心::01-000234,肺通气功能正常,2,train,232,228,1.0175438596491229
row_002447__30a3ff107197468ca344dda6e669de08,2447,30a3ff107197468ca344dda6e669de08,深圳市南山区东角头社区健康服务中心,01-000244,深圳市南山区东角头社区健康服务中心::01-000244,肺通气功能正常,2,train,212,208,1.0192307692307692
row_002448__443a61e1fea24e6dac3933425cefcb30,2448,443a61e1fea24e6dac3933425cefcb30,深圳市南山区东角头社区健康服务中心,01-000244,深圳市南山区东角头社区健康服务中心::01-000244,肺通气功能正常,2,train,208,231,1.1105769230769231
row_002449__038e0b8d822944dc9d55e6fd8e0ddeb0,2449,038e0b8d822944dc9d55e6fd8e0ddeb0,深圳市南山区东角头社区健康服务中心,01-000244,深圳市南山区东角头社区健康服务中心::01-000244,肺通气功能正常,2,train,208,219,1.0528846153846154
row_002450__938337ca0b2b4317ba7dee1d6ae47e3f,2450,938337ca0b2b4317ba7dee1d6ae47e3f,善心体检,01-010368,善心体检::01-010368,肺通气功能正常,2,val,347,379,1.0922190201729107
row_002451__0f25255477c94a2d94e10371b9c2d8d8,2451,0f25255477c94a2d94e10371b9c2d8d8,善心体检,01-010368,善心体检::01-010368,肺通气功能正常,2,val,358,373,1.041899441340782
row_002452__bfc44c3f31bc4e5192b0b98320a1341e,2452,bfc44c3f31bc4e5192b0b98320a1341e,善心体检,01-010368,善心体检::01-010368,肺通气功能正常,2,val,362,367,1.0138121546961325
row_002453__ba4217249a174eef9a644ad53b84e113,2453,ba4217249a174eef9a644ad53b84e113,善心体检,01-009174,善心体检::01-009174,限制性通气功能障碍,1,val,282,294,1.0425531914893618
row_002454__cd442ee670a34092894e49d4552426c6,2454,cd442ee670a34092894e49d4552426c6,善心体检,01-009174,善心体检::01-009174,限制性通气功能障碍,1,val,282,304,1.0780141843971631
row_002455__d152295840954725b84cb503908c0ea4,2455,d152295840954725b84cb503908c0ea4,善心体检,01-009174,善心体检::01-009174,限制性通气功能障碍,1,val,280,292,1.042857142857143
row_002456__06412703d1114c768ac51cd48187e1db,2456,06412703d1114c768ac51cd48187e1db,深圳市坪山区人民医院竹坑老围社区健康服务中心,01-000293,深圳市坪山区人民医院竹坑老围社区健康服务中心::01-000293,肺通气功能正常,2,train,328,323,1.0154798761609907
row_002457__698a725d45f44c0eaaf315c2c573d19f,2457,698a725d45f44c0eaaf315c2c573d19f,深圳市坪山区人民医院竹坑老围社区健康服务中心,01-000293,深圳市坪山区人民医院竹坑老围社区健康服务中心::01-000293,肺通气功能正常,2,train,267,327,1.2247191011235956
row_002458__14422baed60749caaa5586671716381d,2458,14422baed60749caaa5586671716381d,深圳市坪山区人民医院竹坑老围社区健康服务中心,01-000293,深圳市坪山区人民医院竹坑老围社区健康服务中心::01-000293,肺通气功能正常,2,train,302,317,1.0496688741721854
row_002459__fdfc5a6582454eb6b721b6bdb624eb07,2459,fdfc5a6582454eb6b721b6bdb624eb07,善心体检,01-010171,善心体检::01-010171,限制性通气功能障碍,1,train,157,167,1.0636942675159236
row_002460__6b70466ff0c84a349d88bb7d15ddeaaa,2460,6b70466ff0c84a349d88bb7d15ddeaaa,善心体检,01-010171,善心体检::01-010171,限制性通气功能障碍,1,train,155,172,1.1096774193548387
row_002461__8fda01bd00bd404bb327c9cdf6e3e7f9,2461,8fda01bd00bd404bb327c9cdf6e3e7f9,善心体检,01-010171,善心体检::01-010171,限制性通气功能障碍,1,train,149,169,1.1342281879194631
row_002462__9911b4e0fd5f46ddb986afce59532011,2462,9911b4e0fd5f46ddb986afce59532011,深圳市南山区高新社区健康服务中心,01-000206,深圳市南山区高新社区健康服务中心::01-000206,肺通气功能正常,2,train,336,340,1.0119047619047619
row_002463__eda2128a59a74f2789641034207c6792,2463,eda2128a59a74f2789641034207c6792,深圳市南山区高新社区健康服务中心,01-000206,深圳市南山区高新社区健康服务中心::01-000206,肺通气功能正常,2,train,276,272,1.0147058823529411
row_002464__c534667389364c4b81a1e90d2f76e4f5,2464,c534667389364c4b81a1e90d2f76e4f5,深圳市南山区高新社区健康服务中心,01-000206,深圳市南山区高新社区健康服务中心::01-000206,肺通气功能正常,2,train,308,296,1.0405405405405406
row_002465__759f8f67f9464f16953b2c2bf62225bc,2465,759f8f67f9464f16953b2c2bf62225bc,化州市中垌卫生院,02-001698,化州市中垌卫生院::02-001698,限制性通气功能障碍,1,train,245,282,1.1510204081632653
row_002466__396eb665a746455abbbb5c773835121d,2466,396eb665a746455abbbb5c773835121d,化州市中垌卫生院,02-001698,化州市中垌卫生院::02-001698,限制性通气功能障碍,1,train,258,263,1.0193798449612403
row_002467__f5915603c252462b9e2dd82af1b45d45,2467,f5915603c252462b9e2dd82af1b45d45,化州市中垌卫生院,02-001698,化州市中垌卫生院::02-001698,限制性通气功能障碍,1,train,251,242,1.037190082644628
row_002468__0781ed52cda9490389eb4db4b141589f,2468,0781ed52cda9490389eb4db4b141589f,佛山市南海区第七人民医院,01-000161,佛山市南海区第七人民医院::01-000161,阻塞性通气功能障碍,3,train,480,513,1.06875
row_002469__beb19bd469e14e77994d94313d4c1f7b,2469,beb19bd469e14e77994d94313d4c1f7b,佛山市南海区第七人民医院,01-000161,佛山市南海区第七人民医院::01-000161,阻塞性通气功能障碍,3,train,483,503,1.041407867494824
row_002470__fac494b3082145f79f99722e299b2dea,2470,fac494b3082145f79f99722e299b2dea,佛山市南海区第七人民医院,01-000161,佛山市南海区第七人民医院::01-000161,阻塞性通气功能障碍,3,train,443,470,1.0609480812641083
row_002471__4aa523fc2acc4d28a38d508e2576a354,2471,4aa523fc2acc4d28a38d508e2576a354,深圳市南山区深圳湾社区健康服务中心,01-000341,深圳市南山区深圳湾社区健康服务中心::01-000341,肺通气功能正常,2,train,304,332,1.0921052631578947
row_002472__30b1c9062c334836972dceefc760eab9,2472,30b1c9062c334836972dceefc760eab9,深圳市南山区深圳湾社区健康服务中心,01-000341,深圳市南山区深圳湾社区健康服务中心::01-000341,肺通气功能正常,2,train,300,304,1.0133333333333334
row_002473__915cc01f813544d78616b591ab44c02f,2473,915cc01f813544d78616b591ab44c02f,深圳市南山区深圳湾社区健康服务中心,01-000341,深圳市南山区深圳湾社区健康服务中心::01-000341,肺通气功能正常,2,train,312,316,1.0128205128205128
row_002474__1df1a559fa944802b3b8e5b3ac87ddb1,2474,1df1a559fa944802b3b8e5b3ac87ddb1,深圳市南山区深圳湾社区健康服务中心,01-000310,深圳市南山区深圳湾社区健康服务中心::01-000310,肺通气功能正常,2,train,315,296,1.0641891891891893
row_002475__63db4566ab1c43bfbf8dcf1fc0947dea,2475,63db4566ab1c43bfbf8dcf1fc0947dea,深圳市南山区深圳湾社区健康服务中心,01-000310,深圳市南山区深圳湾社区健康服务中心::01-000310,肺通气功能正常,2,train,308,304,1.013157894736842
row_002476__2c0479196df345d6938ed7ab47949795,2476,2c0479196df345d6938ed7ab47949795,深圳市南山区深圳湾社区健康服务中心,01-000310,深圳市南山区深圳湾社区健康服务中心::01-000310,肺通气功能正常,2,train,296,320,1.0810810810810811
row_002478__23dabbd9d6954b8bb96965a95a191256,2478,23dabbd9d6954b8bb96965a95a191256,善心体检,01-010817,善心体检::01-010817,肺通气功能正常,2,val,224,239,1.0669642857142858
row_002479__405a72808df64bdbb58dd74a0228439c,2479,405a72808df64bdbb58dd74a0228439c,善心体检,01-010817,善心体检::01-010817,肺通气功能正常,2,val,237,220,1.0772727272727274
row_002480__e9c11e03e9ff4f0b9ab9cad3ea37e219,2480,e9c11e03e9ff4f0b9ab9cad3ea37e219,珠海市高栏港南水镇卫生院,01-000320,珠海市高栏港南水镇卫生院::01-000320,肺通气功能正常,2,train,377,409,1.0848806366047745
row_002481__f4ba126e4a9546628be00afaffe26584,2481,f4ba126e4a9546628be00afaffe26584,珠海市高栏港南水镇卫生院,01-000320,珠海市高栏港南水镇卫生院::01-000320,肺通气功能正常,2,train,391,405,1.0358056265984654
row_002482__015d554377b94bb3945f3917d655675d,2482,015d554377b94bb3945f3917d655675d,珠海市高栏港南水镇卫生院,01-000320,珠海市高栏港南水镇卫生院::01-000320,肺通气功能正常,2,train,379,399,1.0527704485488127
row_002483__7996b61b8c2040098efb693d6b369126,2483,7996b61b8c2040098efb693d6b369126,深圳市坪山区人民医院竹坑老围社区健康服务中心,01-000268,深圳市坪山区人民医院竹坑老围社区健康服务中心::01-000268,肺通气功能正常,2,train,365,341,1.0703812316715542
row_002484__869c0491b08848de811e1457a76bfaa3,2484,869c0491b08848de811e1457a76bfaa3,深圳市坪山区人民医院竹坑老围社区健康服务中心,01-000268,深圳市坪山区人民医院竹坑老围社区健康服务中心::01-000268,肺通气功能正常,2,train,362,332,1.0903614457831325
row_002485__249f774842044848addafc0cc39526a4,2485,249f774842044848addafc0cc39526a4,深圳市坪山区人民医院竹坑老围社区健康服务中心,01-000268,深圳市坪山区人民医院竹坑老围社区健康服务中心::01-000268,肺通气功能正常,2,train,350,306,1.1437908496732025
row_002486__c4968b7e65954bf1b2750442001ed75b,2486,c4968b7e65954bf1b2750442001ed75b,佛山市南海区盐步医院,01-001270,佛山市南海区盐步医院::01-001270,肺通气功能正常,2,train,405,428,1.05679012345679
row_002487__47fd42d3d9fd4aa6a33091cee10e37c8,2487,47fd42d3d9fd4aa6a33091cee10e37c8,佛山市南海区盐步医院,01-001270,佛山市南海区盐步医院::01-001270,肺通气功能正常,2,train,413,428,1.036319612590799
row_002488__c862eeb5479e43f5b59eb978f75116e6,2488,c862eeb5479e43f5b59eb978f75116e6,佛山市南海区盐步医院,01-001270,佛山市南海区盐步医院::01-001270,肺通气功能正常,2,train,410,428,1.0439024390243903
row_002489__24e38ccb87474c50b1e31002dbc70f17,2489,24e38ccb87474c50b1e31002dbc70f17,深圳市南山区白芒社区健康服务中心,01-000190,深圳市南山区白芒社区健康服务中心::01-000190,肺通气功能正常,2,train,280,276,1.0144927536231885
row_002490__7de18af2316c482090ddcf093df6dfcd,2490,7de18af2316c482090ddcf093df6dfcd,深圳市南山区白芒社区健康服务中心,01-000190,深圳市南山区白芒社区健康服务中心::01-000190,肺通气功能正常,2,train,296,296,1.0
row_002491__fde5cef0ee6447f3bc3663344a6effcd,2491,fde5cef0ee6447f3bc3663344a6effcd,深圳市南山区白芒社区健康服务中心,01-000190,深圳市南山区白芒社区健康服务中心::01-000190,肺通气功能正常,2,train,296,312,1.054054054054054
row_002492__84d493c1497e48e7b11468bd162b9864,2492,84d493c1497e48e7b11468bd162b9864,佛山市南海区第七人民医院,01-000460,佛山市南海区第七人民医院::01-000460,肺通气功能正常,2,train,307,285,1.0771929824561404
row_002493__69a81d37024747759ef2546d50c6f3c8,2493,69a81d37024747759ef2546d50c6f3c8,佛山市南海区第七人民医院,01-000460,佛山市南海区第七人民医院::01-000460,肺通气功能正常,2,train,293,283,1.0353356890459364
row_002494__83e864a879834e6d83a8d138056d42a7,2494,83e864a879834e6d83a8d138056d42a7,佛山市南海区第七人民医院,01-000460,佛山市南海区第七人民医院::01-000460,肺通气功能正常,2,train,297,277,1.0722021660649819
row_002495__e709cd90c6d64d85b42a7acf560f44c9,2495,e709cd90c6d64d85b42a7acf560f44c9,深圳市福田区泰源社区健康服务中心,01-000261,深圳市福田区泰源社区健康服务中心::01-000261,肺通气功能正常,2,test,400,386,1.0362694300518134
row_002496__63624476217247e890260cc0109abf89,2496,63624476217247e890260cc0109abf89,深圳市福田区泰源社区健康服务中心,01-000261,深圳市福田区泰源社区健康服务中心::01-000261,肺通气功能正常,2,test,404,378,1.0687830687830688
row_002497__f051244c2b2548aaafbf2cb724b782ce,2497,f051244c2b2548aaafbf2cb724b782ce,深圳市福田区泰源社区健康服务中心,01-000261,深圳市福田区泰源社区健康服务中心::01-000261,肺通气功能正常,2,test,378,378,1.0
row_002501__7eaed16289ed46a198d6eb6b0a765481,2501,7eaed16289ed46a198d6eb6b0a765481,东莞市东城社区卫生服务中心,01-000616,东莞市东城社区卫生服务中心::01-000616,阻塞性通气功能障碍,3,val,380,403,1.0605263157894738
row_002502__9d9d7ed2ec6340b8ba7837f1ef99b62d,2502,9d9d7ed2ec6340b8ba7837f1ef99b62d,东莞市东城社区卫生服务中心,01-000616,东莞市东城社区卫生服务中心::01-000616,阻塞性通气功能障碍,3,val,388,399,1.0283505154639174
row_002503__4f366e136c834f0292476955e580dd79,2503,4f366e136c834f0292476955e580dd79,东莞市东城社区卫生服务中心,01-000616,东莞市东城社区卫生服务中心::01-000616,阻塞性通气功能障碍,3,val,380,398,1.0473684210526315
row_002505__65e044ee308f4686805071cc7f1f45f7,2505,65e044ee308f4686805071cc7f1f45f7,广州市荔湾区逢源街社区卫生服务中心,01-000426,广州市荔湾区逢源街社区卫生服务中心::01-000426,肺通气功能正常,2,val,255,226,1.1283185840707965
row_002507__99d29f2712374d8ca89c07dd11111732,2507,99d29f2712374d8ca89c07dd11111732,广州市荔湾区逢源街社区卫生服务中心,01-000426,广州市荔湾区逢源街社区卫生服务中心::01-000426,肺通气功能正常,2,val,243,263,1.0823045267489713
row_002508__506477dd7f0a40e3a92b5b54bc6cf335,2508,506477dd7f0a40e3a92b5b54bc6cf335,深圳市南山区南光社区健康服务中心,01-000263,深圳市南山区南光社区健康服务中心::01-000263,阻塞性通气功能障碍,3,train,256,312,1.21875
row_002509__47e96cc7b05e4276b1a5db8ef4d056db,2509,47e96cc7b05e4276b1a5db8ef4d056db,深圳市南山区南光社区健康服务中心,01-000263,深圳市南山区南光社区健康服务中心::01-000263,阻塞性通气功能障碍,3,train,308,316,1.025974025974026
row_002510__2acc856cdaf84770825b97ca4ed7606e,2510,2acc856cdaf84770825b97ca4ed7606e,深圳市南山区南光社区健康服务中心,01-000263,深圳市南山区南光社区健康服务中心::01-000263,阻塞性通气功能障碍,3,train,312,336,1.0769230769230769
row_002511__a8723b93188b4d9eb5ea24cd12947edd,2511,a8723b93188b4d9eb5ea24cd12947edd,善心体检,01-009336,善心体检::01-009336,阻塞性通气功能障碍,3,train,373,308,1.2110389610389611
row_002512__a874535376c64165b029bdf55af61a77,2512,a874535376c64165b029bdf55af61a77,善心体检,01-009336,善心体检::01-009336,阻塞性通气功能障碍,3,train,368,390,1.059782608695652
row_002513__9071d4f0fe6c44dcb2982c90b85343e8,2513,9071d4f0fe6c44dcb2982c90b85343e8,善心体检,01-009336,善心体检::01-009336,阻塞性通气功能障碍,3,train,369,394,1.067750677506775
row_002514__5c96bf1961f34881a236cd88d7e638d1,2514,5c96bf1961f34881a236cd88d7e638d1,东莞市茶山镇社区卫生服务中心,01-000307,东莞市茶山镇社区卫生服务中心::01-000307,肺通气功能正常,2,train,291,300,1.0309278350515463
row_002515__a18ed95948394224bfea16cd23e218f4,2515,a18ed95948394224bfea16cd23e218f4,东莞市茶山镇社区卫生服务中心,01-000307,东莞市茶山镇社区卫生服务中心::01-000307,肺通气功能正常,2,train,287,312,1.0871080139372822
row_002516__bf58b9e692914d49bf4996bf6eb6dd64,2516,bf58b9e692914d49bf4996bf6eb6dd64,东莞市茶山镇社区卫生服务中心,01-000307,东莞市茶山镇社区卫生服务中心::01-000307,肺通气功能正常,2,train,292,304,1.0410958904109588
row_002517__d6b0802583074b58b31175def61fbdd1,2517,d6b0802583074b58b31175def61fbdd1,善心体检,01-009853,善心体检::01-009853,肺通气功能正常,2,train,277,294,1.0613718411552346
row_002518__37c85dedd8034ef4af6af3baedbfc43d,2518,37c85dedd8034ef4af6af3baedbfc43d,善心体检,01-009853,善心体检::01-009853,肺通气功能正常,2,train,272,289,1.0625
row_002519__b80888991b884fe0b1262349d43de312,2519,b80888991b884fe0b1262349d43de312,善心体检,01-009853,善心体检::01-009853,肺通气功能正常,2,train,277,294,1.0613718411552346
row_002520__22c4e79f1bd240d288f09ddea14206e5,2520,22c4e79f1bd240d288f09ddea14206e5,马鞍山社区健康服务中心,01-000336,马鞍山社区健康服务中心::01-000336,混合性通气功能障碍,4,train,140,150,1.0714285714285714
row_002521__14924acf893649d1b6da4d658639af80,2521,14924acf893649d1b6da4d658639af80,马鞍山社区健康服务中心,01-000336,马鞍山社区健康服务中心::01-000336,混合性通气功能障碍,4,train,138,149,1.0797101449275361
row_002522__23eaf83fbab64c96af5f567c27ed8278,2522,23eaf83fbab64c96af5f567c27ed8278,马鞍山社区健康服务中心,01-000336,马鞍山社区健康服务中心::01-000336,混合性通气功能障碍,4,train,140,158,1.1285714285714286
row_002523__75aa90c4860b405e97b7b8ffcc822a71,2523,75aa90c4860b405e97b7b8ffcc822a71,善心体检,01-010311,善心体检::01-010311,肺通气功能正常,2,train,387,407,1.0516795865633075
row_002524__72a31c34cf294042b00abd9652501bb5,2524,72a31c34cf294042b00abd9652501bb5,善心体检,01-010311,善心体检::01-010311,肺通气功能正常,2,train,393,405,1.0305343511450382
row_002525__209209b1bd114675ad8a87ed16f51380,2525,209209b1bd114675ad8a87ed16f51380,善心体检,01-010311,善心体检::01-010311,肺通气功能正常,2,train,393,408,1.0381679389312977
row_002526__266b944bd3bd4bb9babae265887cd868,2526,266b944bd3bd4bb9babae265887cd868,佛山市南海区盐步医院,01-001195,佛山市南海区盐步医院::01-001195,阻塞性通气功能障碍,3,train,375,403,1.0746666666666667
row_002527__4bc091816a7b4736901aeab641f8976e,2527,4bc091816a7b4736901aeab641f8976e,佛山市南海区盐步医院,01-001195,佛山市南海区盐步医院::01-001195,阻塞性通气功能障碍,3,train,365,403,1.104109589041096
row_002528__5194e2c7ae00489d817fa6911f53bebc,2528,5194e2c7ae00489d817fa6911f53bebc,佛山市南海区盐步医院,01-001195,佛山市南海区盐步医院::01-001195,阻塞性通气功能障碍,3,train,366,390,1.0655737704918034
row_002529__1344df8bd6ad458aa052a419f1e57e38,2529,1344df8bd6ad458aa052a419f1e57e38,深圳市南山区白芒社区健康服务中心,01-000208,深圳市南山区白芒社区健康服务中心::01-000208,限制性通气功能障碍,1,val,340,356,1.0470588235294118
row_002530__1dc5c175329541899ac320940656cafd,2530,1dc5c175329541899ac320940656cafd,深圳市南山区白芒社区健康服务中心,01-000208,深圳市南山区白芒社区健康服务中心::01-000208,限制性通气功能障碍,1,val,348,368,1.0574712643678161
row_002531__4096611b16564e6fb2a71ef6e43df574,2531,4096611b16564e6fb2a71ef6e43df574,深圳市南山区白芒社区健康服务中心,01-000208,深圳市南山区白芒社区健康服务中心::01-000208,限制性通气功能障碍,1,val,348,348,1.0
row_002532__83c3c9da82ef4f2eaa9fa56ea034d430,2532,83c3c9da82ef4f2eaa9fa56ea034d430,深圳市南山区荔湾社区健康服务中心,01-000201,深圳市南山区荔湾社区健康服务中心::01-000201,肺通气功能正常,2,train,436,432,1.0092592592592593
row_002533__a9d8e3db500f430bbb8326212047c3a3,2533,a9d8e3db500f430bbb8326212047c3a3,深圳市南山区荔湾社区健康服务中心,01-000201,深圳市南山区荔湾社区健康服务中心::01-000201,肺通气功能正常,2,train,419,408,1.0269607843137254
row_002534__552fef5f8e114533a4f8ede6572dcd29,2534,552fef5f8e114533a4f8ede6572dcd29,佛山市南海区第七人民医院,01-000449,佛山市南海区第七人民医院::01-000449,限制性通气功能障碍,1,train,204,209,1.0245098039215685
row_002535__8394bfaedaec48b69ab525954ab6588a,2535,8394bfaedaec48b69ab525954ab6588a,佛山市南海区第七人民医院,01-000449,佛山市南海区第七人民医院::01-000449,限制性通气功能障碍,1,train,205,217,1.0585365853658537
row_002536__9741e1305ed1487cae2eafec5178f0b9,2536,9741e1305ed1487cae2eafec5178f0b9,佛山市南海区第七人民医院,01-000449,佛山市南海区第七人民医院::01-000449,限制性通气功能障碍,1,train,199,214,1.0753768844221105
row_002537__7bd5e745bd3e46e089d925581c85e3db,2537,7bd5e745bd3e46e089d925581c85e3db,佛山市南海区盐步医院,01-000615,佛山市南海区盐步医院::01-000615,限制性通气功能障碍,1,train,348,260,1.3384615384615384
row_002538__cfa2a0a271d34f529107c086bea79f09,2538,cfa2a0a271d34f529107c086bea79f09,佛山市南海区盐步医院,01-000615,佛山市南海区盐步医院::01-000615,限制性通气功能障碍,1,train,330,301,1.0963455149501662
row_002539__ffa28d05e5f34234b589300aa40a97e3,2539,ffa28d05e5f34234b589300aa40a97e3,佛山市南海区盐步医院,01-000615,佛山市南海区盐步医院::01-000615,限制性通气功能障碍,1,train,342,305,1.1213114754098361
row_002540__c8b4d9a43fbc47b093bd74d1853993c7,2540,c8b4d9a43fbc47b093bd74d1853993c7,广州善心体检中心,01-000415,广州善心体检中心::01-000415,肺通气功能正常,2,train,287,292,1.0174216027874565
row_002541__ed6d7a7270b346b9a3ed8e1a2e762800,2541,ed6d7a7270b346b9a3ed8e1a2e762800,广州善心体检中心,01-000415,广州善心体检中心::01-000415,肺通气功能正常,2,train,270,302,1.1185185185185185
row_002542__40dc7bcfc034478da7c315184c0ed745,2542,40dc7bcfc034478da7c315184c0ed745,广州善心体检中心,01-000415,广州善心体检中心::01-000415,肺通气功能正常,2,train,274,279,1.0182481751824817
row_002543__0271b8e983b446fb87efc755760914d8,2543,0271b8e983b446fb87efc755760914d8,善心体检,01-010474,善心体检::01-010474,限制性通气功能障碍,1,train,255,272,1.0666666666666667
row_002544__63285f24ce5c4afcab693f77c5986c4b,2544,63285f24ce5c4afcab693f77c5986c4b,善心体检,01-010474,善心体检::01-010474,限制性通气功能障碍,1,train,252,267,1.0595238095238095
row_002545__ee20c331f6a34741aac0b96b1a2c2892,2545,ee20c331f6a34741aac0b96b1a2c2892,善心体检,01-010474,善心体检::01-010474,限制性通气功能障碍,1,train,257,259,1.0077821011673151
row_002546__4ff2b6e3561840058ed9e9f670777b17,2546,4ff2b6e3561840058ed9e9f670777b17,佛山市南海区盐步医院,01-000551,佛山市南海区盐步医院::01-000551,肺通气功能正常,2,train,343,363,1.0583090379008746
row_002547__f24a3dd9389049f5ba98fbf558010f0c,2547,f24a3dd9389049f5ba98fbf558010f0c,佛山市南海区盐步医院,01-000551,佛山市南海区盐步医院::01-000551,肺通气功能正常,2,train,348,368,1.0574712643678161
row_002548__10cc52952e284303b494277f220938b6,2548,10cc52952e284303b494277f220938b6,佛山市南海区盐步医院,01-000551,佛山市南海区盐步医院::01-000551,肺通气功能正常,2,train,348,358,1.028735632183908
row_002550__a43e25ff051f4b888d9fefec5718f89a,2550,a43e25ff051f4b888d9fefec5718f89a,惠城区河南岸社区卫生服务中心,01-000043,惠城区河南岸社区卫生服务中心::01-000043,肺通气功能正常,2,train,327,327,1.0
row_002551__0b96d8d87de84ff18147f7ca700476aa,2551,0b96d8d87de84ff18147f7ca700476aa,惠城区河南岸社区卫生服务中心,01-000043,惠城区河南岸社区卫生服务中心::01-000043,肺通气功能正常,2,train,249,329,1.321285140562249
row_002552__d86d5351a83c4a9d8d0e35764becda54,2552,d86d5351a83c4a9d8d0e35764becda54,善心体检,01-008637,善心体检::01-008637,肺通气功能正常,2,test,262,255,1.0274509803921568
row_002553__fe994b29662c4d5f9adda8697f30a725,2553,fe994b29662c4d5f9adda8697f30a725,善心体检,01-008637,善心体检::01-008637,肺通气功能正常,2,test,255,277,1.0862745098039215
row_002554__cfd720b9dd94476bbb6c1a711f136842,2554,cfd720b9dd94476bbb6c1a711f136842,善心体检,01-008637,善心体检::01-008637,肺通气功能正常,2,test,270,277,1.025925925925926
row_002555__719a51170fac45c7b647a5af63205199,2555,719a51170fac45c7b647a5af63205199,善心体检,01-008672,善心体检::01-008672,肺通气功能正常,2,train,307,329,1.0716612377850163
row_002556__d7e008f3e8ef4ae3babe3c23b48e93c9,2556,d7e008f3e8ef4ae3babe3c23b48e93c9,善心体检,01-008672,善心体检::01-008672,肺通气功能正常,2,train,316,312,1.0128205128205128
row_002557__51f6e8c0b58c49aa9d3b62464d8c10ae,2557,51f6e8c0b58c49aa9d3b62464d8c10ae,善心体检,01-008672,善心体检::01-008672,肺通气功能正常,2,train,310,295,1.0508474576271187
row_002558__aba597865184470bb3af85d63d7685d1,2558,aba597865184470bb3af85d63d7685d1,沙头社区健康服务中心,01-000523,沙头社区健康服务中心::01-000523,阻塞性通气功能障碍,3,train,307,339,1.1042345276872965
row_002559__34c7e68fbfa64454bb9a598bee671ab4,2559,34c7e68fbfa64454bb9a598bee671ab4,沙头社区健康服务中心,01-000523,沙头社区健康服务中心::01-000523,阻塞性通气功能障碍,3,train,322,367,1.139751552795031
row_002560__641ca0d4d71248a59caf29eff89699b7,2560,641ca0d4d71248a59caf29eff89699b7,沙头社区健康服务中心,01-000523,沙头社区健康服务中心::01-000523,阻塞性通气功能障碍,3,train,332,344,1.036144578313253
row_002561__af31b0e5d50147498a447e8341038522,2561,af31b0e5d50147498a447e8341038522,深圳市南山区南油社区健康服务中心,01-000177,深圳市南山区南油社区健康服务中心::01-000177,肺通气功能正常,2,train,320,304,1.0526315789473684
row_002562__f7d288d243594293851ebfead05757f8,2562,f7d288d243594293851ebfead05757f8,深圳市南山区南油社区健康服务中心,01-000177,深圳市南山区南油社区健康服务中心::01-000177,肺通气功能正常,2,train,300,328,1.0933333333333333
row_002563__5622858fc7244848a15b4378ca2a03cc,2563,5622858fc7244848a15b4378ca2a03cc,深圳市南山区南油社区健康服务中心,01-000177,深圳市南山区南油社区健康服务中心::01-000177,肺通气功能正常,2,train,300,304,1.0133333333333334
row_002564__591a3bd0d0c54f0c86a46dd2e70c3d9f,2564,591a3bd0d0c54f0c86a46dd2e70c3d9f,肇庆市德庆县人民医院,01-000388,肇庆市德庆县人民医院::01-000388,肺通气功能正常,2,train,400,425,1.0625
row_002565__8906c8fc4da34d40a84459ce6b43375e,2565,8906c8fc4da34d40a84459ce6b43375e,肇庆市德庆县人民医院,01-000388,肇庆市德庆县人民医院::01-000388,肺通气功能正常,2,train,408,420,1.0294117647058822
row_002566__8c00c05354cb4950ab6573bea44e4c60,2566,8c00c05354cb4950ab6573bea44e4c60,肇庆市德庆县人民医院,01-000388,肇庆市德庆县人民医院::01-000388,肺通气功能正常,2,train,391,395,1.010230179028133
row_002567__929c163d57df446693299715a2c7eb35,2567,929c163d57df446693299715a2c7eb35,深圳市南山区南园社区健康服务中心,01-000277,深圳市南山区南园社区健康服务中心::01-000277,肺通气功能正常,2,train,308,320,1.0389610389610389
row_002568__5d7470332a86412a8a75b5c17da100cd,2568,5d7470332a86412a8a75b5c17da100cd,深圳市南山区南园社区健康服务中心,01-000277,深圳市南山区南园社区健康服务中心::01-000277,肺通气功能正常,2,train,316,312,1.0128205128205128
row_002569__0d09073170134d6caebbbb51e7ce857b,2569,0d09073170134d6caebbbb51e7ce857b,深圳市南山区南园社区健康服务中心,01-000277,深圳市南山区南园社区健康服务中心::01-000277,肺通气功能正常,2,train,315,292,1.0787671232876712
row_002570__cf20cb84e94e42dc8dc9f3da8f6f4279,2570,cf20cb84e94e42dc8dc9f3da8f6f4279,善心体检,01-010924,善心体检::01-010924,限制性通气功能障碍,1,train,230,248,1.0782608695652174
row_002571__a17954447aa44423b42a7ec1eba544b1,2571,a17954447aa44423b42a7ec1eba544b1,善心体检,01-010924,善心体检::01-010924,限制性通气功能障碍,1,train,235,253,1.0765957446808512
row_002572__2b64d7370da94eeb98c090debe10a982,2572,2b64d7370da94eeb98c090debe10a982,善心体检,01-010924,善心体检::01-010924,限制性通气功能障碍,1,train,224,244,1.0892857142857142
row_002573__2130285b092e4f1ea0bea53e93c195b9,2573,2130285b092e4f1ea0bea53e93c195b9,深圳市南山区松坪山社区健康服务中心,01-000218,深圳市南山区松坪山社区健康服务中心::01-000218,肺通气功能正常,2,train,455,384,1.1848958333333333
row_002574__aaa3d3be0fd14bfda740306ff3ff3ed6,2574,aaa3d3be0fd14bfda740306ff3ff3ed6,深圳市南山区松坪山社区健康服务中心,01-000218,深圳市南山区松坪山社区健康服务中心::01-000218,肺通气功能正常,2,train,432,448,1.037037037037037
row_002575__e7c182ba2e974bd4ab8b09d54c56f62e,2575,e7c182ba2e974bd4ab8b09d54c56f62e,深圳市南山区松坪山社区健康服务中心,01-000218,深圳市南山区松坪山社区健康服务中心::01-000218,肺通气功能正常,2,train,455,436,1.0435779816513762
row_002576__ff324a9ed6bd48d58012270a7d342bdc,2576,ff324a9ed6bd48d58012270a7d342bdc,广州市越秀区珠光街社区卫生服务中心,01-000324,广州市越秀区珠光街社区卫生服务中心::01-000324,混合性通气功能障碍,4,val,125,123,1.016260162601626
row_002577__624b35a5ec46423a816b8cfca14dc592,2577,624b35a5ec46423a816b8cfca14dc592,广州市越秀区珠光街社区卫生服务中心,01-000324,广州市越秀区珠光街社区卫生服务中心::01-000324,混合性通气功能障碍,4,val,155,172,1.1096774193548387
row_002578__91aec22e11b14749a1a3bd69616a7658,2578,91aec22e11b14749a1a3bd69616a7658,广州市越秀区珠光街社区卫生服务中心,01-000324,广州市越秀区珠光街社区卫生服务中心::01-000324,混合性通气功能障碍,4,val,157,172,1.0955414012738853
row_002579__a5a9348440174e0782ea77cd50d361b6,2579,a5a9348440174e0782ea77cd50d361b6,深圳市南山区湾厦社区健康服务中心,01-000279,深圳市南山区湾厦社区健康服务中心::01-000279,肺通气功能正常,2,train,296,304,1.027027027027027
row_002580__85af53c4ef424f5e8e640976290ac0ef,2580,85af53c4ef424f5e8e640976290ac0ef,深圳市南山区湾厦社区健康服务中心,01-000279,深圳市南山区湾厦社区健康服务中心::01-000279,肺通气功能正常,2,train,300,304,1.0133333333333334
row_002581__362162a553114a2f93ebfed7419baff8,2581,362162a553114a2f93ebfed7419baff8,深圳市南山区湾厦社区健康服务中心,01-000279,深圳市南山区湾厦社区健康服务中心::01-000279,肺通气功能正常,2,train,292,308,1.0547945205479452
row_002582__ef6fb25a5de147429257660bcbbd5e38,2582,ef6fb25a5de147429257660bcbbd5e38,深圳市南山区南山社区健康服务中心,01-000280,深圳市南山区南山社区健康服务中心::01-000280,混合性通气功能障碍,4,train,224,180,1.2444444444444445
row_002585__50684d3cdca34d168e7982b8dc3b7817,2585,50684d3cdca34d168e7982b8dc3b7817,善心体检,01-010100,善心体检::01-010100,肺通气功能正常,2,train,222,215,1.0325581395348837
row_002586__0afb87acdd214d61a24b2eaca0922903,2586,0afb87acdd214d61a24b2eaca0922903,善心体检,01-010100,善心体检::01-010100,肺通气功能正常,2,train,217,237,1.0921658986175116
row_002587__a4da1083fb5140b49b86862aba868f69,2587,a4da1083fb5140b49b86862aba868f69,善心体检,01-010100,善心体检::01-010100,肺通气功能正常,2,train,222,254,1.1441441441441442
row_002590__ded499184c0447dbbf04f986ccd6c611,2590,ded499184c0447dbbf04f986ccd6c611,深圳市南山区医疗集团总部海珠社区健康服务中心,01-000077,深圳市南山区医疗集团总部海珠社区健康服务中心::01-000077,肺通气功能正常,2,test,281,216,1.3009259259259258
row_002591__67fcf2a2c4334f2fb08a56dd74d2f1d0,2591,67fcf2a2c4334f2fb08a56dd74d2f1d0,遂溪县遂城镇卫生院,01-000070,遂溪县遂城镇卫生院::01-000070,阻塞性通气功能障碍,3,train,304,238,1.2773109243697478
row_002592__3766de6ad9aa496088e090f4fe8640b4,2592,3766de6ad9aa496088e090f4fe8640b4,遂溪县遂城镇卫生院,01-000070,遂溪县遂城镇卫生院::01-000070,阻塞性通气功能障碍,3,train,280,293,1.0464285714285715
row_002593__1f750d76155541d0a7cd520086fa0299,2593,1f750d76155541d0a7cd520086fa0299,遂溪县遂城镇卫生院,01-000070,遂溪县遂城镇卫生院::01-000070,阻塞性通气功能障碍,3,train,297,285,1.0421052631578946
row_002594__4b212a35f50a4e6ab089ba8ae5c3b801,2594,4b212a35f50a4e6ab089ba8ae5c3b801,深圳市南山区白芒社区健康服务中心,01-000252,深圳市南山区白芒社区健康服务中心::01-000252,肺通气功能正常,2,train,340,360,1.0588235294117647
row_002595__2077c9fb468e44a0b7cc5010c8be9cf8,2595,2077c9fb468e44a0b7cc5010c8be9cf8,深圳市南山区白芒社区健康服务中心,01-000252,深圳市南山区白芒社区健康服务中心::01-000252,肺通气功能正常,2,train,340,340,1.0
row_002596__e7c575e5854e4695b4125764530b683d,2596,e7c575e5854e4695b4125764530b683d,深圳市南山区白芒社区健康服务中心,01-000252,深圳市南山区白芒社区健康服务中心::01-000252,肺通气功能正常,2,train,324,344,1.0617283950617284
row_002597__a07adec655804cec80a976b39d423802,2597,a07adec655804cec80a976b39d423802,深圳市南山区南光社区健康服务中心,01-000274,深圳市南山区南光社区健康服务中心::01-000274,肺通气功能正常,2,train,300,308,1.0266666666666666
row_002598__fea60c80d17d4cf596ba239f0fe42427,2598,fea60c80d17d4cf596ba239f0fe42427,深圳市南山区南光社区健康服务中心,01-000274,深圳市南山区南光社区健康服务中心::01-000274,肺通气功能正常,2,train,288,308,1.0694444444444444
row_002599__2e64d988b1b54243a8bf4f433e6d8646,2599,2e64d988b1b54243a8bf4f433e6d8646,深圳市南山区南光社区健康服务中心,01-000274,深圳市南山区南光社区健康服务中心::01-000274,肺通气功能正常,2,train,280,312,1.1142857142857143
row_002600__38e3a02950ff4807b5dfa9dc61d9303b,2600,38e3a02950ff4807b5dfa9dc61d9303b,深圳市南山区花果山东社区健康服务中心,01-000251,深圳市南山区花果山东社区健康服务中心::01-000251,肺通气功能正常,2,train,375,364,1.0302197802197801
row_002601__23d3cdd9dfa142e3baf421bd28bdbcad,2601,23d3cdd9dfa142e3baf421bd28bdbcad,深圳市南山区花果山东社区健康服务中心,01-000251,深圳市南山区花果山东社区健康服务中心::01-000251,肺通气功能正常,2,train,395,360,1.0972222222222223
row_002602__fa00ba22889b495faeaeadffb46636d9,2602,fa00ba22889b495faeaeadffb46636d9,深圳市南山区花果山东社区健康服务中心,01-000251,深圳市南山区花果山东社区健康服务中心::01-000251,肺通气功能正常,2,train,383,368,1.0407608695652173
row_002603__147c3c8e5b774dff94898f4df7bb77ea,2603,147c3c8e5b774dff94898f4df7bb77ea,深圳市南山区医疗集团总部海珠社区健康服务中心,01-000065,深圳市南山区医疗集团总部海珠社区健康服务中心::01-000065,肺通气功能正常,2,train,240,272,1.1333333333333333
row_002604__a9fb8f4b03404399ad2a403b7af7d0e6,2604,a9fb8f4b03404399ad2a403b7af7d0e6,深圳市南山区医疗集团总部海珠社区健康服务中心,01-000065,深圳市南山区医疗集团总部海珠社区健康服务中心::01-000065,肺通气功能正常,2,train,276,280,1.0144927536231885
row_002605__f1f491f93e9b46acac70290e6d9f4d7b,2605,f1f491f93e9b46acac70290e6d9f4d7b,深圳市南山区医疗集团总部海珠社区健康服务中心,01-000065,深圳市南山区医疗集团总部海珠社区健康服务中心::01-000065,肺通气功能正常,2,train,264,280,1.0606060606060606
row_002606__54b1afc81d6c45049241415c106fc6c1,2606,54b1afc81d6c45049241415c106fc6c1,善心体检,01-010501,善心体检::01-010501,肺通气功能正常,2,train,333,358,1.075075075075075
row_002607__52fc6b68cdde469b840793d2103fb97f,2607,52fc6b68cdde469b840793d2103fb97f,善心体检,01-010501,善心体检::01-010501,肺通气功能正常,2,train,350,355,1.0142857142857142
row_002608__f388d70ebc9e4dc98d45c66c4b41b703,2608,f388d70ebc9e4dc98d45c66c4b41b703,善心体检,01-010501,善心体检::01-010501,肺通气功能正常,2,train,341,360,1.0557184750733137
row_002610__cc61d287f80f413b89184bbd432eccdf,2610,cc61d287f80f413b89184bbd432eccdf,深圳市南山区龙坤社区健康服务中心,01-000247,深圳市南山区龙坤社区健康服务中心::01-000247,肺通气功能正常,2,train,459,388,1.1829896907216495
row_002611__2a6ff3eb5420416ebc47214be6b89192,2611,2a6ff3eb5420416ebc47214be6b89192,深圳市南山区龙坤社区健康服务中心,01-000247,深圳市南山区龙坤社区健康服务中心::01-000247,肺通气功能正常,2,train,451,388,1.1623711340206186
row_002612__5f484d51baa74b97b2fa2fbbe9c0a763,2612,5f484d51baa74b97b2fa2fbbe9c0a763,善心体检,01-010907,善心体检::01-010907,肺通气功能正常,2,train,247,264,1.0688259109311742
row_002613__10a02029a850479bb4b56e2140c49d16,2613,10a02029a850479bb4b56e2140c49d16,善心体检,01-010907,善心体检::01-010907,肺通气功能正常,2,train,257,262,1.0194552529182879
row_002614__6e5228f3ae19433e9f3e5c5d2a55054b,2614,6e5228f3ae19433e9f3e5c5d2a55054b,善心体检,01-010907,善心体检::01-010907,肺通气功能正常,2,train,263,260,1.0115384615384615
row_002615__c720a8d0cec74e7e94a203333d016b3d,2615,c720a8d0cec74e7e94a203333d016b3d,开平市仓城镇中心卫生院,01-000525,开平市仓城镇中心卫生院::01-000525,混合性通气功能障碍,4,train,234,249,1.064102564102564
row_002616__b306de3bad5d426bb2f94cf25074e8ea,2616,b306de3bad5d426bb2f94cf25074e8ea,开平市仓城镇中心卫生院,01-000525,开平市仓城镇中心卫生院::01-000525,混合性通气功能障碍,4,train,229,239,1.0436681222707425
row_002617__e654165247784d43909be970b55ed4ad,2617,e654165247784d43909be970b55ed4ad,开平市仓城镇中心卫生院,01-000525,开平市仓城镇中心卫生院::01-000525,混合性通气功能障碍,4,train,237,239,1.0084388185654007
row_002618__1ef8c58707024d4cb6de989d43429aeb,2618,1ef8c58707024d4cb6de989d43429aeb,深圳市南山区白芒社区健康服务中心,01-000241,深圳市南山区白芒社区健康服务中心::01-000241,限制性通气功能障碍,1,train,196,224,1.1428571428571428
row_002619__21d8be5e4aa740738e7218c579f27bb0,2619,21d8be5e4aa740738e7218c579f27bb0,深圳市南山区白芒社区健康服务中心,01-000241,深圳市南山区白芒社区健康服务中心::01-000241,限制性通气功能障碍,1,train,207,172,1.2034883720930232
row_002620__051163a2be51420db2d1a53374043d87,2620,051163a2be51420db2d1a53374043d87,深圳市南山区白芒社区健康服务中心,01-000241,深圳市南山区白芒社区健康服务中心::01-000241,限制性通气功能障碍,1,train,208,216,1.0384615384615385
row_002621__a2d10cca41a24f7ea7baccdfb79b8cfe,2621,a2d10cca41a24f7ea7baccdfb79b8cfe,沙头社区健康服务中心,01-000533,沙头社区健康服务中心::01-000533,肺通气功能正常,2,train,280,297,1.0607142857142857
row_002622__bea2dff415ed42be825b74971606de9d,2622,bea2dff415ed42be825b74971606de9d,沙头社区健康服务中心,01-000533,沙头社区健康服务中心::01-000533,肺通气功能正常,2,train,294,253,1.1620553359683794
row_002623__65ca407bebc1404a89f746f8c1f007ac,2623,65ca407bebc1404a89f746f8c1f007ac,沙头社区健康服务中心,01-000533,沙头社区健康服务中心::01-000533,肺通气功能正常,2,train,290,220,1.3181818181818181
row_002624__af67433c4c604f4688d6f46a90ade190,2624,af67433c4c604f4688d6f46a90ade190,佛山市南海区盐步医院,01-001173,佛山市南海区盐步医院::01-001173,阻塞性通气功能障碍,3,train,400,436,1.09
row_002625__0c00e7274bf9478c87d28d13eed64618,2625,0c00e7274bf9478c87d28d13eed64618,佛山市南海区盐步医院,01-001173,佛山市南海区盐步医院::01-001173,阻塞性通气功能障碍,3,train,408,425,1.0416666666666667
row_002626__bda4a26cc2704a06ad3741a7dad4ae25,2626,bda4a26cc2704a06ad3741a7dad4ae25,佛山市南海区盐步医院,01-001173,佛山市南海区盐步医院::01-001173,阻塞性通气功能障碍,3,train,400,438,1.095
row_002627__434d3d1bc9334495982580180327022a,2627,434d3d1bc9334495982580180327022a,汕头市第三人民医院,01-000529,汕头市第三人民医院::01-000529,混合性通气功能障碍,4,train,205,213,1.0390243902439025
row_002628__ea6c0b4dce934d71b3e845920edca2bc,2628,ea6c0b4dce934d71b3e845920edca2bc,汕头市第三人民医院,01-000529,汕头市第三人民医院::01-000529,混合性通气功能障碍,4,train,200,203,1.015
row_002629__09bc4e61fddf4973b5766d544d870437,2629,09bc4e61fddf4973b5766d544d870437,汕头市第三人民医院,01-000529,汕头市第三人民医院::01-000529,混合性通气功能障碍,4,train,195,227,1.1641025641025642
row_002630__35e045f16deb47e5b5df674d110b9c51,2630,35e045f16deb47e5b5df674d110b9c51,深圳市南山区荔湾社区健康服务中心,01-000222,深圳市南山区荔湾社区健康服务中心::01-000222,肺通气功能正常,2,train,275,295,1.0727272727272728
row_002631__1413a16dfcbd4896aaff4998c08760d2,2631,1413a16dfcbd4896aaff4998c08760d2,深圳市南山区荔湾社区健康服务中心,01-000222,深圳市南山区荔湾社区健康服务中心::01-000222,肺通气功能正常,2,train,263,248,1.060483870967742
row_002632__6a5b1ea36c174b51b07cdec05ca3e45a,2632,6a5b1ea36c174b51b07cdec05ca3e45a,深圳市南山区荔湾社区健康服务中心,01-000222,深圳市南山区荔湾社区健康服务中心::01-000222,肺通气功能正常,2,train,304,304,1.0
row_002634__93dc5d8ced374a8bb6fc33d441178c01,2634,93dc5d8ced374a8bb6fc33d441178c01,深圳市南山区龙海家园社区健康服务中心,01-000269,深圳市南山区龙海家园社区健康服务中心::01-000269,混合性通气功能障碍,4,val,336,376,1.119047619047619
row_002635__9ad83b2ef63240bbb89afd73cc61dcb2,2635,9ad83b2ef63240bbb89afd73cc61dcb2,深圳市南山区龙海家园社区健康服务中心,01-000269,深圳市南山区龙海家园社区健康服务中心::01-000269,混合性通气功能障碍,4,val,276,272,1.0147058823529411
row_002636__4f213ad71fe1404faa469bdd7ec14501,2636,4f213ad71fe1404faa469bdd7ec14501,善心体检,01-008767,善心体检::01-008767,肺通气功能正常,2,train,239,274,1.1464435146443515
row_002637__0057c5d76a5946cb8df9f7111f976082,2637,0057c5d76a5946cb8df9f7111f976082,善心体检,01-008767,善心体检::01-008767,肺通气功能正常,2,train,258,238,1.084033613445378
row_002638__300d5ec2a0224b01b8c36779a67bc57c,2638,300d5ec2a0224b01b8c36779a67bc57c,善心体检,01-008767,善心体检::01-008767,肺通气功能正常,2,train,257,264,1.027237354085603
row_002639__0192fdea9365452db6be08aeff67141c,2639,0192fdea9365452db6be08aeff67141c,深圳市南山区新围社区健康服务中心,01-000187,深圳市南山区新围社区健康服务中心::01-000187,肺通气功能正常,2,val,364,424,1.164835164835165
row_002640__15e6e7eda6d64c29af6d6ca97b55e173,2640,15e6e7eda6d64c29af6d6ca97b55e173,深圳市南山区新围社区健康服务中心,01-000187,深圳市南山区新围社区健康服务中心::01-000187,肺通气功能正常,2,val,376,404,1.074468085106383
row_002641__0ad0b05bbdd34d928acbf404009a1949,2641,0ad0b05bbdd34d928acbf404009a1949,深圳市南山区新围社区健康服务中心,01-000187,深圳市南山区新围社区健康服务中心::01-000187,肺通气功能正常,2,val,360,416,1.1555555555555554
row_002642__743156e6837a4f6cb4eff9fe2e93c2c5,2642,743156e6837a4f6cb4eff9fe2e93c2c5,广州善心体检中心,01-000636,广州善心体检中心::01-000636,肺通气功能正常,2,train,293,283,1.0353356890459364
row_002643__dc4703c1b92149e4a24b932606207706,2643,dc4703c1b92149e4a24b932606207706,广州善心体检中心,01-000636,广州善心体检中心::01-000636,肺通气功能正常,2,train,310,246,1.2601626016260163
row_002645__839fa4c10f9f48a9a6833379a0fa3613,2645,839fa4c10f9f48a9a6833379a0fa3613,深圳市南山区白芒社区健康服务中心,01-000218,深圳市南山区白芒社区健康服务中心::01-000218,阻塞性通气功能障碍,3,test,276,328,1.1884057971014492
row_002646__474478c2a368474db104dd5a62003155,2646,474478c2a368474db104dd5a62003155,深圳市南山区白芒社区健康服务中心,01-000218,深圳市南山区白芒社区健康服务中心::01-000218,阻塞性通气功能障碍,3,test,248,300,1.2096774193548387
row_002647__59e6c503bf274b0c9d0850c80acf6bc5,2647,59e6c503bf274b0c9d0850c80acf6bc5,深圳市南山区白芒社区健康服务中心,01-000218,深圳市南山区白芒社区健康服务中心::01-000218,阻塞性通气功能障碍,3,test,264,312,1.1818181818181819
row_002648__34e24a6ae5e044f7a31665634890344a,2648,34e24a6ae5e044f7a31665634890344a,佛山市南海区盐步医院,01-000970,佛山市南海区盐步医院::01-000970,肺通气功能正常,2,train,353,378,1.0708215297450425
row_002649__3ff780f655064a769fb063440ecc6523,2649,3ff780f655064a769fb063440ecc6523,佛山市南海区盐步医院,01-000970,佛山市南海区盐步医院::01-000970,肺通气功能正常,2,train,358,365,1.0195530726256983
row_002650__3dd0e0de52124abda2439163f10fce56,2650,3dd0e0de52124abda2439163f10fce56,佛山市南海区盐步医院,01-000970,佛山市南海区盐步医院::01-000970,肺通气功能正常,2,train,353,370,1.048158640226629
row_002651__05607aaf8c0c4cd6a8d27631f2ea268e,2651,05607aaf8c0c4cd6a8d27631f2ea268e,深圳市南山区深圳湾社区健康服务中心,01-000291,深圳市南山区深圳湾社区健康服务中心::01-000291,肺通气功能正常,2,val,240,256,1.0666666666666667
row_002652__1b1cc4bbd1cf4ab38c22fff8b2fac82f,2652,1b1cc4bbd1cf4ab38c22fff8b2fac82f,深圳市南山区深圳湾社区健康服务中心,01-000291,深圳市南山区深圳湾社区健康服务中心::01-000291,肺通气功能正常,2,val,240,260,1.0833333333333333
row_002653__d8fa7e76b9164e2289c37f4f18613c2d,2653,d8fa7e76b9164e2289c37f4f18613c2d,深圳市南山区深圳湾社区健康服务中心,01-000291,深圳市南山区深圳湾社区健康服务中心::01-000291,肺通气功能正常,2,val,228,224,1.0178571428571428
row_002654__165bda960de14641b55bbbecedbebf69,2654,165bda960de14641b55bbbecedbebf69,佛山市南海区盐步医院,01-000522,佛山市南海区盐步医院::01-000522,阻塞性通气功能障碍,3,train,208,170,1.223529411764706
row_002655__04eec67c0f9f48498648429f124d26dc,2655,04eec67c0f9f48498648429f124d26dc,佛山市南海区盐步医院,01-000522,佛山市南海区盐步医院::01-000522,阻塞性通气功能障碍,3,train,215,203,1.0591133004926108
row_002656__a573edd98b14403680da80ccfd1b514e,2656,a573edd98b14403680da80ccfd1b514e,佛山市南海区盐步医院,01-000522,佛山市南海区盐步医院::01-000522,阻塞性通气功能障碍,3,train,208,231,1.1105769230769231
row_002657__63ec8594577b425996e3377f4755d714,2657,63ec8594577b425996e3377f4755d714,深圳市南山区龙辉社区健康服务中心,01-000164,深圳市南山区龙辉社区健康服务中心::01-000164,肺通气功能正常,2,test,344,356,1.0348837209302326
row_002658__a51f7ba4af6f4d19b6c71672cc2d475b,2658,a51f7ba4af6f4d19b6c71672cc2d475b,深圳市南山区龙辉社区健康服务中心,01-000164,深圳市南山区龙辉社区健康服务中心::01-000164,肺通气功能正常,2,test,344,352,1.0232558139534884
row_002659__2de31c55bd0844ac930d1d406b5ca4ed,2659,2de31c55bd0844ac930d1d406b5ca4ed,深圳市南山区龙辉社区健康服务中心,01-000164,深圳市南山区龙辉社区健康服务中心::01-000164,肺通气功能正常,2,test,300,360,1.2
row_002660__0ae1fcb2ff0f49bf825e3dc25e74b22a,2660,0ae1fcb2ff0f49bf825e3dc25e74b22a,广州市白云区同德街社区卫生服务中心,01-000205,广州市白云区同德街社区卫生服务中心::01-000205,阻塞性通气功能障碍,3,train,308,323,1.0487012987012987
row_002661__6c7b9aaf4fa944e8a3eb832a537fb0ab,2661,6c7b9aaf4fa944e8a3eb832a537fb0ab,广州市白云区同德街社区卫生服务中心,01-000205,广州市白云区同德街社区卫生服务中心::01-000205,阻塞性通气功能障碍,3,train,307,317,1.0325732899022801
row_002662__a2700f299de64e65963fee2a9ba96d12,2662,a2700f299de64e65963fee2a9ba96d12,广州市白云区同德街社区卫生服务中心,01-000205,广州市白云区同德街社区卫生服务中心::01-000205,阻塞性通气功能障碍,3,train,297,312,1.0505050505050506
row_002663__0e03100bb8c943edacf890669e8238c5,2663,0e03100bb8c943edacf890669e8238c5,善心体检,01-010150,善心体检::01-010150,阻塞性通气功能障碍,3,train,352,359,1.0198863636363635
row_002664__974ba274ef8a44b28912f226598662cd,2664,974ba274ef8a44b28912f226598662cd,善心体检,01-010150,善心体检::01-010150,阻塞性通气功能障碍,3,train,340,352,1.035294117647059
row_002665__c59e1e2380024c8abc18cffeb1fb5a0d,2665,c59e1e2380024c8abc18cffeb1fb5a0d,善心体检,01-010150,善心体检::01-010150,阻塞性通气功能障碍,3,train,332,369,1.1114457831325302
row_002666__d0a69fc478cc4d17b3d2a11ad2b43c28,2666,d0a69fc478cc4d17b3d2a11ad2b43c28,东莞市南城社区卫生服务中心,01-000797,东莞市南城社区卫生服务中心::01-000797,肺通气功能正常,2,train,460,403,1.1414392059553349
row_002667__6f9b0e3271f34d28926a729efbf20c35,2667,6f9b0e3271f34d28926a729efbf20c35,东莞市南城社区卫生服务中心,01-000797,东莞市南城社区卫生服务中心::01-000797,肺通气功能正常,2,train,470,396,1.1868686868686869
row_002668__fe08d2c650cf492b84c8e6b1064fcf22,2668,fe08d2c650cf492b84c8e6b1064fcf22,东莞市南城社区卫生服务中心,01-000797,东莞市南城社区卫生服务中心::01-000797,肺通气功能正常,2,train,450,391,1.1508951406649617
row_002669__ad9b1461df0143e8b746c8652355c94e,2669,ad9b1461df0143e8b746c8652355c94e,衙边社区健康服务中心,01-000512,衙边社区健康服务中心::01-000512,肺通气功能正常,2,train,385,403,1.0467532467532468
row_002670__b6e89b6e43514b67af3e0e9eeaf321a6,2670,b6e89b6e43514b67af3e0e9eeaf321a6,衙边社区健康服务中心,01-000512,衙边社区健康服务中心::01-000512,肺通气功能正常,2,train,413,410,1.0073170731707317
row_002671__55b900991fd24375abed7f7739f20ea2,2671,55b900991fd24375abed7f7739f20ea2,衙边社区健康服务中心,01-000512,衙边社区健康服务中心::01-000512,肺通气功能正常,2,train,422,415,1.0168674698795181
row_002672__76e28f7068994b5e8e4e7c61732531d2,2672,76e28f7068994b5e8e4e7c61732531d2,东莞市长安镇社区卫生服务中心,01-000880,东莞市长安镇社区卫生服务中心::01-000880,阻塞性通气功能障碍,3,train,350,357,1.02
row_002673__b03f99c160a54c9a81a0613d77c2ffec,2673,b03f99c160a54c9a81a0613d77c2ffec,东莞市长安镇社区卫生服务中心,01-000880,东莞市长安镇社区卫生服务中心::01-000880,阻塞性通气功能障碍,3,train,358,355,1.008450704225352
row_002674__8bf3ecffce484ee5a3861238d3033a9d,2674,8bf3ecffce484ee5a3861238d3033a9d,东莞市长安镇社区卫生服务中心,01-000880,东莞市长安镇社区卫生服务中心::01-000880,阻塞性通气功能障碍,3,train,360,351,1.0256410256410255
row_002675__1184211bed0947c59cd8f945eeddc9c0,2675,1184211bed0947c59cd8f945eeddc9c0,中山市东区街道社区卫生服务中心,01-000179,中山市东区街道社区卫生服务中心::01-000179,肺通气功能正常,2,train,289,299,1.0346020761245676
row_002676__9f3bc9001ac9452cb5d9745989d940af,2676,9f3bc9001ac9452cb5d9745989d940af,中山市东区街道社区卫生服务中心,01-000179,中山市东区街道社区卫生服务中心::01-000179,肺通气功能正常,2,train,288,300,1.0416666666666667
row_002677__e196ca01b3ad423d9e048798bf46d3a3,2677,e196ca01b3ad423d9e048798bf46d3a3,中山市东区街道社区卫生服务中心,01-000179,中山市东区街道社区卫生服务中心::01-000179,肺通气功能正常,2,train,273,288,1.054945054945055
row_002678__97d1883db32c4f999bc3bf4e0569a1c0,2678,97d1883db32c4f999bc3bf4e0569a1c0,善心体检,01-008315,善心体检::01-008315,阻塞性通气功能障碍,3,test,413,423,1.0242130750605327
row_002679__231fd8397f0e4b76ac7e864d6b32ec9a,2679,231fd8397f0e4b76ac7e864d6b32ec9a,善心体检,01-008315,善心体检::01-008315,阻塞性通气功能障碍,3,test,410,433,1.0560975609756098
row_002680__bfc6304685fd4fb0864b7857fd7d57ef,2680,bfc6304685fd4fb0864b7857fd7d57ef,善心体检,01-008315,善心体检::01-008315,阻塞性通气功能障碍,3,test,416,420,1.0096153846153846
row_002681__6f15fb1c25184ea7aa9376ad2efdcccc,2681,6f15fb1c25184ea7aa9376ad2efdcccc,善心体检,01-009145,善心体检::01-009145,肺通气功能正常,2,val,395,407,1.030379746835443
row_002682__37bb37b2dd4e4d82bb1b1ad3c01bc8ee,2682,37bb37b2dd4e4d82bb1b1ad3c01bc8ee,善心体检,01-009145,善心体检::01-009145,肺通气功能正常,2,val,382,407,1.0654450261780104
row_002683__e553df754ca94b089490041bbdd5442b,2683,e553df754ca94b089490041bbdd5442b,善心体检,01-009145,善心体检::01-009145,肺通气功能正常,2,val,400,402,1.005
row_002684__fd0fdcaddab4437998612c46ebab0ed7,2684,fd0fdcaddab4437998612c46ebab0ed7,深圳市南山区白芒社区健康服务中心,01-000185,深圳市南山区白芒社区健康服务中心::01-000185,阻塞性通气功能障碍,3,val,488,512,1.0491803278688525
row_002687__21eb0a7668e642f89047fe39fdc071a8,2687,21eb0a7668e642f89047fe39fdc071a8,深圳市南山区峰景社区健康服务中心,01-000246,深圳市南山区峰景社区健康服务中心::01-000246,限制性通气功能障碍,1,train,124,140,1.1290322580645162
row_002688__230169a1d40347a68b62d4a00beb0284,2688,230169a1d40347a68b62d4a00beb0284,深圳市南山区峰景社区健康服务中心,01-000246,深圳市南山区峰景社区健康服务中心::01-000246,限制性通气功能障碍,1,train,131,104,1.2596153846153846
row_002689__e834a67270cb4e5d97b2efe916b70e4c,2689,e834a67270cb4e5d97b2efe916b70e4c,善心体检,01-008187,善心体检::01-008187,阻塞性通气功能障碍,3,train,285,303,1.063157894736842
row_002690__2273d301f1bf4f39ad0f73e12e74e4bd,2690,2273d301f1bf4f39ad0f73e12e74e4bd,善心体检,01-008187,善心体检::01-008187,阻塞性通气功能障碍,3,train,295,303,1.0271186440677966
row_002691__90f2f3f3664145448203572161b8c885,2691,90f2f3f3664145448203572161b8c885,善心体检,01-008187,善心体检::01-008187,阻塞性通气功能障碍,3,train,297,304,1.0235690235690236
row_002694__3c85c56edfc443649a8dff0929465940,2694,3c85c56edfc443649a8dff0929465940,深圳市南山区大磡社区健康服务中心,01-000309,深圳市南山区大磡社区健康服务中心::01-000309,肺通气功能正常,2,train,520,400,1.3
row_002696__4c40409a05b146439f600d2f0038a0ab,2696,4c40409a05b146439f600d2f0038a0ab,化州市中垌卫生院,02-001613,化州市中垌卫生院::02-001613,阻塞性通气功能障碍,3,val,266,290,1.0902255639097744
row_002697__3354522e1d0c40e49cae89fcb0b5b16e,2697,3354522e1d0c40e49cae89fcb0b5b16e,化州市中垌卫生院,02-001613,化州市中垌卫生院::02-001613,阻塞性通气功能障碍,3,val,245,248,1.0122448979591836
row_002698__4eb88541cb2b49fe8ad3a5633be9e0d9,2698,4eb88541cb2b49fe8ad3a5633be9e0d9,化州市中垌卫生院,02-001613,化州市中垌卫生院::02-001613,阻塞性通气功能障碍,3,val,218,243,1.114678899082569
row_002699__labour,2699,labour,2,red,2::red,小气道功能障碍,6,train,453,458,1.011037527593819
row_002700__labour,2700,labour,2,blue,2::blue,小气道功能障碍,6,train,445,444,1.0022522522522523
row_002701__labour,2701,labour,2,green,2::green,小气道功能障碍,6,train,456,460,1.0087719298245614
row_002702__labour,2702,labour,6,red,6::red,小气道功能障碍,6,test,347,348,1.0028818443804035
row_002703__labour,2703,labour,6,blue,6::blue,小气道功能障碍,6,val,337,338,1.002967359050445
row_002704__labour,2704,labour,6,green,6::green,小气道功能障碍,6,test,353,355,1.0056657223796035
row_002705__labour,2705,labour,7,red,7::red,小气道功能障碍,6,train,279,251,1.1115537848605577
row_002706__labour,2706,labour,7,blue,7::blue,小气道功能障碍,6,train,280,295,1.0535714285714286
row_002707__labour,2707,labour,7,green,7::green,小气道功能障碍,6,train,284,290,1.0211267605633803
row_002708__labour,2708,labour,8,red,8::red,小气道功能障碍,6,val,277,249,1.1124497991967872
row_002709__labour,2709,labour,8,blue,8::blue,小气道功能障碍,6,train,289,292,1.0103806228373702
row_002710__labour,2710,labour,8,green,8::green,小气道功能障碍,6,train,277,261,1.0613026819923372
row_002711__labour,2711,labour,10,red,10::red,小气道功能障碍,6,val,238,243,1.0210084033613445
row_002712__labour,2712,labour,10,blue,10::blue,小气道功能障碍,6,train,236,244,1.0338983050847457
row_002713__labour,2713,labour,10,purple,10::purple,小气道功能障碍,6,train,237,247,1.0421940928270041
row_002714__labour,2714,labour,11,blue,11::blue,小气道功能障碍,6,train,292,293,1.0034246575342465
row_002715__labour,2715,labour,11,green,11::green,小气道功能障碍,6,val,298,291,1.0240549828178693
row_002716__labour,2716,labour,11,purple,11::purple,小气道功能障碍,6,train,287,293,1.0209059233449478
row_002717__labour,2717,labour,12,red,12::red,小气道功能障碍,6,train,245,235,1.0425531914893618
row_002718__labour,2718,labour,12,blue,12::blue,小气道功能障碍,6,train,243,220,1.1045454545454545
row_002719__labour,2719,labour,12,cyan,12::cyan,小气道功能障碍,6,train,240,238,1.0084033613445378
row_002720__labour,2720,labour,13,red,13::red,小气道功能障碍,6,train,248,234,1.0598290598290598
row_002721__labour,2721,labour,13,blue,13::blue,小气道功能障碍,6,val,238,219,1.08675799086758
row_002722__labour,2722,labour,13,cyan,13::cyan,小气道功能障碍,6,train,243,232,1.0474137931034482
row_002723__labour,2723,labour,14,red,14::red,小气道功能障碍,6,train,375,378,1.008
row_002724__labour,2724,labour,14,blue,14::blue,小气道功能障碍,6,val,370,358,1.0335195530726258
row_002725__labour,2725,labour,14,green,14::green,小气道功能障碍,6,train,366,368,1.005464480874317
row_002726__labour,2726,labour,15,red,15::red,小气道功能障碍,6,train,358,373,1.041899441340782
row_002727__labour,2727,labour,15,green,15::green,小气道功能障碍,6,train,359,364,1.0139275766016713
row_002728__labour,2728,labour,16,red,16::red,小气道功能障碍,6,test,160,159,1.0062893081761006
row_002729__labour,2729,labour,16,blue,16::blue,小气道功能障碍,6,train,173,172,1.005813953488372
row_002730__labour,2730,labour,16,green,16::green,小气道功能障碍,6,train,160,158,1.0126582278481013
row_002731__labour,2731,labour,18,red,18::red,小气道功能障碍,6,train,377,365,1.0328767123287672
row_002732__labour,2732,labour,18,blue,18::blue,小气道功能障碍,6,test,362,370,1.022099447513812
row_002733__labour,2733,labour,18,cyan,18::cyan,小气道功能障碍,6,train,368,336,1.0952380952380953
row_002734__labour,2734,labour,19,red,19::red,小气道功能障碍,6,val,197,171,1.152046783625731
row_002735__labour,2735,labour,19,blue,19::blue,小气道功能障碍,6,train,194,183,1.0601092896174864
row_002736__labour,2736,labour,19,green,19::green,小气道功能障碍,6,train,196,185,1.0594594594594595
row_002737__labour,2737,labour,20,red,20::red,小气道功能障碍,6,test,175,191,1.0914285714285714
row_002738__labour,2738,labour,20,blue,20::blue,小气道功能障碍,6,train,178,178,1.0
row_002739__labour,2739,labour,20,green,20::green,小气道功能障碍,6,train,183,191,1.0437158469945356
row_002740__labour,2740,labour,21,red,21::red,小气道功能障碍,6,test,250,246,1.016260162601626
row_002741__labour,2741,labour,21,blue,21::blue,小气道功能障碍,6,train,255,197,1.2944162436548223
row_002742__labour,2742,labour,21,green,21::green,小气道功能障碍,6,train,244,251,1.028688524590164
row_002743__labour,2743,labour,24,red,24::red,小气道功能障碍,6,test,281,280,1.0035714285714286
row_002744__labour,2744,labour,24,green,24::green,小气道功能障碍,6,test,287,281,1.0213523131672597
row_002745__labour,2745,labour,24,purple,24::purple,小气道功能障碍,6,train,276,280,1.0144927536231885
row_002747__labour,2747,labour,25,deep blue,25::deep blue,小气道功能障碍,6,train,305,255,1.196078431372549
row_002748__labour,2748,labour,25,purple,25::purple,小气道功能障碍,6,val,312,235,1.327659574468085
row_002749__labour,2749,labour,26,red,26::red,小气道功能障碍,6,train,190,194,1.0210526315789474
row_002750__labour,2750,labour,26,green,26::green,小气道功能障碍,6,train,187,179,1.0446927374301676
row_002751__labour,2751,labour,27,red,27::red,小气道功能障碍,6,test,190,190,1.0
row_002752__labour,2752,labour,27,blue,27::blue,小气道功能障碍,6,train,186,197,1.0591397849462365
row_002753__labour,2753,labour,27,green,27::green,小气道功能障碍,6,train,193,194,1.005181347150259
row_002754__labour,2754,labour,28,red,28::red,小气道功能障碍,6,train,273,246,1.1097560975609757
row_002755__labour,2755,labour,28,blue,28::blue,小气道功能障碍,6,train,272,278,1.0220588235294117
row_002756__labour,2756,labour,28,green,28::green,小气道功能障碍,6,train,278,235,1.1829787234042553
row_002757__labour,2757,labour,29,red,29::red,小气道功能障碍,6,test,274,247,1.1093117408906883
row_002758__labour,2758,labour,29,blue,29::blue,小气道功能障碍,6,train,278,277,1.0036101083032491
row_002759__labour,2759,labour,29,green,29::green,小气道功能障碍,6,train,278,234,1.188034188034188
row_002760__labour,2760,labour,32,red,32::red,小气道功能障碍,6,train,351,272,1.2904411764705883
row_002761__labour,2761,labour,32,blue,32::blue,小气道功能障碍,6,train,357,283,1.2614840989399294
row_002762__labour,2762,labour,32,green,32::green,小气道功能障碍,6,test,356,311,1.144694533762058
row_002763__labour,2763,labour,33,red,33::red,小气道功能障碍,6,train,261,288,1.103448275862069
row_002764__labour,2764,labour,33,blue,33::blue,小气道功能障碍,6,train,275,295,1.0727272727272728
row_002765__labour,2765,labour,33,green,33::green,小气道功能障碍,6,train,288,286,1.006993006993007
row_002766__labour,2766,labour,34,green,34::green,小气道功能障碍,6,train,179,167,1.0718562874251496
row_002767__labour,2767,labour,34,purple,34::purple,小气道功能障碍,6,train,193,161,1.1987577639751552
row_002768__labour,2768,labour,35,red,35::red,小气道功能障碍,6,train,205,193,1.0621761658031088
row_002769__labour,2769,labour,36,red,36::red,小气道功能障碍,6,train,421,389,1.082262210796915
row_002770__labour,2770,labour,36,blue,36::blue,小气道功能障碍,6,train,421,382,1.1020942408376964
row_002772__labour,2772,labour,37,red,37::red,小气道功能障碍,6,train,262,247,1.0607287449392713
row_002773__labour,2773,labour,37,blue,37::blue,小气道功能障碍,6,train,268,234,1.1452991452991452
row_002774__labour,2774,labour,37,green,37::green,小气道功能障碍,6,train,269,272,1.0111524163568772
row_002775__labour,2775,labour,38,cyan,38::cyan,小气道功能障碍,6,train,248,255,1.028225806451613
row_002776__labour,2776,labour,38,purple,38::purple,小气道功能障碍,6,test,257,260,1.0116731517509727
row_002777__labour,2777,labour,39,red,39::red,小气道功能障碍,6,train,197,161,1.2236024844720497
row_002778__labour,2778,labour,39,blue,39::blue,小气道功能障碍,6,train,198,174,1.1379310344827587
row_002779__labour,2779,labour,39,green,39::green,小气道功能障碍,6,train,200,154,1.2987012987012987
row_002780__labour,2780,labour,40,red,40::red,小气道功能障碍,6,train,334,334,1.0
row_002781__labour,2781,labour,40,blue,40::blue,小气道功能障碍,6,test,333,334,1.003003003003003
row_002782__labour,2782,labour,40,green,40::green,小气道功能障碍,6,val,336,335,1.0029850746268656
row_002783__labour,2783,labour,41,red,41::red,小气道功能障碍,6,train,223,268,1.201793721973094
row_002784__labour,2784,labour,41,blue,41::blue,小气道功能障碍,6,train,225,270,1.2
row_002785__labour,2785,labour,41,green,41::green,小气道功能障碍,6,val,225,276,1.2266666666666666
row_002786__labour,2786,labour,42,red,42::red,小气道功能障碍,6,val,269,262,1.0267175572519085
row_002787__labour,2787,labour,42,blue,42::blue,小气道功能障碍,6,test,270,258,1.0465116279069768
row_002788__labour,2788,labour,42,green,42::green,小气道功能障碍,6,test,270,264,1.0227272727272727
row_002789__labour,2789,labour,43,red,43::red,小气道功能障碍,6,train,288,286,1.006993006993007
row_002790__labour,2790,labour,43,blue,43::blue,小气道功能障碍,6,train,279,277,1.0072202166064983
row_002791__labour,2791,labour,43,green,43::green,小气道功能障碍,6,train,291,290,1.0034482758620689
row_002792__labour,2792,labour,44,red,44::red,小气道功能障碍,6,train,267,266,1.0037593984962405
row_002793__labour,2793,labour,44,blue,44::blue,小气道功能障碍,6,train,279,272,1.025735294117647
row_002794__labour,2794,labour,44,green,44::green,小气道功能障碍,6,train,279,267,1.0449438202247192
row_002795__labour,2795,labour,46,red,46::red,小气道功能障碍,6,train,179,158,1.1329113924050633
row_002796__labour,2796,labour,46,blue,46::blue,小气道功能障碍,6,train,172,130,1.323076923076923
row_002797__labour,2797,labour,46,green,46::green,小气道功能障碍,6,train,178,160,1.1125
row_002798__labour,2798,labour,48,red,48::red,小气道功能障碍,6,train,252,254,1.007936507936508
row_002799__labour,2799,labour,48,blue,48::blue,小气道功能障碍,6,train,251,220,1.1409090909090909
row_002800__labour,2800,labour,48,green,48::green,小气道功能障碍,6,train,255,261,1.0235294117647058
row_002801__labour,2801,labour,49,red,49::red,小气道功能障碍,6,train,369,355,1.0394366197183098
row_002802__labour,2802,labour,49,blue,49::blue,小气道功能障碍,6,test,367,371,1.0108991825613078
row_002803__labour,2803,labour,49,green,49::green,小气道功能障碍,6,train,363,370,1.019283746556474
row_002804__labour,2804,labour,50,red,50::red,小气道功能障碍,6,train,218,208,1.0480769230769231
row_002805__labour,2805,labour,50,blue,50::blue,小气道功能障碍,6,train,206,207,1.0048543689320388
row_002806__labour,2806,labour,50,green,50::green,小气道功能障碍,6,val,219,197,1.1116751269035532
row_002807__labour,2807,labour,51,red,51::red,小气道功能障碍,6,train,234,241,1.0299145299145298
row_002808__labour,2808,labour,51,green,51::green,小气道功能障碍,6,train,233,247,1.0600858369098713
row_002809__labour,2809,labour,51,purple,51::purple,小气道功能障碍,6,train,250,250,1.0
row_002810__labour,2810,labour,52,red,52::red,小气道功能障碍,6,val,327,330,1.0091743119266054
row_002811__labour,2811,labour,52,blue,52::blue,小气道功能障碍,6,val,314,310,1.0129032258064516
row_002812__labour,2812,labour,52,green,52::green,小气道功能障碍,6,train,329,335,1.0182370820668694
row_002813__labour,2813,labour,53,red,53::red,小气道功能障碍,6,test,172,134,1.2835820895522387
row_002814__labour,2814,labour,53,blue,53::blue,小气道功能障碍,6,train,174,135,1.288888888888889
row_002815__labour,2815,labour,53,green,53::green,小气道功能障碍,6,train,173,129,1.3410852713178294
row_002816__labour,2816,labour,54,red,54::red,小气道功能障碍,6,val,165,133,1.2406015037593985
row_002817__labour,2817,labour,54,blue,54::blue,小气道功能障碍,6,train,175,130,1.3461538461538463
row_002818__labour,2818,labour,54,green,54::green,小气道功能障碍,6,val,173,131,1.3206106870229009
row_002819__labour,2819,labour,55,red,55::red,小气道功能障碍,6,train,233,221,1.0542986425339367
row_002820__labour,2820,labour,55,green,55::green,小气道功能障碍,6,test,234,211,1.1090047393364928
row_002821__labour,2821,labour,55,cyan,55::cyan,小气道功能障碍,6,train,233,239,1.0257510729613735
row_002822__labour,2822,labour,56,red,56::red,小气道功能障碍,6,train,168,167,1.0059880239520957
row_002823__labour,2823,labour,56,blue,56::blue,小气道功能障碍,6,train,171,170,1.0058823529411764
row_002824__labour,2824,labour,56,green,56::green,小气道功能障碍,6,train,162,168,1.037037037037037
row_002828__labour,2828,labour,59,red,59::red,小气道功能障碍,6,train,376,377,1.002659574468085
row_002829__labour,2829,labour,59,blue,59::blue,小气道功能障碍,6,train,383,388,1.0130548302872062
row_002830__labour,2830,labour,59,green,59::green,小气道功能障碍,6,val,388,387,1.0025839793281655
row_002831__labour,2831,labour,61,red,61::red,小气道功能障碍,6,test,220,223,1.0136363636363637
row_002832__labour,2832,labour,61,blue,61::blue,小气道功能障碍,6,test,212,213,1.0047169811320755
row_002833__labour,2833,labour,61,green,61::green,小气道功能障碍,6,test,215,215,1.0
row_002834__labour,2834,labour,62,red,62::red,小气道功能障碍,6,train,392,374,1.0481283422459893
row_002835__labour,2835,labour,62,blue,62::blue,小气道功能障碍,6,train,396,381,1.0393700787401574
row_002836__labour,2836,labour,62,green,62::green,小气道功能障碍,6,train,388,369,1.051490514905149
row_002837__labour,2837,labour,63,red,63::red,小气道功能障碍,6,train,263,265,1.0076045627376427
row_002838__labour,2838,labour,63,blue,63::blue,小气道功能障碍,6,val,262,260,1.0076923076923077
row_002839__labour,2839,labour,63,green,63::green,小气道功能障碍,6,train,265,267,1.0075471698113208
row_002840__labour,2840,labour,64,red,64::red,小气道功能障碍,6,train,281,255,1.1019607843137256
row_002841__labour,2841,labour,64,blue,64::blue,小气道功能障碍,6,train,276,292,1.0579710144927537
row_002842__labour,2842,labour,64,green,64::green,小气道功能障碍,6,val,281,279,1.007168458781362
row_002843__labour,2843,labour,65,red,65::red,小气道功能障碍,6,train,189,163,1.1595092024539877
row_002844__labour,2844,labour,65,blue,65::blue,小气道功能障碍,6,test,188,168,1.119047619047619
row_002845__labour,2845,labour,65,green,65::green,小气道功能障碍,6,train,188,176,1.0681818181818181
row_002846__labour,2846,labour,66,blue,66::blue,小气道功能障碍,6,train,187,166,1.1265060240963856
row_002847__labour,2847,labour,66,green,66::green,小气道功能障碍,6,train,184,170,1.0823529411764705
row_002848__labour,2848,labour,66,purple,66::purple,小气道功能障碍,6,train,189,170,1.111764705882353
row_002849__labour,2849,labour,68,green,68::green,小气道功能障碍,6,train,175,182,1.04
row_002850__labour,2850,labour,68,cyan,68::cyan,小气道功能障碍,6,train,166,178,1.072289156626506
row_002851__labour,2851,labour,68,purple,68::purple,小气道功能障碍,6,test,177,178,1.0056497175141244
row_002852__labour,2852,labour,69,red,69::red,小气道功能障碍,6,val,177,192,1.0847457627118644
row_002853__labour,2853,labour,69,blue,69::blue,小气道功能障碍,6,train,176,198,1.125
row_002854__labour,2854,labour,69,green,69::green,小气道功能障碍,6,train,182,195,1.0714285714285714
row_002855__labour,2855,labour,70,red,70::red,小气道功能障碍,6,train,171,156,1.0961538461538463
row_002856__labour,2856,labour,71,red,71::red,小气道功能障碍,6,val,337,342,1.0148367952522255
row_002857__labour,2857,labour,71,blue,71::blue,小气道功能障碍,6,val,334,313,1.0670926517571886
row_002858__labour,2858,labour,71,purple,71::purple,小气道功能障碍,6,val,340,335,1.0149253731343284
row_002859__labour,2859,labour,72,red,72::red,小气道功能障碍,6,train,228,196,1.163265306122449
row_002860__labour,2860,labour,72,blue,72::blue,小气道功能障碍,6,train,235,210,1.119047619047619
row_002861__labour,2861,labour,72,green,72::green,小气道功能障碍,6,train,231,201,1.1492537313432836
row_002863__labour,2863,labour,73,blue,73::blue,小气道功能障碍,6,train,196,153,1.2810457516339868
row_002864__labour,2864,labour,73,green,73::green,小气道功能障碍,6,test,205,171,1.1988304093567252
row_002865__labour,2865,labour,74,red,74::red,小气道功能障碍,6,train,300,284,1.056338028169014
row_002866__labour,2866,labour,74,blue,74::blue,小气道功能障碍,6,train,292,286,1.020979020979021
row_002867__labour,2867,labour,74,green,74::green,小气道功能障碍,6,train,293,280,1.0464285714285715
row_002868__labour,2868,labour,76,red,76::red,小气道功能障碍,6,train,279,262,1.0648854961832062
row_002869__labour,2869,labour,76,blue,76::blue,小气道功能障碍,6,val,267,268,1.00374531835206
row_002870__labour,2870,labour,76,green,76::green,小气道功能障碍,6,val,270,260,1.0384615384615385
row_002874__labour,2874,labour,78,blue,78::blue,小气道功能障碍,6,train,231,202,1.1435643564356435
row_002875__labour,2875,labour,78,green,78::green,小气道功能障碍,6,train,231,227,1.0176211453744493
row_002876__labour,2876,labour,81,red,81::red,小气道功能障碍,6,test,141,159,1.127659574468085
row_002877__labour,2877,labour,81,blue,81::blue,小气道功能障碍,6,test,139,146,1.0503597122302157
row_002878__labour,2878,labour,81,green,81::green,小气道功能障碍,6,train,146,158,1.082191780821918
row_002879__labour,2879,labour,82,red,82::red,小气道功能障碍,6,train,154,122,1.2622950819672132
row_002881__labour,2881,labour,82,green,82::green,小气道功能障碍,6,train,150,138,1.0869565217391304
row_002882__labour,2882,labour,85,red,85::red,小气道功能障碍,6,train,187,162,1.154320987654321
row_002883__labour,2883,labour,85,blue,85::blue,小气道功能障碍,6,train,183,161,1.1366459627329193
row_002884__labour,2884,labour,85,green,85::green,小气道功能障碍,6,train,185,176,1.0511363636363635
row_002885__labour,2885,labour,86,red,86::red,小气道功能障碍,6,train,127,126,1.007936507936508
row_002886__labour,2886,labour,86,blue,86::blue,小气道功能障碍,6,train,134,136,1.0149253731343284
row_002887__labour,2887,labour,86,cyan,86::cyan,小气道功能障碍,6,train,122,128,1.0491803278688525
row_002888__labour,2888,labour,87,red,87::red,小气道功能障碍,6,train,266,230,1.1565217391304348
row_002889__labour,2889,labour,87,blue,87::blue,小气道功能障碍,6,train,268,258,1.0387596899224807
row_002890__labour,2890,labour,87,green,87::green,小气道功能障碍,6,train,285,250,1.14
row_002891__labour,2891,labour,88,red,88::red,小气道功能障碍,6,test,199,196,1.0153061224489797
row_002892__labour,2892,labour,88,blue,88::blue,小气道功能障碍,6,train,191,150,1.2733333333333334
row_002893__labour,2893,labour,88,deep blue,88::deep blue,小气道功能障碍,6,train,198,192,1.03125
row_002894__labour,2894,labour,89,red,89::red,小气道功能障碍,6,val,225,225,1.0
row_002895__labour,2895,labour,89,blue,89::blue,小气道功能障碍,6,train,220,175,1.2571428571428571
row_002896__labour,2896,labour,89,deep blue,89::deep blue,小气道功能障碍,6,train,227,220,1.0318181818181817
row_002897__labour,2897,labour,90,red,90::red,小气道功能障碍,6,val,364,331,1.0996978851963746
row_002898__labour,2898,labour,90,blue,90::blue,小气道功能障碍,6,val,375,345,1.0869565217391304
row_002899__labour,2899,labour,90,green,90::green,小气道功能障碍,6,train,377,338,1.1153846153846154
row_002900__labour,2900,labour,91,red,91::red,小气道功能障碍,6,train,362,332,1.0903614457831325
row_002901__labour,2901,labour,91,blue,91::blue,小气道功能障碍,6,train,374,341,1.096774193548387
row_002902__labour,2902,labour,91,purple,91::purple,小气道功能障碍,6,train,365,351,1.03988603988604
row_002903__labour,2903,labour,92,red,92::red,小气道功能障碍,6,train,373,331,1.1268882175226587
row_002904__labour,2904,labour,92,blue,92::blue,小气道功能障碍,6,train,371,341,1.0879765395894427
row_002905__labour,2905,labour,92,purple,92::purple,小气道功能障碍,6,train,371,351,1.056980056980057
row_002906__labour,2906,labour,94,red,94::red,小气道功能障碍,6,val,396,410,1.0353535353535352
row_002907__labour,2907,labour,94,green,94::green,小气道功能障碍,6,train,394,405,1.0279187817258884
row_002908__labour,2908,labour,95,blue,95::blue,小气道功能障碍,6,train,268,289,1.078358208955224
row_002909__labour,2909,labour,95,cyan,95::cyan,小气道功能障碍,6,train,266,291,1.093984962406015
row_002910__labour,2910,labour,95,purple,95::purple,小气道功能障碍,6,train,268,292,1.0895522388059702
row_002911__labour,2911,labour,96,blue,96::blue,小气道功能障碍,6,train,268,293,1.0932835820895523
row_002912__labour,2912,labour,96,cyan,96::cyan,小气道功能障碍,6,train,271,292,1.0774907749077491
row_002913__labour,2913,labour,96,purple,96::purple,小气道功能障碍,6,train,295,293,1.006825938566553
row_002914__labour,2914,labour,97,red,97::red,小气道功能障碍,6,train,261,246,1.0609756097560976
row_002915__labour,2915,labour,97,blue,97::blue,小气道功能障碍,6,train,253,235,1.0765957446808512
row_002916__labour,2916,labour,97,purple,97::purple,小气道功能障碍,6,train,258,253,1.0197628458498025
row_002917__labour,2917,labour,98,red,98::red,小气道功能障碍,6,train,318,289,1.1003460207612457
row_002918__labour,2918,labour,98,blue,98::blue,小气道功能障碍,6,train,309,302,1.0231788079470199
row_002919__labour,2919,labour,98,green,98::green,小气道功能障碍,6,train,318,318,1.0
row_002920__labour,2920,labour,100,blue,100::blue,小气道功能障碍,6,train,219,206,1.0631067961165048
row_002921__labour,2921,labour,100,green,100::green,小气道功能障碍,6,train,221,175,1.262857142857143
row_002922__labour,2922,labour,100,purple,100::purple,小气道功能障碍,6,train,216,212,1.0188679245283019
row_002923__labour,2923,labour,122,red,122::red,小气道功能障碍,6,train,342,342,1.0
row_002924__labour,2924,labour,122,blue,122::blue,小气道功能障碍,6,train,331,330,1.003030303030303
row_002925__labour,2925,labour,122,green,122::green,小气道功能障碍,6,val,332,332,1.0
row_002926__labour,2926,labour,123,red,123::red,小气道功能障碍,6,val,338,342,1.0118343195266273
row_002927__labour,2927,labour,123,blue,123::blue,小气道功能障碍,6,train,327,330,1.0091743119266054
row_002928__labour,2928,labour,123,green,123::green,小气道功能障碍,6,train,331,332,1.0030211480362539
row_002929__labour,2929,labour,124,red,124::red,小气道功能障碍,6,train,330,324,1.0185185185185186
row_002930__labour,2930,labour,124,blue,124::blue,小气道功能障碍,6,train,328,329,1.0030487804878048
row_002931__labour,2931,labour,124,green,124::green,小气道功能障碍,6,train,333,292,1.1404109589041096
row_002932__labour,2932,labour,125,red,125::red,小气道功能障碍,6,train,385,386,1.0025974025974025
row_002933__labour,2933,labour,125,blue,125::blue,小气道功能障碍,6,train,388,390,1.0051546391752577
row_002934__labour,2934,labour,125,green,125::green,小气道功能障碍,6,train,385,407,1.0571428571428572
row_002935__labour,2935,labour,126,red,126::red,小气道功能障碍,6,train,329,336,1.0212765957446808
row_002936__labour,2936,labour,126,blue,126::blue,小气道功能障碍,6,train,339,357,1.0530973451327434
row_002937__labour,2937,labour,126,green,126::green,小气道功能障碍,6,train,315,327,1.0380952380952382
row_002938__labour,2938,labour,127,red,127::red,小气道功能障碍,6,train,134,136,1.0149253731343284
row_002939__labour,2939,labour,127,blue,127::blue,小气道功能障碍,6,train,149,140,1.0642857142857143
row_002940__labour,2940,labour,127,purple,127::purple,小气道功能障碍,6,train,144,154,1.0694444444444444
row_002941__labour,2941,labour,128,red,128::red,小气道功能障碍,6,train,220,210,1.0476190476190477
row_002942__labour,2942,labour,128,blue,128::blue,小气道功能障碍,6,train,231,210,1.1
row_002943__labour,2943,labour,128,green,128::green,小气道功能障碍,6,test,227,211,1.0758293838862558
row_002944__labour,2944,labour,129,red,129::red,小气道功能障碍,6,train,372,375,1.0080645161290323
row_002945__labour,2945,labour,129,deep green,129::deep green,小气道功能障碍,6,train,340,283,1.2014134275618376
row_002946__labour,2946,labour,131,red,131::red,小气道功能障碍,6,train,206,207,1.0048543689320388
row_002947__labour,2947,labour,131,blue,131::blue,小气道功能障碍,6,train,205,189,1.0846560846560847
row_002948__labour,2948,labour,131,green,131::green,小气道功能障碍,6,test,208,166,1.2530120481927711
row_002949__labour,2949,labour,132,red,132::red,小气道功能障碍,6,train,125,153,1.224
row_002950__labour,2950,labour,132,blue,132::blue,小气道功能障碍,6,train,141,172,1.2198581560283688
row_002951__labour,2951,labour,132,green,132::green,小气道功能障碍,6,train,127,145,1.141732283464567
row_002952__labour,2952,labour,132,purple,132::purple,小气道功能障碍,6,val,131,133,1.015267175572519
row_002953__labour,2953,labour,133,red,133::red,小气道功能障碍,6,train,205,213,1.0390243902439025
row_002954__labour,2954,labour,133,blue,133::blue,小气道功能障碍,6,train,193,219,1.1347150259067358
row_002955__labour,2955,labour,133,green,133::green,小气道功能障碍,6,train,204,221,1.0833333333333333
row_002956__labour,2956,labour,134,red,134::red,小气道功能障碍,6,val,200,211,1.055
row_002957__labour,2957,labour,134,blue,134::blue,小气道功能障碍,6,train,197,216,1.0964467005076142
row_002958__labour,2958,labour,134,green,134::green,小气道功能障碍,6,train,203,217,1.0689655172413792
row_002959__labour,2959,labour,136,red,136::red,小气道功能障碍,6,train,204,203,1.0049261083743843
row_002960__labour,2960,labour,136,blue,136::blue,小气道功能障碍,6,train,220,218,1.0091743119266054
row_002961__labour,2961,labour,136,purple,136::purple,小气道功能障碍,6,test,207,208,1.0048309178743962
row_002962__labour,2962,labour,137,red,137::red,小气道功能障碍,6,train,221,242,1.0950226244343892
row_002963__labour,2963,labour,137,green,137::green,小气道功能障碍,6,test,264,224,1.1785714285714286
row_002964__labour,2964,labour,138,red,138::red,小气道功能障碍,6,val,269,270,1.003717472118959
row_002965__labour,2965,labour,138,blue,138::blue,小气道功能障碍,6,train,254,270,1.062992125984252
row_002966__labour,2966,labour,138,green,138::green,小气道功能障碍,6,train,270,271,1.0037037037037038
row_002968__labour,2968,labour,140,blue,140::blue,小气道功能障碍,6,train,368,304,1.2105263157894737
row_002970__labour,2970,labour,142,red,142::red,小气道功能障碍,6,train,236,195,1.2102564102564102
row_002971__labour,2971,labour,142,blue,142::blue,小气道功能障碍,6,val,235,214,1.0981308411214954
row_002972__labour,2972,labour,142,green,142::green,小气道功能障碍,6,train,235,199,1.1809045226130652
row_002973__labour,2973,labour,144,red,144::red,小气道功能障碍,6,train,210,210,1.0
row_002974__labour,2974,labour,144,blue,144::blue,小气道功能障碍,6,train,193,197,1.0207253886010363
row_002975__labour,2975,labour,144,green,144::green,小气道功能障碍,6,train,203,201,1.0099502487562189
row_002976__labour,2976,labour,145,red,145::red,小气道功能障碍,6,train,295,296,1.0033898305084745
row_002977__labour,2977,labour,145,blue,145::blue,小气道功能障碍,6,train,294,295,1.0034013605442176
row_002978__labour,2978,labour,145,green,145::green,小气道功能障碍,6,val,299,301,1.0066889632107023
row_002979__labour,2979,labour,146,red,146::red,小气道功能障碍,6,train,296,279,1.060931899641577
row_002980__labour,2980,labour,146,blue,146::blue,小气道功能障碍,6,val,297,294,1.010204081632653
row_002981__labour,2981,labour,146,green,146::green,小气道功能障碍,6,val,297,303,1.02020202020202
row_002982__labour,2982,labour,147,red,147::red,小气道功能障碍,6,train,298,277,1.075812274368231
row_002983__labour,2983,labour,147,blue,147::blue,小气道功能障碍,6,train,294,293,1.0034129692832765
row_002984__labour,2984,labour,147,green,147::green,小气道功能障碍,6,test,296,301,1.0168918918918919
row_002985__labour,2985,labour,150,light blue,150::light blue,小气道功能障碍,6,train,336,299,1.1237458193979932
row_002986__labour,2986,labour,150,deep blue,150::deep blue,小气道功能障碍,6,train,321,299,1.0735785953177257
row_002987__labour,2987,labour,150,brown,150::brown,小气道功能障碍,6,train,326,322,1.0124223602484472
row_002988__labour,2988,labour,152,red,152::red,小气道功能障碍,6,test,277,267,1.0374531835205993
row_002989__labour,2989,labour,152,blue,152::blue,小气道功能障碍,6,train,277,291,1.0505415162454874
row_002990__labour,2990,labour,152,green,152::green,小气道功能障碍,6,val,275,287,1.0436363636363637
row_002991__labour,2991,labour,154,red,154::red,小气道功能障碍,6,train,309,306,1.0098039215686274
row_002992__labour,2992,labour,154,blue,154::blue,小气道功能障碍,6,train,305,307,1.0065573770491802
row_002993__labour,2993,labour,154,green,154::green,小气道功能障碍,6,train,302,282,1.070921985815603
row_002994__labour,2994,labour,156,red,156::red,小气道功能障碍,6,train,230,231,1.0043478260869565
row_002995__labour,2995,labour,156,blue,156::blue,小气道功能障碍,6,val,233,234,1.0042918454935623
row_002996__labour,2996,labour,156,green,156::green,小气道功能障碍,6,train,232,242,1.043103448275862
row_002997__labour,2997,labour,157,red,157::red,小气道功能障碍,6,train,253,214,1.1822429906542056
row_002998__labour,2998,labour,157,blue,157::blue,小气道功能障碍,6,train,254,213,1.192488262910798
row_002999__labour,2999,labour,157,green,157::green,小气道功能障碍,6,val,249,222,1.1216216216216217
row_003000__labour,3000,labour,158,red,158::red,小气道功能障碍,6,train,258,239,1.0794979079497908
row_003001__labour,3001,labour,158,blue,158::blue,小气道功能障碍,6,val,265,266,1.0037735849056604
row_003002__labour,3002,labour,158,green,158::green,小气道功能障碍,6,train,264,264,1.0
row_003003__labour,3003,labour,159,red,159::red,小气道功能障碍,6,train,240,224,1.0714285714285714
row_003005__labour,3005,labour,159,green,159::green,小气道功能障碍,6,test,234,210,1.1142857142857143
row_003009__labour,3009,labour,161,red,161::red,小气道功能障碍,6,train,310,292,1.0616438356164384
row_003010__labour,3010,labour,161,blue,161::blue,小气道功能障碍,6,test,314,290,1.0827586206896551
row_003011__labour,3011,labour,161,green,161::green,小气道功能障碍,6,test,317,292,1.0856164383561644
row_003012__labour,3012,labour,162,red,162::red,小气道功能障碍,6,train,272,271,1.003690036900369
row_003013__labour,3013,labour,162,blue,162::blue,小气道功能障碍,6,train,272,270,1.0074074074074073
row_003014__labour,3014,labour,162,green,162::green,小气道功能障碍,6,train,274,271,1.011070110701107
row_003015__labour,3015,labour,163,red,163::red,小气道功能障碍,6,train,351,350,1.002857142857143
row_003016__labour,3016,labour,163,blue,163::blue,小气道功能障碍,6,val,358,342,1.0467836257309941
row_003017__labour,3017,labour,163,green,163::green,小气道功能障碍,6,train,352,346,1.0173410404624277
row_003018__labour,3018,labour,164,red,164::red,小气道功能障碍,6,train,376,359,1.0473537604456824
row_003019__labour,3019,labour,164,blue,164::blue,小气道功能障碍,6,train,397,369,1.075880758807588
row_003020__labour,3020,labour,164,green,164::green,小气道功能障碍,6,test,390,361,1.080332409972299
row_003021__labour,3021,labour,167,red,167::red,小气道功能障碍,6,test,281,282,1.00355871886121
row_003022__labour,3022,labour,167,blue,167::blue,小气道功能障碍,6,train,271,275,1.014760147601476
row_003023__labour,3023,labour,167,green,167::green,小气道功能障碍,6,test,278,282,1.014388489208633
row_003024__labour,3024,labour,173,red,173::red,小气道功能障碍,6,train,297,281,1.0569395017793595
row_003025__labour,3025,labour,173,green,173::green,小气道功能障碍,6,test,292,271,1.0774907749077491
row_003026__labour,3026,labour,173,purple,173::purple,小气道功能障碍,6,test,297,285,1.0421052631578946
row_003027__labour,3027,labour,174,red,174::red,小气道功能障碍,6,train,295,283,1.0424028268551238
row_003028__labour,3028,labour,174,blue,174::blue,小气道功能障碍,6,train,285,289,1.0140350877192983
row_003029__labour,3029,labour,174,green,174::green,小气道功能障碍,6,train,299,298,1.0033557046979866
row_003030__labour,3030,labour,175,red,175::red,小气道功能障碍,6,test,228,252,1.105263157894737
row_003031__labour,3031,labour,175,blue,175::blue,小气道功能障碍,6,test,226,244,1.079646017699115
row_003032__labour,3032,labour,175,green,175::green,小气道功能障碍,6,train,229,249,1.0873362445414847
row_003033__labour,3033,labour,177,red,177::red,小气道功能障碍,6,train,399,397,1.0050377833753148
row_003034__labour,3034,labour,177,blue,177::blue,小气道功能障碍,6,train,399,385,1.0363636363636364
row_003035__labour,3035,labour,177,green,177::green,小气道功能障碍,6,train,409,382,1.0706806282722514
row_003036__labour,3036,labour,178,blue,178::blue,小气道功能障碍,6,train,214,213,1.0046948356807512
row_003037__labour,3037,labour,178,green,178::green,小气道功能障碍,6,train,209,218,1.0430622009569377
row_003041__labour,3041,labour,181,red,181::red,小气道功能障碍,6,train,338,326,1.0368098159509203
row_003042__labour,3042,labour,181,blue,181::blue,小气道功能障碍,6,train,333,248,1.342741935483871
row_003044__labour,3044,labour,182,red,182::red,小气道功能障碍,6,train,391,388,1.0077319587628866
row_003045__labour,3045,labour,182,blue,182::blue,小气道功能障碍,6,train,390,390,1.0
row_003046__labour,3046,labour,182,green,182::green,小气道功能障碍,6,train,388,391,1.0077319587628866
row_003047__labour,3047,labour,185,red,185::red,小气道功能障碍,6,val,213,197,1.0812182741116751
row_003048__labour,3048,labour,185,blue,185::blue,小气道功能障碍,6,test,212,189,1.1216931216931216
row_003049__labour,3049,labour,185,green,185::green,小气道功能障碍,6,train,211,181,1.1657458563535912
row_003050__labour,3050,labour,195,red,195::red,小气道功能障碍,6,train,289,293,1.013840830449827
row_003051__labour,3051,labour,195,blue,195::blue,小气道功能障碍,6,train,287,288,1.0034843205574913
row_003053__labour,3053,labour,198,deep green,198::deep green,小气道功能障碍,6,train,274,224,1.2232142857142858
row_003054__labour,3054,labour,198,purple,198::purple,小气道功能障碍,6,test,264,275,1.0416666666666667
row_003055__labour,3055,labour,201,red,201::red,小气道功能障碍,6,val,265,275,1.0377358490566038
row_003056__labour,3056,labour,201,blue,201::blue,小气道功能障碍,6,train,271,277,1.022140221402214
row_003057__labour,3057,labour,201,green,201::green,小气道功能障碍,6,train,278,278,1.0
row_003058__labour,3058,labour,202,red,202::red,小气道功能障碍,6,train,209,208,1.0048076923076923
row_003059__labour,3059,labour,202,blue,202::blue,小气道功能障碍,6,train,213,215,1.0093896713615023
row_003060__labour,3060,labour,202,green,202::green,小气道功能障碍,6,train,221,199,1.1105527638190955
row_003061__labour,3061,labour,203,blue,203::blue,小气道功能障碍,6,val,111,132,1.1891891891891893
row_003062__labour,3062,labour,203,green,203::green,小气道功能障碍,6,val,132,132,1.0
row_003063__labour,3063,labour,205,red,205::red,小气道功能障碍,6,train,187,152,1.230263157894737
row_003064__labour,3064,labour,205,blue,205::blue,小气道功能障碍,6,train,172,162,1.0617283950617284
row_003065__labour,3065,labour,205,green,205::green,小气道功能障碍,6,val,190,161,1.1801242236024845
row_003066__labour,3066,labour,206,red,206::red,小气道功能障碍,6,test,202,203,1.004950495049505
row_003067__labour,3067,labour,206,blue,206::blue,小气道功能障碍,6,val,199,204,1.0251256281407035
row_003068__labour,3068,labour,206,green,206::green,小气道功能障碍,6,train,205,210,1.024390243902439
row_003070__labour,3070,labour,209,blue,209::blue,小气道功能障碍,6,train,288,236,1.2203389830508475
row_003072__labour,3072,labour,210,red,210::red,小气道功能障碍,6,val,293,292,1.0034246575342465
row_003073__labour,3073,labour,210,blue,210::blue,小气道功能障碍,6,test,288,281,1.0249110320284698
row_003074__labour,3074,labour,210,green,210::green,小气道功能障碍,6,train,290,287,1.0104529616724738
row_003075__labour,3075,labour,211,red,211::red,小气道功能障碍,6,train,360,380,1.0555555555555556
row_003076__labour,3076,labour,211,blue,211::blue,小气道功能障碍,6,train,354,371,1.0480225988700564
row_003077__labour,3077,labour,211,green,211::green,小气道功能障碍,6,train,361,377,1.0443213296398892
row_003078__labour,3078,labour,212,red,212::red,小气道功能障碍,6,val,297,298,1.0033670033670035
row_003079__labour,3079,labour,212,blue,212::blue,小气道功能障碍,6,train,309,303,1.0198019801980198
row_003080__labour,3080,labour,212,green,212::green,小气道功能障碍,6,train,302,297,1.0168350168350169
row_003081__labour,3081,labour,213,red,213::red,小气道功能障碍,6,train,326,331,1.0153374233128833
row_003082__labour,3082,labour,213,blue,213::blue,小气道功能障碍,6,test,304,337,1.1085526315789473
row_003083__labour,3083,labour,213,green,213::green,小气道功能障碍,6,train,313,314,1.0031948881789137
row_003084__labour,3084,labour,214,blue,214::blue,小气道功能障碍,6,val,337,323,1.043343653250774
row_003085__labour,3085,labour,214,green,214::green,小气道功能障碍,6,test,344,342,1.0058479532163742
row_003086__labour,3086,labour,214,light blue,214::light blue,小气道功能障碍,6,train,338,336,1.005952380952381
row_003087__labour,3087,labour,215,red,215::red,小气道功能障碍,6,train,251,232,1.081896551724138
row_003088__labour,3088,labour,215,blue,215::blue,小气道功能障碍,6,train,247,254,1.0283400809716599
row_003089__labour,3089,labour,215,green,215::green,小气道功能障碍,6,train,256,247,1.0364372469635628
row_003090__labour,3090,labour,216,blue,216::blue,小气道功能障碍,6,train,247,254,1.0283400809716599
row_003091__labour,3091,labour,216,green,216::green,小气道功能障碍,6,train,254,248,1.0241935483870968
row_003092__labour,3092,labour,217,red,217::red,小气道功能障碍,6,train,202,220,1.0891089108910892
row_003093__labour,3093,labour,217,blue,217::blue,小气道功能障碍,6,train,220,218,1.0091743119266054
row_003094__labour,3094,labour,217,green,217::green,小气道功能障碍,6,train,207,191,1.0837696335078535
row_003095__labour,3095,labour,218,red,218::red,小气道功能障碍,6,train,216,222,1.0277777777777777
row_003096__labour,3096,labour,218,blue,218::blue,小气道功能障碍,6,train,217,183,1.185792349726776
row_003098__labour,3098,labour,219,red,219::red,小气道功能障碍,6,test,274,217,1.262672811059908
row_003099__labour,3099,labour,219,blue,219::blue,小气道功能障碍,6,train,271,280,1.033210332103321
row_003100__labour,3100,labour,219,green,219::green,小气道功能障碍,6,train,278,210,1.3238095238095238
row_003101__labour,3101,labour,220,red,220::red,小气道功能障碍,6,train,279,240,1.1625
row_003102__labour,3102,labour,220,blue,220::blue,小气道功能障碍,6,train,258,238,1.084033613445378
row_003103__labour,3103,labour,220,green,220::green,小气道功能障碍,6,test,276,258,1.069767441860465
row_003108__labour,3108,labour,226,red,226::red,小气道功能障碍,6,train,289,288,1.0034722222222223
row_003109__labour,3109,labour,226,blue,226::blue,小气道功能障碍,6,train,299,295,1.0135593220338983
row_003110__labour,3110,labour,226,purple,226::purple,小气道功能障碍,6,val,299,297,1.0067340067340067
row_003111__labour,3111,labour,227,red,227::red,小气道功能障碍,6,train,99,75,1.32
row_003112__labour,3112,labour,227,blue,227::blue,小气道功能障碍,6,train,92,90,1.0222222222222221
row_003113__labour,3113,labour,227,green,227::green,小气道功能障碍,6,test,97,79,1.2278481012658229
row_003114__labour,3114,labour,228,red,228::red,小气道功能障碍,6,test,379,382,1.007915567282322
row_003115__labour,3115,labour,228,blue,228::blue,小气道功能障碍,6,train,380,380,1.0
row_003116__labour,3116,labour,228,green,228::green,小气道功能障碍,6,train,372,382,1.0268817204301075
row_003117__labour,3117,labour,230,red,230::red,小气道功能障碍,6,train,240,241,1.0041666666666667
row_003118__labour,3118,labour,230,blue,230::blue,小气道功能障碍,6,train,250,250,1.0
row_003119__labour,3119,labour,230,green,230::green,小气道功能障碍,6,train,247,222,1.1126126126126126
row_003120__labour,3120,labour,231,red,231::red,小气道功能障碍,6,train,338,339,1.0029585798816567
row_003121__labour,3121,labour,231,blue,231::blue,小气道功能障碍,6,train,333,330,1.009090909090909
row_003122__labour,3122,labour,231,green,231::green,小气道功能障碍,6,train,334,334,1.0
row_003123__labour,3123,labour,235,red,235::red,小气道功能障碍,6,test,273,269,1.0148698884758365
row_003124__labour,3124,labour,235,blue,235::blue,小气道功能障碍,6,val,261,273,1.0459770114942528
row_003125__labour,3125,labour,235,green,235::green,小气道功能障碍,6,val,266,268,1.0075187969924813
row_003126__labour,3126,labour,236,red,236::red,小气道功能障碍,6,test,223,224,1.0044843049327354
row_003127__labour,3127,labour,236,green,236::green,小气道功能障碍,6,train,235,228,1.030701754385965
row_003128__labour,3128,labour,236,purple,236::purple,小气道功能障碍,6,test,240,241,1.0041666666666667
row_003129__labour,3129,labour,237,red,237::red,小气道功能障碍,6,train,206,209,1.0145631067961165
row_003130__labour,3130,labour,237,blue,237::blue,小气道功能障碍,6,train,198,198,1.0
row_003131__labour,3131,labour,237,green,237::green,小气道功能障碍,6,train,204,198,1.0303030303030303
row_003132__labour,3132,labour,255,green,255::green,小气道功能障碍,6,val,263,229,1.148471615720524
row_003133__labour,3133,labour,255,pink,255::pink,小气道功能障碍,6,train,271,254,1.0669291338582678
row_003134__labour,3134,labour,255,red,255::red,小气道功能障碍,6,train,269,256,1.05078125
row_003135__labour,3135,labour,256,green,256::green,小气道功能障碍,6,val,293,250,1.172
row_003136__labour,3136,labour,256,pink,256::pink,小气道功能障碍,6,train,291,298,1.0240549828178693
row_003137__labour,3137,labour,256,red,256::red,小气道功能障碍,6,train,300,269,1.1152416356877324
row_003138__labour,3138,labour,257,blue,257::blue,小气道功能障碍,6,val,291,278,1.0467625899280575
row_003139__labour,3139,labour,257,green,257::green,小气道功能障碍,6,train,292,266,1.0977443609022557
row_003140__labour,3140,labour,257,red,257::red,小气道功能障碍,6,train,291,279,1.043010752688172
row_003141__labour,3141,labour,260,blue,260::blue,小气道功能障碍,6,test,292,297,1.0171232876712328
row_003142__labour,3142,labour,260,green,260::green,小气道功能障碍,6,train,272,291,1.0698529411764706
row_003143__labour,3143,labour,260,red,260::red,小气道功能障碍,6,train,271,295,1.088560885608856
row_003144__labour,3144,labour,261,green,261::green,小气道功能障碍,6,val,306,290,1.0551724137931036
row_003145__labour,3145,labour,261,pink,261::pink,小气道功能障碍,6,train,304,244,1.2459016393442623
row_003146__labour,3146,labour,261,red,261::red,小气道功能障碍,6,train,306,235,1.3021276595744682
row_003148__labour,3148,labour,262,green,262::green,小气道功能障碍,6,train,275,285,1.0363636363636364
row_003149__labour,3149,labour,262,red,262::red,小气道功能障碍,6,val,281,291,1.0355871886120998
row_003151__labour,3151,labour,263,green,263::green,小气道功能障碍,6,train,251,232,1.081896551724138
row_003152__labour,3152,labour,263,red,263::red,小气道功能障碍,6,train,244,236,1.0338983050847457
row_003156__labour,3156,labour,266,blue,266::blue,小气道功能障碍,6,train,239,243,1.0167364016736402
row_003157__labour,3157,labour,266,green,266::green,小气道功能障碍,6,val,239,223,1.0717488789237668
row_003158__labour,3158,labour,266,red,266::red,小气道功能障碍,6,train,233,239,1.0257510729613735
row_003159__labour,3159,labour,267,blue,267::blue,小气道功能障碍,6,train,231,203,1.1379310344827587
row_003160__labour,3160,labour,267,green,267::green,小气道功能障碍,6,train,233,215,1.083720930232558
row_003161__labour,3161,labour,267,red,267::red,小气道功能障碍,6,train,232,210,1.1047619047619048
row_003162__labour,3162,labour,268,grey,268::grey,小气道功能障碍,6,train,242,231,1.0476190476190477
row_003163__labour,3163,labour,268,pink,268::pink,小气道功能障碍,6,val,235,224,1.0491071428571428
row_003164__labour,3164,labour,278,blue,278::blue,小气道功能障碍,6,train,323,294,1.098639455782313
row_003165__labour,3165,labour,278,green,278::green,小气道功能障碍,6,train,323,289,1.1176470588235294
row_003166__labour,3166,labour,278,red,278::red,小气道功能障碍,6,train,299,279,1.07168458781362
row_003167__labour,3167,labour,279,blue,279::blue,小气道功能障碍,6,test,300,282,1.0638297872340425
row_003168__labour,3168,labour,279,green,279::green,小气道功能障碍,6,train,300,294,1.0204081632653061
row_003169__labour,3169,labour,279,red,279::red,小气道功能障碍,6,test,299,271,1.103321033210332
row_003170__labour,3170,labour,280,blue,280::blue,小气道功能障碍,6,train,427,420,1.0166666666666666
row_003171__labour,3171,labour,280,green,280::green,小气道功能障碍,6,val,422,431,1.0213270142180095
row_003174__labour,3174,labour,281,green,281::green,小气道功能障碍,6,train,130,117,1.1111111111111112
row_003175__labour,3175,labour,281,red,281::red,小气道功能障碍,6,train,120,115,1.0434782608695652
row_003176__labour,3176,labour,282,blue,282::blue,小气道功能障碍,6,train,339,323,1.0495356037151702
row_003177__labour,3177,labour,282,green,282::green,小气道功能障碍,6,train,344,343,1.0029154518950438
row_003178__labour,3178,labour,282,red,282::red,小气道功能障碍,6,train,336,341,1.0148809523809523
row_003179__labour,3179,labour,283,blue,283::blue,小气道功能障碍,6,train,265,265,1.0
row_003180__labour,3180,labour,283,green,283::green,小气道功能障碍,6,test,258,249,1.036144578313253
row_003181__labour,3181,labour,283,red,283::red,小气道功能障碍,6,train,265,266,1.0037735849056604
row_003182__labour,3182,labour,284,blue,284::blue,小气道功能障碍,6,train,243,227,1.0704845814977975
row_003183__labour,3183,labour,284,green,284::green,小气道功能障碍,6,train,242,234,1.0341880341880343
row_003184__labour,3184,labour,284,red,284::red,小气道功能障碍,6,train,239,226,1.0575221238938053
row_003185__labour,3185,labour,285,blue,285::blue,小气道功能障碍,6,train,326,326,1.0
row_003186__labour,3186,labour,285,green,285::green,小气道功能障碍,6,train,327,269,1.2156133828996283
row_003188__labour,3188,labour,286,blue,286::blue,小气道功能障碍,6,train,398,400,1.0050251256281406
row_003189__labour,3189,labour,286,green,286::green,小气道功能障碍,6,test,389,390,1.0025706940874035
row_003190__labour,3190,labour,286,red,286::red,小气道功能障碍,6,train,390,387,1.0077519379844961
row_003192__labour,3192,labour,288,green,288::green,小气道功能障碍,6,train,321,325,1.0124610591900312
row_003193__labour,3193,labour,288,red,288::red,小气道功能障碍,6,train,302,269,1.1226765799256506
row_003194__labour,3194,labour,289,green,289::green,小气道功能障碍,6,train,187,187,1.0
row_003195__labour,3195,labour,289,red,289::red,小气道功能障碍,6,test,177,144,1.2291666666666667
row_003196__labour,3196,labour,290,blue,290::blue,小气道功能障碍,6,val,369,285,1.2947368421052632
row_003198__labour,3198,labour,290,red,290::red,小气道功能障碍,6,train,366,333,1.0990990990990992
row_003199__labour,3199,labour,291,blue,291::blue,小气道功能障碍,6,train,268,261,1.0268199233716475
row_003200__labour,3200,labour,291,green,291::green,小气道功能障碍,6,train,268,258,1.0387596899224807
row_003201__labour,3201,labour,291,red,291::red,小气道功能障碍,6,train,262,262,1.0
row_003202__labour,3202,labour,292,blue,292::blue,小气道功能障碍,6,val,381,381,1.0
row_003203__labour,3203,labour,292,green,292::green,小气道功能障碍,6,val,365,365,1.0
row_003205__labour,3205,labour,295,blue,295::blue,小气道功能障碍,6,test,315,331,1.0507936507936508
row_003206__labour,3206,labour,295,green,295::green,小气道功能障碍,6,train,311,331,1.0643086816720257
row_003207__labour,3207,labour,295,red,295::red,小气道功能障碍,6,test,321,333,1.0373831775700935
row_003208__labour,3208,labour,296,blue,296::blue,小气道功能障碍,6,test,280,249,1.1244979919678715
row_003209__labour,3209,labour,296,green,296::green,小气道功能障碍,6,train,277,245,1.1306122448979592
row_003210__labour,3210,labour,296,red,296::red,小气道功能障碍,6,train,288,260,1.1076923076923078
row_003211__labour,3211,labour,297,blue,297::blue,小气道功能障碍,6,val,247,246,1.0040650406504066
row_003212__labour,3212,labour,297,green,297::green,小气道功能障碍,6,test,250,244,1.0245901639344261
row_003213__labour,3213,labour,297,red,297::red,小气道功能障碍,6,test,243,234,1.0384615384615385
row_003214__labour,3214,labour,299,blue,299::blue,小气道功能障碍,6,train,253,265,1.0474308300395256
row_003215__labour,3215,labour,299,green,299::green,小气道功能障碍,6,train,267,258,1.0348837209302326
row_003216__labour,3216,labour,299,red,299::red,小气道功能障碍,6,test,262,254,1.031496062992126
row_003217__labour,3217,labour,301,cyan,301::cyan,小气道功能障碍,6,train,272,286,1.0514705882352942
row_003218__labour,3218,labour,301,green,301::green,小气道功能障碍,6,train,274,287,1.0474452554744527
row_003219__labour,3219,labour,301,red,301::red,小气道功能障碍,6,train,276,291,1.0543478260869565
row_003220__labour,3220,labour,305,blue,305::blue,小气道功能障碍,6,test,265,266,1.0037735849056604
row_003221__labour,3221,labour,305,green,305::green,小气道功能障碍,6,train,257,273,1.0622568093385214
row_003222__labour,3222,labour,305,red,305::red,小气道功能障碍,6,train,266,274,1.0300751879699248
row_003223__labour,3223,labour,307,blue,307::blue,小气道功能障碍,6,val,234,218,1.073394495412844
row_003224__labour,3224,labour,307,green,307::green,小气道功能障碍,6,train,231,219,1.0547945205479452
row_003225__labour,3225,labour,307,red,307::red,小气道功能障碍,6,train,232,227,1.0220264317180616
row_003226__labour,3226,labour,308,blue,308::blue,小气道功能障碍,6,val,322,303,1.0627062706270627
row_003227__labour,3227,labour,308,green,308::green,小气道功能障碍,6,train,328,314,1.0445859872611465
row_003228__labour,3228,labour,308,red,308::red,小气道功能障碍,6,train,326,314,1.0382165605095541
row_003229__labour,3229,labour,309,blue,309::blue,小气道功能障碍,6,train,391,371,1.0539083557951483
row_003230__labour,3230,labour,309,cyan,309::cyan,小气道功能障碍,6,train,386,366,1.0546448087431695
row_003232__labour,3232,labour,310,blue,310::blue,小气道功能障碍,6,train,268,250,1.072
row_003233__labour,3233,labour,310,green,310::green,小气道功能障碍,6,train,262,213,1.2300469483568075
row_003234__labour,3234,labour,310,red,310::red,小气道功能障碍,6,train,267,223,1.1973094170403586
row_003235__labour,3235,labour,311,green,311::green,小气道功能障碍,6,train,371,310,1.196774193548387
row_003236__labour,3236,labour,311,red,311::red,小气道功能障碍,6,train,368,330,1.1151515151515152
row_003237__labour,3237,labour,312,blue,312::blue,小气道功能障碍,6,test,278,302,1.0863309352517985
row_003238__labour,3238,labour,312,green,312::green,小气道功能障碍,6,train,278,294,1.0575539568345325
row_003239__labour,3239,labour,312,red,312::red,小气道功能障碍,6,val,278,286,1.0287769784172662
row_003240__labour,3240,labour,314,green,314::green,小气道功能障碍,6,val,234,250,1.0683760683760684
row_003241__labour,3241,labour,314,red,314::red,小气道功能障碍,6,train,224,223,1.0044843049327354
row_003242__labour,3242,labour,316,blue,316::blue,小气道功能障碍,6,test,374,319,1.1724137931034482
row_003243__labour,3243,labour,316,green,316::green,小气道功能障碍,6,val,373,334,1.1167664670658684
row_003244__labour,3244,labour,316,red,316::red,小气道功能障碍,6,train,375,305,1.2295081967213115
row_003245__labour,3245,labour,317,blue,317::blue,小气道功能障碍,6,train,194,157,1.2356687898089171
row_003246__labour,3246,labour,317,green,317::green,小气道功能障碍,6,train,178,188,1.0561797752808988
row_003247__labour,3247,labour,317,red,317::red,小气道功能障碍,6,train,203,185,1.0972972972972972
row_003248__labour,3248,labour,318,blue,318::blue,小气道功能障碍,6,train,236,226,1.0442477876106195
row_003249__labour,3249,labour,318,green,318::green,小气道功能障碍,6,train,232,234,1.0086206896551724
row_003250__labour,3250,labour,318,red,318::red,小气道功能障碍,6,train,228,245,1.0745614035087718
row_003251__labour,3251,labour,319,blue,319::blue,小气道功能障碍,6,train,286,279,1.025089605734767
row_003252__labour,3252,labour,319,green,319::green,小气道功能障碍,6,test,298,286,1.0419580419580419
row_003253__labour,3253,labour,319,red,319::red,小气道功能障碍,6,train,296,292,1.0136986301369864
row_003254__labour,3254,labour,320,blue,320::blue,小气道功能障碍,6,test,350,372,1.062857142857143
row_003255__labour,3255,labour,320,green,320::green,小气道功能障碍,6,test,346,398,1.1502890173410405
row_003256__labour,3256,labour,320,red,320::red,小气道功能障碍,6,train,354,390,1.1016949152542372
row_003257__labour,3257,labour,321,blue,321::blue,小气道功能障碍,6,train,277,281,1.0144404332129964
row_003258__labour,3258,labour,321,green,321::green,小气道功能障碍,6,test,282,280,1.0071428571428571
row_003259__labour,3259,labour,321,red,321::red,小气道功能障碍,6,test,261,278,1.0651340996168583
row_003260__labour,3260,labour,322,blue,322::blue,小气道功能障碍,6,train,405,390,1.0384615384615385
row_003261__labour,3261,labour,322,green,322::green,小气道功能障碍,6,train,393,362,1.0856353591160222
row_003262__labour,3262,labour,322,red,322::red,小气道功能障碍,6,train,394,374,1.053475935828877
row_003263__labour,3263,labour,323,blue,323::blue,小气道功能障碍,6,train,275,246,1.1178861788617886
row_003264__labour,3264,labour,323,green,323::green,小气道功能障碍,6,test,288,267,1.0786516853932584
row_003266__labour,3266,labour,324,blue,324::blue,小气道功能障碍,6,val,193,150,1.2866666666666666
row_003269__labour,3269,labour,325,blue,325::blue,小气道功能障碍,6,val,359,342,1.0497076023391814
row_003270__labour,3270,labour,325,green,325::green,小气道功能障碍,6,train,355,351,1.0113960113960114
row_003271__labour,3271,labour,325,red,325::red,小气道功能障碍,6,val,357,346,1.0317919075144508
row_003272__labour,3272,labour,326,blue,326::blue,小气道功能障碍,6,train,205,195,1.0512820512820513
row_003273__labour,3273,labour,326,purple,326::purple,小气道功能障碍,6,test,219,168,1.3035714285714286
row_003274__labour,3274,labour,326,red,326::red,小气道功能障碍,6,test,208,198,1.0505050505050506
row_003275__labour,3275,labour,327,green,327::green,小气道功能障碍,6,train,360,334,1.0778443113772456
row_003276__labour,3276,labour,327,purple,327::purple,小气道功能障碍,6,val,346,329,1.0516717325227964
row_003277__labour,3277,labour,327,red,327::red,小气道功能障碍,6,train,366,342,1.0701754385964912
row_003278__labour,3278,labour,329,blue,329::blue,小气道功能障碍,6,train,340,359,1.0558823529411765
row_003279__labour,3279,labour,329,red,329::red,小气道功能障碍,6,train,339,361,1.064896755162242
row_003280__labour,3280,labour,330,blue,330::blue,小气道功能障碍,6,train,311,320,1.0289389067524115
row_003281__labour,3281,labour,330,green,330::green,小气道功能障碍,6,train,307,309,1.006514657980456
row_003282__labour,3282,labour,330,red,330::red,小气道功能障碍,6,train,315,323,1.0253968253968253
row_003283__labour,3283,labour,332,blue,332::blue,小气道功能障碍,6,train,362,363,1.0027624309392265
row_003284__labour,3284,labour,332,green,332::green,小气道功能障碍,6,train,369,355,1.0394366197183098
row_003285__labour,3285,labour,332,red,332::red,小气道功能障碍,6,train,358,362,1.011173184357542
row_003286__labour,3286,labour,333,blue,333::blue,小气道功能障碍,6,train,280,282,1.0071428571428571
row_003287__labour,3287,labour,333,green,333::green,小气道功能障碍,6,train,275,268,1.0261194029850746
row_003288__labour,3288,labour,333,red,333::red,小气道功能障碍,6,val,282,275,1.0254545454545454
row_003289__labour,3289,labour,334,blue,334::blue,小气道功能障碍,6,val,322,313,1.0287539936102237
row_003290__labour,3290,labour,334,green,334::green,小气道功能障碍,6,train,322,299,1.0769230769230769
row_003291__labour,3291,labour,334,red,334::red,小气道功能障碍,6,train,326,307,1.0618892508143323
row_003292__labour,3292,labour,335,blue,335::blue,小气道功能障碍,6,val,303,305,1.0066006600660067
row_003293__labour,3293,labour,335,green,335::green,小气道功能障碍,6,train,297,242,1.2272727272727273
row_003294__labour,3294,labour,335,red,335::red,小气道功能障碍,6,train,302,266,1.1353383458646618
row_003295__labour,3295,labour,336,blue,336::blue,小气道功能障碍,6,train,273,272,1.0036764705882353
row_003296__labour,3296,labour,336,red,336::red,小气道功能障碍,6,train,269,258,1.0426356589147288
row_003297__labour,3297,labour,337,blue,337::blue,小气道功能障碍,6,train,402,419,1.0422885572139304
row_003298__labour,3298,labour,337,green,337::green,小气道功能障碍,6,test,395,407,1.030379746835443
row_003299__labour,3299,labour,337,red,337::red,小气道功能障碍,6,val,403,413,1.0248138957816377
row_003300__labour,3300,labour,338,blue,338::blue,小气道功能障碍,6,train,162,133,1.218045112781955
row_003302__labour,3302,labour,338,red,338::red,小气道功能障碍,6,train,169,126,1.3412698412698412
row_003303__labour,3303,labour,339,blue,339::blue,小气道功能障碍,6,train,222,225,1.0135135135135136
row_003304__labour,3304,labour,339,green,339::green,小气道功能障碍,6,train,227,215,1.0558139534883721
row_003305__labour,3305,labour,339,red,339::red,小气道功能障碍,6,train,230,225,1.0222222222222221
row_003306__labour,3306,labour,340,blue,340::blue,小气道功能障碍,6,train,366,302,1.2119205298013245
row_003307__labour,3307,labour,340,green,340::green,小气道功能障碍,6,train,361,299,1.2073578595317727
row_003308__labour,3308,labour,340,red,340::red,小气道功能障碍,6,train,355,338,1.0502958579881656
row_003309__labour,3309,labour,345,blue,345::blue,小气道功能障碍,6,train,389,390,1.0025706940874035
row_003310__labour,3310,labour,345,green,345::green,小气道功能障碍,6,train,389,367,1.0599455040871935
row_003311__labour,3311,labour,345,red,345::red,小气道功能障碍,6,test,386,370,1.0432432432432432
row_003313__labour,3313,labour,346,green,346::green,小气道功能障碍,6,test,385,384,1.0026041666666667
row_003314__labour,3314,labour,346,red,346::red,小气道功能障碍,6,val,372,374,1.0053763440860215
row_003315__labour,3315,labour,349,blue,349::blue,小气道功能障碍,6,train,156,142,1.0985915492957747
row_003316__labour,3316,labour,349,green,349::green,小气道功能障碍,6,train,155,170,1.096774193548387
row_003317__labour,3317,labour,349,red,349::red,小气道功能障碍,6,test,157,174,1.10828025477707
row_003318__labour,3318,labour,350,blue,350::blue,小气道功能障碍,6,val,423,431,1.0189125295508275
row_003319__labour,3319,labour,350,green,350::green,小气道功能障碍,6,train,430,376,1.1436170212765957
row_003320__labour,3320,labour,350,red,350::red,小气道功能障碍,6,test,431,411,1.048661800486618
row_003321__labour,3321,labour,352,blue,352::blue,小气道功能障碍,6,val,150,149,1.0067114093959733
row_003324__labour,3324,labour,353,blue,353::blue,小气道功能障碍,6,train,210,166,1.2650602409638554
row_003325__labour,3325,labour,353,green,353::green,小气道功能障碍,6,train,212,170,1.2470588235294118
row_003326__labour,3326,labour,353,red,353::red,小气道功能障碍,6,test,211,161,1.31055900621118
row_003327__labour,3327,labour,354,blue,354::blue,小气道功能障碍,6,train,405,394,1.0279187817258884
row_003328__labour,3328,labour,354,green,354::green,小气道功能障碍,6,train,393,405,1.0305343511450382
row_003329__labour,3329,labour,354,red,354::red,小气道功能障碍,6,val,406,406,1.0
row_003330__labour,3330,labour,356,blue,356::blue,小气道功能障碍,6,train,207,220,1.0628019323671498
row_003331__labour,3331,labour,356,green,356::green,小气道功能障碍,6,train,212,222,1.0471698113207548
row_003332__labour,3332,labour,356,red,356::red,小气道功能障碍,6,train,213,229,1.0751173708920188
row_003333__labour,3333,labour,359,blue,359::blue,小气道功能障碍,6,val,313,314,1.0031948881789137
row_003334__labour,3334,labour,359,green,359::green,小气道功能障碍,6,train,306,302,1.0132450331125828
row_003335__labour,3335,labour,359,red,359::red,小气道功能障碍,6,train,312,314,1.0064102564102564
row_003336__labour,3336,labour,360,blue,360::blue,小气道功能障碍,6,val,255,266,1.0431372549019609
row_003337__labour,3337,labour,360,green,360::green,小气道功能障碍,6,train,266,267,1.0037593984962405
row_003338__labour,3338,labour,360,red,360::red,小气道功能障碍,6,train,270,270,1.0
row_003339__labour,3339,labour,363,blue,363::blue,小气道功能障碍,6,test,396,398,1.005050505050505
row_003340__labour,3340,labour,363,green,363::green,小气道功能障碍,6,test,394,397,1.0076142131979695
row_003341__labour,3341,labour,363,red,363::red,小气道功能障碍,6,test,393,391,1.0051150895140666
row_003342__labour,3342,labour,381,blue,381::blue,小气道功能障碍,6,train,259,266,1.027027027027027
row_003343__labour,3343,labour,381,green,381::green,小气道功能障碍,6,train,275,297,1.08
row_003344__labour,3344,labour,384,red,384::red,小气道功能障碍,6,val,356,380,1.0674157303370786
row_003345__labour,3345,labour,384,blue,384::blue,小气道功能障碍,6,train,356,372,1.0449438202247192
row_003346__labour,3346,labour,384,green,384::green,小气道功能障碍,6,test,363,380,1.046831955922865
row_003347__labour,3347,labour,385,red,385::red,小气道功能障碍,6,train,352,304,1.1578947368421053
row_003348__labour,3348,labour,385,blue,385::blue,小气道功能障碍,6,train,349,312,1.1185897435897436
row_003349__labour,3349,labour,385,green,385::green,小气道功能障碍,6,val,352,325,1.083076923076923
row_003350__labour,3350,labour,387,red,387::red,小气道功能障碍,6,val,224,222,1.009009009009009
row_003351__labour,3351,labour,387,blue,387::blue,小气道功能障碍,6,train,222,242,1.09009009009009
row_003352__labour,3352,labour,387,green,387::green,小气道功能障碍,6,train,218,241,1.1055045871559632
row_003353__labour,3353,labour,389,blue,389::blue,小气道功能障碍,6,val,260,263,1.0115384615384615
row_003354__labour,3354,labour,411,green,411::green,小气道功能障碍,6,train,376,370,1.0162162162162163
row_003355__labour,3355,labour,411,pink,411::pink,小气道功能障碍,6,train,375,366,1.0245901639344261
row_003356__labour,3356,labour,411,red,411::red,小气道功能障碍,6,train,374,369,1.013550135501355
row_003357__labour,3357,labour,412,green,412::green,小气道功能障碍,6,train,374,371,1.0080862533692723
row_003358__labour,3358,labour,412,pink,412::pink,小气道功能障碍,6,train,375,366,1.0245901639344261
row_003359__labour,3359,labour,412,red,412::red,小气道功能障碍,6,train,377,370,1.018918918918919
row_003360__labour,3360,labour,414,blue,414::blue,小气道功能障碍,6,test,345,296,1.1655405405405406
row_003361__labour,3361,labour,414,green,414::green,小气道功能障碍,6,train,351,333,1.054054054054054
row_003362__labour,3362,labour,414,red,414::red,小气道功能障碍,6,val,359,313,1.1469648562300319
row_003364__labour,3364,labour,415,green,415::green,小气道功能障碍,6,train,264,256,1.03125
row_003365__labour,3365,labour,415,red,415::red,小气道功能障碍,6,val,266,218,1.2201834862385321
row_003366__labour,3366,labour,417,blue,417::blue,小气道功能障碍,6,train,192,197,1.0260416666666667
row_003367__labour,3367,labour,417,green,417::green,小气道功能障碍,6,train,204,225,1.1029411764705883
row_003368__labour,3368,labour,418,blue,418::blue,小气道功能障碍,6,train,253,254,1.0039525691699605
row_003369__labour,3369,labour,418,green,418::green,小气道功能障碍,6,test,243,254,1.045267489711934
row_003370__labour,3370,labour,418,red,418::red,小气道功能障碍,6,train,241,266,1.103734439834025
row_003371__labour,3371,labour,419,blue,419::blue,小气道功能障碍,6,train,413,393,1.0508905852417303
row_003373__labour,3373,labour,419,red,419::red,小气道功能障碍,6,train,410,344,1.191860465116279
row_003374__labour,3374,labour,420,blue,420::blue,小气道功能障碍,6,train,187,195,1.0427807486631016
row_003375__labour,3375,labour,420,pink,420::pink,小气道功能障碍,6,train,186,189,1.0161290322580645
row_003376__labour,3376,labour,420,red,420::red,小气道功能障碍,6,train,192,194,1.0104166666666667
row_003377__labour,3377,labour,2,red,2::red,限制性通气功能障碍,1,train,99,99,1.0
row_003378__labour,3378,labour,2,green,2::green,限制性通气功能障碍,1,train,104,107,1.0288461538461537
row_003379__labour,3379,labour,3,blue,3::blue,限制性通气功能障碍,1,val,222,215,1.0325581395348837
row_003380__labour,3380,labour,3,red,3::red,限制性通气功能障碍,1,train,230,211,1.0900473933649288
row_003381__labour,3381,labour,4,blue,4::blue,限制性通气功能障碍,1,train,146,127,1.1496062992125984
row_003382__labour,3382,labour,4,red,4::red,限制性通气功能障碍,1,train,143,119,1.2016806722689075
row_003384__labour,3384,labour,8,blue,8::blue,限制性通气功能障碍,1,train,179,158,1.1329113924050633
row_003385__labour,3385,labour,8,red,8::red,限制性通气功能障碍,1,val,179,163,1.098159509202454
row_003386__labour,3386,labour,8,green,8::green,限制性通气功能障碍,1,train,178,170,1.0470588235294118
row_003387__labour,3387,labour,9,blue,9::blue,限制性通气功能障碍,1,train,170,168,1.0119047619047619
row_003388__labour,3388,labour,9,red,9::red,限制性通气功能障碍,1,train,175,175,1.0
row_003389__labour,3389,labour,9,green,9::green,限制性通气功能障碍,1,train,168,171,1.0178571428571428
row_003390__labour,3390,labour,11,blue,11::blue,限制性通气功能障碍,1,train,182,175,1.04
row_003391__labour,3391,labour,11,red,11::red,限制性通气功能障碍,1,train,183,166,1.1024096385542168
row_003392__labour,3392,labour,11,green,11::green,限制性通气功能障碍,1,val,178,158,1.1265822784810127
row_003393__labour,3393,labour,12,blue,12::blue,限制性通气功能障碍,1,train,170,170,1.0
row_003394__labour,3394,labour,12,red,12::red,限制性通气功能障碍,1,train,184,182,1.010989010989011
row_003395__labour,3395,labour,12,green,12::green,限制性通气功能障碍,1,test,174,175,1.0057471264367817
row_003396__labour,3396,labour,13,blue,13::blue,限制性通气功能障碍,1,val,174,178,1.0229885057471264
row_003397__labour,3397,labour,13,red,13::red,限制性通气功能障碍,1,train,171,177,1.0350877192982457
row_003398__labour,3398,labour,13,green,13::green,限制性通气功能障碍,1,train,175,174,1.0057471264367817
row_003399__labour,3399,labour,14,blue,14::blue,限制性通气功能障碍,1,val,102,101,1.00990099009901
row_003400__labour,3400,labour,14,red,14::red,限制性通气功能障碍,1,train,102,100,1.02
row_003401__labour,3401,labour,15,blue,15::blue,限制性通气功能障碍,1,train,94,88,1.0681818181818181
row_003402__labour,3402,labour,15,red,15::red,限制性通气功能障碍,1,train,114,112,1.0178571428571428
row_003403__labour,3403,labour,15,green,15::green,限制性通气功能障碍,1,train,115,113,1.0176991150442478
row_003404__labour,3404,labour,17,blue,17::blue,限制性通气功能障碍,1,train,66,54,1.2222222222222223
row_003405__labour,3405,labour,17,red,17::red,限制性通气功能障碍,1,train,79,77,1.025974025974026
row_003406__labour,3406,labour,17,green,17::green,限制性通气功能障碍,1,train,96,97,1.0104166666666667
row_003410__labour,3410,labour,19,blue,19::blue,限制性通气功能障碍,1,train,114,113,1.008849557522124
row_003411__labour,3411,labour,19,red,19::red,限制性通气功能障碍,1,val,108,108,1.0
row_003412__labour,3412,labour,19,green,19::green,限制性通气功能障碍,1,train,115,114,1.0087719298245614
row_003413__labour,3413,labour,20,blue,20::blue,限制性通气功能障碍,1,train,320,274,1.167883211678832
row_003414__labour,3414,labour,20,red,20::red,限制性通气功能障碍,1,test,320,282,1.1347517730496455
row_003415__labour,3415,labour,20,green,20::green,限制性通气功能障碍,1,train,319,270,1.1814814814814816
row_003416__labour,3416,labour,21,blue,21::blue,限制性通气功能障碍,1,train,149,114,1.3070175438596492
row_003417__labour,3417,labour,21,red,21::red,限制性通气功能障碍,1,test,148,121,1.2231404958677685
row_003418__labour,3418,labour,21,purple,21::purple,限制性通气功能障碍,1,train,147,119,1.2352941176470589
row_003419__labour,3419,labour,22,blue,22::blue,限制性通气功能障碍,1,train,143,127,1.125984251968504
row_003420__labour,3420,labour,22,red,22::red,限制性通气功能障碍,1,test,136,136,1.0
row_003421__labour,3421,labour,23,red,23::red,限制性通气功能障碍,1,train,261,245,1.0653061224489795
row_003422__labour,3422,labour,23,green,23::green,限制性通气功能障碍,1,train,248,240,1.0333333333333334
row_003423__labour,3423,labour,23,purple,23::purple,限制性通气功能障碍,1,train,261,230,1.1347826086956523
row_003424__labour,3424,labour,24,blue,24::blue,限制性通气功能障碍,1,train,236,240,1.0169491525423728
row_003425__labour,3425,labour,24,red,24::red,限制性通气功能障碍,1,test,262,261,1.003831417624521
row_003426__labour,3426,labour,24,purple,24::purple,限制性通气功能障碍,1,train,248,230,1.0782608695652174
row_003427__labour,3427,labour,25,red,25::red,限制性通气功能障碍,1,train,268,273,1.0186567164179106
row_003428__labour,3428,labour,25,green,25::green,限制性通气功能障碍,1,train,265,268,1.0113207547169811
row_003429__labour,3429,labour,25,purple,25::purple,限制性通气功能障碍,1,val,261,250,1.044
row_003430__labour,3430,labour,26,blue,26::blue,限制性通气功能障碍,1,val,262,204,1.2843137254901962
row_003433__labour,3433,labour,27,blue,27::blue,限制性通气功能障碍,1,train,244,245,1.0040983606557377
row_003434__labour,3434,labour,30,blue,30::blue,限制性通气功能障碍,1,train,194,207,1.0670103092783505
row_003435__labour,3435,labour,30,red,30::red,限制性通气功能障碍,1,val,194,204,1.0515463917525774
row_003436__labour,3436,labour,30,green,30::green,限制性通气功能障碍,1,train,193,211,1.0932642487046633
row_003437__labour,3437,labour,31,blue,31::blue,限制性通气功能障碍,1,test,197,200,1.015228426395939
row_003438__labour,3438,labour,31,green,31::green,限制性通气功能障碍,1,val,201,196,1.0255102040816326
row_003439__labour,3439,labour,32,blue,32::blue,限制性通气功能障碍,1,train,225,222,1.0135135135135136
row_003440__labour,3440,labour,32,red,32::red,限制性通气功能障碍,1,train,231,231,1.0
row_003441__labour,3441,labour,32,green,32::green,限制性通气功能障碍,1,test,229,231,1.0087336244541485
row_003442__labour,3442,labour,33,blue,33::blue,限制性通气功能障碍,1,train,230,232,1.008695652173913
row_003443__labour,3443,labour,33,red,33::red,限制性通气功能障碍,1,train,275,274,1.0036496350364963
row_003445__labour,3445,labour,35,blue,35::blue,限制性通气功能障碍,1,train,124,119,1.0420168067226891
row_003446__labour,3446,labour,35,red,35::red,限制性通气功能障碍,1,train,120,115,1.0434782608695652
row_003447__labour,3447,labour,35,green,35::green,限制性通气功能障碍,1,train,128,114,1.1228070175438596
row_003448__labour,3448,labour,38,blue,38::blue,限制性通气功能障碍,1,val,186,190,1.021505376344086
row_003449__labour,3449,labour,38,red,38::red,限制性通气功能障碍,1,train,183,187,1.0218579234972678
row_003450__labour,3450,labour,38,green,38::green,限制性通气功能障碍,1,train,187,191,1.0213903743315509
row_003451__labour,3451,labour,40,blue,40::blue,限制性通气功能障碍,1,test,172,162,1.0617283950617284
row_003452__labour,3452,labour,41,red,41::red,限制性通气功能障碍,1,train,284,238,1.1932773109243697
row_003453__labour,3453,labour,41,green,41::green,限制性通气功能障碍,1,val,282,237,1.1898734177215189
row_003454__labour,3454,labour,42,red,42::red,限制性通气功能障碍,1,val,246,267,1.0853658536585367
row_003455__labour,3455,labour,42,green,42::green,限制性通气功能障碍,1,test,247,247,1.0
row_003456__labour,3456,labour,43,red,43::red,限制性通气功能障碍,1,train,235,231,1.0173160173160174
row_003457__labour,3457,labour,43,green,43::green,限制性通气功能障碍,1,train,217,219,1.0092165898617511
row_003458__labour,3458,labour,45,red,45::red,限制性通气功能障碍,1,train,190,189,1.0052910052910053
row_003459__labour,3459,labour,45,green,45::green,限制性通气功能障碍,1,val,182,183,1.0054945054945055
row_003460__labour,3460,labour,46,red,46::red,限制性通气功能障碍,1,train,168,167,1.0059880239520957
row_003461__labour,3461,labour,46,green,46::green,限制性通气功能障碍,1,train,166,166,1.0
row_003462__labour,3462,labour,47,red,47::red,限制性通气功能障碍,1,test,171,170,1.0058823529411764
row_003463__labour,3463,labour,47,green,47::green,限制性通气功能障碍,1,train,166,171,1.0301204819277108
row_003464__labour,3464,labour,49,red,49::red,限制性通气功能障碍,1,train,170,171,1.0058823529411764
row_003466__labour,3466,labour,51,red,51::red,限制性通气功能障碍,1,train,158,158,1.0
row_003467__labour,3467,labour,51,green,51::green,限制性通气功能障碍,1,train,159,158,1.0063291139240507
row_003468__labour,3468,labour,54,red,54::red,限制性通气功能障碍,1,val,246,270,1.0975609756097562
row_003469__labour,3469,labour,54,green,54::green,限制性通气功能障碍,1,val,249,261,1.0481927710843373
row_003470__labour,3470,labour,55,red,55::red,限制性通气功能障碍,1,train,198,194,1.0206185567010309
row_003471__labour,3471,labour,55,green,55::green,限制性通气功能障碍,1,test,188,188,1.0
row_003472__labour,3472,labour,56,red,56::red,限制性通气功能障碍,1,train,238,239,1.004201680672269
row_003473__labour,3473,labour,56,green,56::green,限制性通气功能障碍,1,train,234,226,1.0353982300884956
row_003474__labour,3474,labour,57,red,57::red,限制性通气功能障碍,1,train,162,162,1.0
row_003475__labour,3475,labour,57,green,57::green,限制性通气功能障碍,1,train,159,159,1.0
row_003476__labour,3476,labour,58,red,58::red,限制性通气功能障碍,1,train,282,281,1.00355871886121
row_003477__labour,3477,labour,58,green,58::green,限制性通气功能障碍,1,train,287,285,1.0070175438596491
row_003478__labour,3478,labour,60,red,60::red,限制性通气功能障碍,1,test,238,226,1.0530973451327434
row_003479__labour,3479,labour,60,green,60::green,限制性通气功能障碍,1,train,239,202,1.183168316831683
row_003480__labour,3480,labour,61,red,61::red,限制性通气功能障碍,1,test,263,260,1.0115384615384615
row_003481__labour,3481,labour,61,green,61::green,限制性通气功能障碍,1,test,258,262,1.0155038759689923
row_003482__labour,3482,labour,62,red,62::red,限制性通气功能障碍,1,train,170,158,1.0759493670886076
row_003483__labour,3483,labour,62,green,62::green,限制性通气功能障碍,1,train,172,154,1.1168831168831168
row_003484__labour,3484,labour,63,red,63::red,限制性通气功能障碍,1,train,255,243,1.0493827160493827
row_003485__labour,3485,labour,63,green,63::green,限制性通气功能障碍,1,train,251,252,1.00398406374502
row_003486__labour,3486,labour,64,red,64::red,限制性通气功能障碍,1,train,343,337,1.0178041543026706
row_003487__labour,3487,labour,64,green,64::green,限制性通气功能障碍,1,val,336,322,1.0434782608695652
row_003488__labour,3488,labour,65,red,65::red,限制性通气功能障碍,1,train,174,175,1.0057471264367817
row_003489__labour,3489,labour,65,green,65::green,限制性通气功能障碍,1,train,182,171,1.064327485380117
row_003490__labour,3490,labour,67,red,67::red,限制性通气功能障碍,1,train,103,100,1.03
row_003491__labour,3491,labour,67,green,67::green,限制性通气功能障碍,1,train,98,105,1.0714285714285714
row_003492__labour,3492,labour,67,purple,67::purple,限制性通气功能障碍,1,train,102,99,1.0303030303030303
row_003493__labour,3493,labour,78,red,78::red,限制性通气功能障碍,1,val,367,358,1.0251396648044693
row_003494__labour,3494,labour,78,green,78::green,限制性通气功能障碍,1,train,362,346,1.046242774566474
row_003495__labour,3495,labour,79,red,79::red,限制性通气功能障碍,1,test,338,341,1.0088757396449703
row_003496__labour,3496,labour,79,green,79::green,限制性通气功能障碍,1,val,347,342,1.0146198830409356
row_003497__labour,3497,labour,80,red,80::red,限制性通气功能障碍,1,train,307,295,1.040677966101695
row_003498__labour,3498,labour,80,green,80::green,限制性通气功能障碍,1,train,295,290,1.0172413793103448
row_003499__labour,3499,labour,83,red,83::red,限制性通气功能障碍,1,train,254,255,1.0039370078740157
row_003500__labour,3500,labour,83,green,83::green,限制性通气功能障碍,1,train,252,262,1.0396825396825398
row_003501__labour,3501,labour,84,green,84::green,限制性通气功能障碍,1,train,253,255,1.007905138339921
row_003502__labour,3502,labour,85,purple,85::purple,限制性通气功能障碍,1,train,206,184,1.1195652173913044
row_003503__labour,3503,labour,86,red,86::red,限制性通气功能障碍,1,train,146,147,1.0068493150684932
row_003504__labour,3504,labour,86,green,86::green,限制性通气功能障碍,1,test,149,143,1.0419580419580419
row_003505__labour,3505,labour,87,red,87::red,限制性通气功能障碍,1,train,91,91,1.0
row_003506__labour,3506,labour,87,green,87::green,限制性通气功能障碍,1,train,91,88,1.0340909090909092
row_003507__labour,3507,labour,88,red,88::red,限制性通气功能障碍,1,test,81,78,1.0384615384615385
row_003508__labour,3508,labour,88,green,88::green,限制性通气功能障碍,1,train,80,78,1.0256410256410255
row_003511__labour,3511,labour,90,red,90::red,限制性通气功能障碍,1,val,143,114,1.2543859649122806
row_003512__labour,3512,labour,90,green,90::green,限制性通气功能障碍,1,train,143,122,1.1721311475409837
row_003513__labour,3513,labour,91,red,91::red,限制性通气功能障碍,1,train,235,235,1.0
row_003514__labour,3514,labour,91,green,91::green,限制性通气功能障碍,1,train,233,203,1.1477832512315271
row_003515__labour,3515,labour,93,red,93::red,限制性通气功能障碍,1,train,251,238,1.0546218487394958
row_003516__labour,3516,labour,93,green,93::green,限制性通气功能障碍,1,train,254,229,1.1091703056768558
row_003517__labour,3517,labour,94,red,94::red,限制性通气功能障碍,1,val,191,158,1.2088607594936709
row_003518__labour,3518,labour,94,green,94::green,限制性通气功能障碍,1,train,194,146,1.3287671232876712
row_003519__labour,3519,labour,96,green,96::green,限制性通气功能障碍,1,train,255,256,1.003921568627451
row_003521__labour,3521,labour,98,green,98::green,限制性通气功能障碍,1,train,166,167,1.0060240963855422
row_003522__labour,3522,labour,99,red,99::red,限制性通气功能障碍,1,train,180,179,1.005586592178771
row_003523__labour,3523,labour,121,blue,121::blue,限制性通气功能障碍,1,val,241,249,1.033195020746888
row_003524__labour,3524,labour,121,red,121::red,限制性通气功能障碍,1,val,245,246,1.0040816326530613
row_003525__labour,3525,labour,121,green,121::green,限制性通气功能障碍,1,train,240,244,1.0166666666666666
row_003527__labour,3527,labour,123,blue,123::blue,限制性通气功能障碍,1,train,191,220,1.1518324607329844
row_003528__labour,3528,labour,123,red,123::red,限制性通气功能障碍,1,val,199,214,1.0753768844221105
row_003529__labour,3529,labour,125,blue,125::blue,限制性通气功能障碍,1,train,105,104,1.0096153846153846
row_003530__labour,3530,labour,125,green,125::green,限制性通气功能障碍,1,train,100,100,1.0
row_003531__labour,3531,labour,125,pink,125::pink,限制性通气功能障碍,1,train,102,93,1.096774193548387
row_003532__labour,3532,labour,126,blue,126::blue,限制性通气功能障碍,1,train,239,247,1.0334728033472804
row_003533__labour,3533,labour,126,red,126::red,限制性通气功能障碍,1,train,186,190,1.021505376344086
row_003534__labour,3534,labour,126,green,126::green,限制性通气功能障碍,1,train,234,249,1.064102564102564
row_003535__labour,3535,labour,127,pink,127::pink,限制性通气功能障碍,1,train,162,189,1.1666666666666667
row_003536__labour,3536,labour,129,red,129::red,限制性通气功能障碍,1,train,221,220,1.0045454545454546
row_003537__labour,3537,labour,129,green,129::green,限制性通气功能障碍,1,train,218,219,1.0045871559633028
row_003538__labour,3538,labour,130,blue,130::blue,限制性通气功能障碍,1,test,206,212,1.029126213592233
row_003539__labour,3539,labour,130,red,130::red,限制性通气功能障碍,1,train,205,216,1.053658536585366
row_003540__labour,3540,labour,130,green,130::green,限制性通气功能障碍,1,train,206,216,1.0485436893203883
row_003542__labour,3542,labour,131,green,131::green,限制性通气功能障碍,1,test,178,144,1.2361111111111112
row_003543__labour,3543,labour,133,blue,133::blue,限制性通气功能障碍,1,train,124,114,1.087719298245614
row_003544__labour,3544,labour,133,red,133::red,限制性通气功能障碍,1,train,118,98,1.2040816326530612
row_003545__labour,3545,labour,133,green,133::green,限制性通气功能障碍,1,train,118,122,1.0338983050847457
row_003546__labour,3546,labour,134,blue,134::blue,限制性通气功能障碍,1,train,150,155,1.0333333333333334
row_003548__labour,3548,labour,137,blue,137::blue,限制性通气功能障碍,1,test,138,124,1.1129032258064515
row_003550__labour,3550,labour,137,green,137::green,限制性通气功能障碍,1,test,141,137,1.0291970802919708
row_003551__labour,3551,labour,138,blue,138::blue,限制性通气功能障碍,1,train,169,172,1.017751479289941
row_003552__labour,3552,labour,138,green,138::green,限制性通气功能障碍,1,train,161,154,1.0454545454545454
row_003553__labour,3553,labour,139,red,139::red,限制性通气功能障碍,1,train,153,151,1.0132450331125828
row_003554__labour,3554,labour,139,green,139::green,限制性通气功能障碍,1,train,151,124,1.217741935483871
row_003555__labour,3555,labour,139,pink,139::pink,限制性通气功能障碍,1,train,155,151,1.0264900662251655
row_003556__labour,3556,labour,140,blue,140::blue,限制性通气功能障碍,1,train,260,259,1.0038610038610039
row_003557__labour,3557,labour,140,red,140::red,限制性通气功能障碍,1,train,260,254,1.0236220472440944
row_003558__labour,3558,labour,140,green,140::green,限制性通气功能障碍,1,train,266,254,1.047244094488189
row_003559__labour,3559,labour,141,blue,141::blue,限制性通气功能障碍,1,train,222,227,1.0225225225225225
row_003560__labour,3560,labour,141,green,141::green,限制性通气功能障碍,1,val,222,222,1.0
row_003561__labour,3561,labour,143,blue,143::blue,限制性通气功能障碍,1,train,194,191,1.0157068062827226
row_003562__labour,3562,labour,143,red,143::red,限制性通气功能障碍,1,train,214,192,1.1145833333333333
row_003563__labour,3563,labour,143,green,143::green,限制性通气功能障碍,1,train,199,192,1.0364583333333333
row_003564__labour,3564,labour,146,blue,146::blue,限制性通气功能障碍,1,val,131,126,1.0396825396825398
row_003565__labour,3565,labour,146,red,146::red,限制性通气功能障碍,1,train,135,134,1.007462686567164
row_003566__labour,3566,labour,146,green,146::green,限制性通气功能障碍,1,val,134,131,1.0229007633587786
row_003567__labour,3567,labour,147,red,147::red,限制性通气功能障碍,1,train,228,227,1.0044052863436124
row_003568__labour,3568,labour,147,green,147::green,限制性通气功能障碍,1,test,219,230,1.0502283105022832
row_003569__labour,3569,labour,147,pink,147::pink,限制性通气功能障碍,1,train,235,233,1.0085836909871244
row_003570__labour,3570,labour,148,blue,148::blue,限制性通气功能障碍,1,test,140,121,1.1570247933884297
row_003571__labour,3571,labour,148,red,148::red,限制性通气功能障碍,1,train,136,107,1.2710280373831775
row_003572__labour,3572,labour,148,green,148::green,限制性通气功能障碍,1,train,138,103,1.3398058252427185
row_003573__labour,3573,labour,149,red,149::red,限制性通气功能障碍,1,train,188,190,1.0106382978723405
row_003576__labour,3576,labour,150,blue,150::blue,限制性通气功能障碍,1,test,225,245,1.0888888888888888
row_003577__labour,3577,labour,150,red,150::red,限制性通气功能障碍,1,train,240,242,1.0083333333333333
row_003578__labour,3578,labour,150,green,150::green,限制性通气功能障碍,1,test,235,247,1.0510638297872341
row_003579__labour,3579,labour,151,blue,151::blue,限制性通气功能障碍,1,train,154,148,1.0405405405405406
row_003580__labour,3580,labour,151,red,151::red,限制性通气功能障碍,1,train,165,154,1.0714285714285714
row_003582__labour,3582,labour,153,blue,153::blue,限制性通气功能障碍,1,train,203,210,1.0344827586206897
row_003583__labour,3583,labour,153,green,153::green,限制性通气功能障碍,1,train,202,211,1.0445544554455446
row_003584__labour,3584,labour,157,blue,157::blue,限制性通气功能障碍,1,train,163,177,1.0858895705521472
row_003585__labour,3585,labour,157,red,157::red,限制性通气功能障碍,1,train,160,174,1.0875
row_003586__labour,3586,labour,159,blue,159::blue,限制性通气功能障碍,1,train,276,282,1.0217391304347827
row_003587__labour,3587,labour,159,red,159::red,限制性通气功能障碍,1,train,272,275,1.0110294117647058
row_003588__labour,3588,labour,159,green,159::green,限制性通气功能障碍,1,test,265,273,1.030188679245283
row_003589__labour,3589,labour,161,red,161::red,限制性通气功能障碍,1,train,193,200,1.0362694300518134
row_003590__labour,3590,labour,161,blue,161::blue,限制性通气功能障碍,1,test,186,187,1.0053763440860215
row_003591__labour,3591,labour,163,green,163::green,限制性通气功能障碍,1,train,220,179,1.229050279329609
row_003593__labour,3593,labour,163,baby blue,163::baby blue,限制性通气功能障碍,1,test,221,175,1.262857142857143
row_003594__labour,3594,labour,164,blue,164::blue,限制性通气功能障碍,1,train,169,171,1.0118343195266273
row_003595__labour,3595,labour,164,red,164::red,限制性通气功能障碍,1,train,160,159,1.0062893081761006
row_003596__labour,3596,labour,164,green,164::green,限制性通气功能障碍,1,test,158,155,1.0193548387096774
row_003597__labour,3597,labour,165,blue,165::blue,限制性通气功能障碍,1,train,261,252,1.0357142857142858
row_003598__labour,3598,labour,165,red,165::red,限制性通气功能障碍,1,train,259,260,1.0038610038610039
row_003599__labour,3599,labour,165,green,165::green,限制性通气功能障碍,1,train,259,262,1.0115830115830116
row_003600__labour,3600,labour,166,blue,166::blue,限制性通气功能障碍,1,train,145,159,1.096551724137931
row_003601__labour,3601,labour,169,baby blue,169::baby blue,限制性通气功能障碍,1,train,295,292,1.0102739726027397
row_003602__labour,3602,labour,169,blue,169::blue,限制性通气功能障碍,1,train,283,290,1.0247349823321554
row_003603__labour,3603,labour,170,blue,170::blue,限制性通气功能障碍,1,train,127,134,1.0551181102362204
row_003604__labour,3604,labour,170,red,170::red,限制性通气功能障碍,1,val,132,141,1.0681818181818181
row_003605__labour,3605,labour,170,green,170::green,限制性通气功能障碍,1,train,127,132,1.0393700787401574
row_003606__labour,3606,labour,171,blue,171::blue,限制性通气功能障碍,1,train,224,224,1.0
row_003607__labour,3607,labour,171,red,171::red,限制性通气功能障碍,1,train,215,223,1.0372093023255815
row_003608__labour,3608,labour,171,green,171::green,限制性通气功能障碍,1,val,221,225,1.0180995475113122
row_003609__labour,3609,labour,173,blue,173::blue,限制性通气功能障碍,1,train,289,300,1.0380622837370241
row_003610__labour,3610,labour,173,red,173::red,限制性通气功能障碍,1,train,300,304,1.0133333333333334
row_003611__labour,3611,labour,173,green,173::green,限制性通气功能障碍,1,test,287,261,1.0996168582375478
row_003612__labour,3612,labour,174,blue,174::blue,限制性通气功能障碍,1,train,161,160,1.00625
row_003613__labour,3613,labour,174,red,174::red,限制性通气功能障碍,1,train,159,157,1.0127388535031847
row_003614__labour,3614,labour,174,green,174::green,限制性通气功能障碍,1,train,156,167,1.0705128205128205
row_003615__labour,3615,labour,189,blue,189::blue,限制性通气功能障碍,1,test,302,264,1.143939393939394
row_003616__labour,3616,labour,189,red,189::red,限制性通气功能障碍,1,train,317,310,1.0225806451612902
row_003617__labour,3617,labour,189,green,189::green,限制性通气功能障碍,1,train,313,314,1.0031948881789137
row_003618__labour,3618,labour,191,blue,191::blue,限制性通气功能障碍,1,train,232,230,1.008695652173913
row_003620__labour,3620,labour,191,green,191::green,限制性通气功能障碍,1,val,236,202,1.1683168316831682
row_003621__labour,3621,labour,194,blue,194::blue,限制性通气功能障碍,1,train,84,98,1.1666666666666667
row_003622__labour,3622,labour,194,red,194::red,限制性通气功能障碍,1,train,89,108,1.2134831460674158
row_003623__labour,3623,labour,194,green,194::green,限制性通气功能障碍,1,val,86,90,1.0465116279069768
row_003624__labour,3624,labour,205,blue,205::blue,限制性通气功能障碍,1,train,269,262,1.0267175572519085
row_003625__labour,3625,labour,205,red,205::red,限制性通气功能障碍,1,train,266,245,1.0857142857142856
row_003626__labour,3626,labour,205,pink,205::pink,限制性通气功能障碍,1,train,267,247,1.0809716599190284
row_003627__labour,3627,labour,206,blue,206::blue,限制性通气功能障碍,1,val,385,385,1.0
row_003628__labour,3628,labour,206,pink,206::pink,限制性通气功能障碍,1,val,373,378,1.0134048257372654
row_003629__labour,3629,labour,207,blue,207::blue,限制性通气功能障碍,1,val,198,202,1.02020202020202
row_003630__labour,3630,labour,207,green,207::green,限制性通气功能障碍,1,train,203,203,1.0
row_003631__labour,3631,labour,207,pink,207::pink,限制性通气功能障碍,1,train,199,209,1.050251256281407
row_003632__labour,3632,labour,208,blue,208::blue,限制性通气功能障碍,1,test,150,156,1.04
row_003633__labour,3633,labour,208,red,208::red,限制性通气功能障碍,1,test,150,121,1.2396694214876034
row_003635__labour,3635,labour,210,blue,210::blue,限制性通气功能障碍,1,test,185,181,1.022099447513812
row_003636__labour,3636,labour,210,red,210::red,限制性通气功能障碍,1,val,186,185,1.0054054054054054
row_003637__labour,3637,labour,210,green,210::green,限制性通气功能障碍,1,train,185,189,1.0216216216216216
row_003638__labour,3638,labour,211,blue,211::blue,限制性通气功能障碍,1,train,194,198,1.0206185567010309
row_003639__labour,3639,labour,211,red,211::red,限制性通气功能障碍,1,train,191,194,1.0157068062827226
row_003640__labour,3640,labour,211,green,211::green,限制性通气功能障碍,1,train,188,196,1.0425531914893618
row_003641__labour,3641,labour,212,red,212::red,限制性通气功能障碍,1,val,134,135,1.007462686567164
row_003642__labour,3642,labour,212,green,212::green,限制性通气功能障碍,1,train,126,126,1.0
row_003643__labour,3643,labour,212,baby blue,212::baby blue,限制性通气功能障碍,1,train,123,135,1.0975609756097562
row_003644__labour,3644,labour,214,blue,214::blue,限制性通气功能障碍,1,val,232,258,1.1120689655172413
row_003645__labour,3645,labour,214,red,214::red,限制性通气功能障碍,1,train,241,263,1.0912863070539418
row_003646__labour,3646,labour,214,green,214::green,限制性通气功能障碍,1,test,242,250,1.0330578512396693
row_003647__labour,3647,labour,217,blue,217::blue,限制性通气功能障碍,1,train,174,172,1.0116279069767442
row_003648__labour,3648,labour,217,red,217::red,限制性通气功能障碍,1,train,177,166,1.0662650602409638
row_003649__labour,3649,labour,217,green,217::green,限制性通气功能障碍,1,train,161,161,1.0
row_003650__labour,3650,labour,218,blue,218::blue,限制性通气功能障碍,1,train,137,136,1.0073529411764706
row_003651__labour,3651,labour,218,red,218::red,限制性通气功能障碍,1,train,141,141,1.0
row_003652__labour,3652,labour,218,green,218::green,限制性通气功能障碍,1,train,135,126,1.0714285714285714
row_003653__labour,3653,labour,219,blue,219::blue,限制性通气功能障碍,1,train,210,210,1.0
row_003654__labour,3654,labour,219,green,219::green,限制性通气功能障碍,1,train,206,206,1.0
row_003655__labour,3655,labour,219,pink,219::pink,限制性通气功能障碍,1,train,192,205,1.0677083333333333
row_003656__labour,3656,labour,221,blue,221::blue,限制性通气功能障碍,1,val,192,190,1.0105263157894737
row_003657__labour,3657,labour,221,red,221::red,限制性通气功能障碍,1,train,195,197,1.0102564102564102
row_003658__labour,3658,labour,221,green,221::green,限制性通气功能障碍,1,train,199,199,1.0
row_003659__labour,3659,labour,242,color_1,242::color_1,限制性通气功能障碍,1,train,250,234,1.0683760683760684
row_003660__labour,3660,labour,242,color_2,242::color_2,限制性通气功能障碍,1,train,248,236,1.0508474576271187
row_003661__labour,3661,labour,242,color_3,242::color_3,限制性通气功能障碍,1,val,251,228,1.1008771929824561
row_003662__labour,3662,labour,243,color_1,243::color_1,限制性通气功能障碍,1,train,183,176,1.0397727272727273
row_003663__labour,3663,labour,244,color_1,244::color_1,限制性通气功能障碍,1,train,210,197,1.0659898477157361
row_003664__labour,3664,labour,244,color_2,244::color_2,限制性通气功能障碍,1,train,211,203,1.0394088669950738
row_003665__labour,3665,labour,244,color_3,244::color_3,限制性通气功能障碍,1,train,218,209,1.0430622009569377
row_003666__labour,3666,labour,247,color_4,247::color_4,限制性通气功能障碍,1,train,180,176,1.0227272727272727
row_003667__labour,3667,labour,247,color_6,247::color_6,限制性通气功能障碍,1,test,182,180,1.011111111111111
row_003668__labour,3668,labour,248,color_1,248::color_1,限制性通气功能障碍,1,train,298,311,1.0436241610738255
row_003669__labour,3669,labour,248,color_2,248::color_2,限制性通气功能障碍,1,train,304,317,1.042763157894737
row_003670__labour,3670,labour,248,color_3,248::color_3,限制性通气功能障碍,1,train,309,317,1.0258899676375404
row_003671__labour,3671,labour,249,color_1,249::color_1,限制性通气功能障碍,1,val,308,305,1.0098360655737706
row_003672__labour,3672,labour,249,color_2,249::color_2,限制性通气功能障碍,1,val,297,303,1.02020202020202
row_003673__labour,3673,labour,249,color_3,249::color_3,限制性通气功能障碍,1,train,305,312,1.022950819672131
row_003674__labour,3674,labour,251,color_1,251::color_1,限制性通气功能障碍,1,train,166,180,1.0843373493975903
row_003675__labour,3675,labour,251,color_2,251::color_2,限制性通气功能障碍,1,train,162,173,1.0679012345679013
row_003676__labour,3676,labour,251,color_3,251::color_3,限制性通气功能障碍,1,test,166,176,1.0602409638554218
row_003677__labour,3677,labour,253,color_2,253::color_2,限制性通气功能障碍,1,train,230,239,1.0391304347826087
row_003678__labour,3678,labour,254,color_1,254::color_1,限制性通气功能障碍,1,test,224,189,1.1851851851851851
row_003679__labour,3679,labour,254,color_2,254::color_2,限制性通气功能障碍,1,test,227,183,1.2404371584699454
row_003680__labour,3680,labour,254,color_3,254::color_3,限制性通气功能障碍,1,val,224,194,1.1546391752577319
row_003681__labour,3681,labour,255,color_1,255::color_1,限制性通气功能障碍,1,val,198,195,1.0153846153846153
row_003682__labour,3682,labour,256,color_3,256::color_3,限制性通气功能障碍,1,train,138,132,1.0454545454545454
row_003683__labour,3683,labour,256,color_4,256::color_4,限制性通气功能障碍,1,test,119,125,1.050420168067227
row_003684__labour,3684,labour,256,color_5,256::color_5,限制性通气功能障碍,1,test,133,119,1.1176470588235294
row_003685__labour,3685,labour,258,color_1,258::color_1,限制性通气功能障碍,1,train,192,195,1.015625
row_003686__labour,3686,labour,258,color_3,258::color_3,限制性通气功能障碍,1,train,192,199,1.0364583333333333
row_003687__labour,3687,labour,259,color_1,259::color_1,限制性通气功能障碍,1,train,189,181,1.0441988950276244
row_003688__labour,3688,labour,259,color_2,259::color_2,限制性通气功能障碍,1,train,203,190,1.068421052631579
row_003689__labour,3689,labour,259,color_6,259::color_6,限制性通气功能障碍,1,train,205,170,1.2058823529411764
row_003690__labour,3690,labour,261,color_1,261::color_1,限制性通气功能障碍,1,val,188,206,1.0957446808510638
row_003691__labour,3691,labour,261,color_2,261::color_2,限制性通气功能障碍,1,train,191,207,1.0837696335078535
row_003692__labour,3692,labour,261,color_3,261::color_3,限制性通气功能障碍,1,train,214,209,1.0239234449760766
row_003693__labour,3693,labour,265,color_1,265::color_1,限制性通气功能障碍,1,train,186,195,1.0483870967741935
row_003694__labour,3694,labour,265,color_2,265::color_2,限制性通气功能障碍,1,train,183,188,1.0273224043715847
row_003695__labour,3695,labour,266,color_1,266::color_1,限制性通气功能障碍,1,train,263,276,1.049429657794677
row_003696__labour,3696,labour,266,color_2,266::color_2,限制性通气功能障碍,1,val,264,267,1.0113636363636365
row_003697__labour,3697,labour,266,color_3,266::color_3,限制性通气功能障碍,1,train,254,279,1.0984251968503937
row_003698__labour,3698,labour,268,color_1,268::color_1,限制性通气功能障碍,1,val,105,114,1.0857142857142856
row_003699__labour,3699,labour,268,color_3,268::color_3,限制性通气功能障碍,1,train,107,122,1.1401869158878504
row_003700__labour,3700,labour,269,color_3,269::color_3,限制性通气功能障碍,1,train,135,152,1.125925925925926
row_003701__labour,3701,labour,269,color_6,269::color_6,限制性通气功能障碍,1,train,135,101,1.3366336633663367
row_003702__labour,3702,labour,270,color_2,270::color_2,限制性通气功能障碍,1,train,270,261,1.0344827586206897
row_003703__labour,3703,labour,270,color_3,270::color_3,限制性通气功能障碍,1,train,271,267,1.0149812734082397
row_003704__labour,3704,labour,270,color_5,270::color_5,限制性通气功能障碍,1,train,270,268,1.007462686567164
row_003705__labour,3705,labour,271,color_4,271::color_4,限制性通气功能障碍,1,test,267,255,1.0470588235294118
row_003706__labour,3706,labour,272,color_2,272::color_2,限制性通气功能障碍,1,train,130,127,1.0236220472440944
row_003707__labour,3707,labour,272,color_3,272::color_3,限制性通气功能障碍,1,train,137,131,1.0458015267175573
row_003708__labour,3708,labour,272,color_4,272::color_4,限制性通气功能障碍,1,train,135,128,1.0546875
row_003709__labour,3709,labour,275,color_1,275::color_1,限制性通气功能障碍,1,val,79,71,1.1126760563380282
row_003710__labour,3710,labour,275,color_2,275::color_2,限制性通气功能障碍,1,test,74,56,1.3214285714285714
row_003711__labour,3711,labour,275,color_3,275::color_3,限制性通气功能障碍,1,train,75,78,1.04
row_003712__labour,3712,labour,276,color_1,276::color_1,限制性通气功能障碍,1,test,173,179,1.0346820809248556
row_003713__labour,3713,labour,276,color_2,276::color_2,限制性通气功能障碍,1,train,172,184,1.069767441860465
row_003714__labour,3714,labour,276,color_3,276::color_3,限制性通气功能障碍,1,train,170,178,1.0470588235294118
row_003715__labour,3715,labour,277,color_1,277::color_1,限制性通气功能障碍,1,test,173,175,1.0115606936416186
row_003716__labour,3716,labour,277,color_2,277::color_2,限制性通气功能障碍,1,train,165,162,1.0185185185185186
row_003717__labour,3717,labour,277,color_4,277::color_4,限制性通气功能障碍,1,train,165,163,1.0122699386503067
row_003718__labour,3718,labour,278,color_1,278::color_1,限制性通气功能障碍,1,train,254,255,1.0039370078740157
row_003719__labour,3719,labour,278,color_2,278::color_2,限制性通气功能障碍,1,train,254,257,1.0118110236220472
row_003720__labour,3720,labour,278,color_4,278::color_4,限制性通气功能障碍,1,val,253,257,1.0158102766798418
row_003721__labour,3721,labour,280,color_1,280::color_1,限制性通气功能障碍,1,val,274,278,1.0145985401459854
row_003722__labour,3722,labour,280,color_2,280::color_2,限制性通气功能障碍,1,train,266,258,1.0310077519379846
row_003723__labour,3723,labour,280,color_3,280::color_3,限制性通气功能障碍,1,train,269,277,1.029739776951673
row_003724__labour,3724,labour,281,color_1,281::color_1,限制性通气功能障碍,1,train,270,283,1.048148148148148
row_003725__labour,3725,labour,281,color_2,281::color_2,限制性通气功能障碍,1,train,264,279,1.0568181818181819
row_003726__labour,3726,labour,281,color_3,281::color_3,限制性通气功能障碍,1,train,278,292,1.0503597122302157
row_003727__labour,3727,labour,283,color_1,283::color_1,限制性通气功能障碍,1,test,89,88,1.0113636363636365
row_003728__labour,3728,labour,285,color_1,285::color_1,限制性通气功能障碍,1,train,259,193,1.3419689119170986
row_003729__labour,3729,labour,285,color_2,285::color_2,限制性通气功能障碍,1,train,272,262,1.0381679389312977
row_003730__labour,3730,labour,285,color_3,285::color_3,限制性通气功能障碍,1,train,264,247,1.0688259109311742
row_003731__labour,3731,labour,286,color_1,286::color_1,限制性通气功能障碍,1,test,201,208,1.0348258706467661
row_003732__labour,3732,labour,286,color_2,286::color_2,限制性通气功能障碍,1,train,198,213,1.0757575757575757
row_003733__labour,3733,labour,288,color_1,288::color_1,限制性通气功能障碍,1,test,310,315,1.0161290322580645
row_003734__labour,3734,labour,288,color_2,288::color_2,限制性通气功能障碍,1,train,310,318,1.0258064516129033
row_003735__labour,3735,labour,288,color_3,288::color_3,限制性通气功能障碍,1,train,315,323,1.0253968253968253
row_003737__labour,3737,labour,289,color_2,289::color_2,限制性通气功能障碍,1,val,180,144,1.25
row_003738__labour,3738,labour,289,color_3,289::color_3,限制性通气功能障碍,1,train,194,145,1.3379310344827586
row_003739__labour,3739,labour,291,color_3,291::color_3,限制性通气功能障碍,1,test,137,137,1.0
row_003740__labour,3740,labour,291,color_4,291::color_4,限制性通气功能障碍,1,train,133,132,1.0075757575757576
row_003741__labour,3741,labour,291,color_6,291::color_6,限制性通气功能障碍,1,train,135,131,1.0305343511450382
row_003742__labour,3742,labour,292,color_2,292::color_2,限制性通气功能障碍,1,test,115,120,1.0434782608695652
row_003743__labour,3743,labour,292,color_3,292::color_3,限制性通气功能障碍,1,train,110,110,1.0
row_003744__labour,3744,labour,294,color_1,294::color_1,限制性通气功能障碍,1,train,194,210,1.0824742268041236
row_003745__labour,3745,labour,294,color_2,294::color_2,限制性通气功能障碍,1,train,193,209,1.0829015544041452
row_003746__labour,3746,labour,294,color_3,294::color_3,限制性通气功能障碍,1,test,195,210,1.0769230769230769
row_003747__labour,3747,labour,295,color_1,295::color_1,限制性通气功能障碍,1,train,125,140,1.12
row_003748__labour,3748,labour,295,color_2,295::color_2,限制性通气功能障碍,1,train,124,137,1.1048387096774193
row_003749__labour,3749,labour,295,color_3,295::color_3,限制性通气功能障碍,1,train,120,137,1.1416666666666666
row_003750__labour,3750,labour,297,color_1,297::color_1,限制性通气功能障碍,1,train,96,93,1.032258064516129
row_003751__labour,3751,labour,297,color_2,297::color_2,限制性通气功能障碍,1,test,103,106,1.029126213592233
row_003752__labour,3752,labour,297,color_3,297::color_3,限制性通气功能障碍,1,train,97,101,1.041237113402062
row_003753__labour,3753,labour,299,color_1,299::color_1,限制性通气功能障碍,1,train,131,123,1.065040650406504
row_003754__labour,3754,labour,299,color_2,299::color_2,限制性通气功能障碍,1,train,135,139,1.0296296296296297
row_003755__labour,3755,labour,299,color_3,299::color_3,限制性通气功能障碍,1,train,144,133,1.0827067669172932
row_003756__labour,3756,labour,300,color_2,300::color_2,限制性通气功能障碍,1,train,149,155,1.0402684563758389
row_003757__labour,3757,labour,300,color_3,300::color_3,限制性通气功能障碍,1,train,160,164,1.025
row_003758__labour,3758,labour,301,color_1,301::color_1,限制性通气功能障碍,1,train,308,310,1.0064935064935066
row_003759__labour,3759,labour,301,color_2,301::color_2,限制性通气功能障碍,1,train,299,317,1.060200668896321
row_003760__labour,3760,labour,301,color_3,301::color_3,限制性通气功能障碍,1,train,314,318,1.0127388535031847
row_003761__labour,3761,labour,303,color_1,303::color_1,限制性通气功能障碍,1,train,217,230,1.0599078341013826
row_003762__labour,3762,labour,303,color_2,303::color_2,限制性通气功能障碍,1,val,216,232,1.0740740740740742
row_003763__labour,3763,labour,303,color_3,303::color_3,限制性通气功能障碍,1,train,222,234,1.054054054054054
row_003764__labour,3764,labour,304,color_1,304::color_1,限制性通气功能障碍,1,val,226,231,1.0221238938053097
row_003765__labour,3765,labour,304,color_2,304::color_2,限制性通气功能障碍,1,train,230,223,1.031390134529148
row_003766__labour,3766,labour,304,color_3,304::color_3,限制性通气功能障碍,1,train,233,224,1.0401785714285714
row_003767__labour,3767,labour,305,color_2,305::color_2,限制性通气功能障碍,1,train,254,257,1.0118110236220472
row_003768__labour,3768,labour,305,color_3,305::color_3,限制性通气功能障碍,1,train,249,248,1.0040322580645162
row_003769__labour,3769,labour,306,color_2,306::color_2,限制性通气功能障碍,1,train,248,236,1.0508474576271187
row_003770__labour,3770,labour,306,color_3,306::color_3,限制性通气功能障碍,1,val,252,241,1.045643153526971
row_003771__labour,3771,labour,306,color_5,306::color_5,限制性通气功能障碍,1,train,249,238,1.046218487394958
row_003772__labour,3772,labour,308,color_1,308::color_1,限制性通气功能障碍,1,train,220,248,1.1272727272727272
row_003773__labour,3773,labour,308,color_2,308::color_2,限制性通气功能障碍,1,train,239,231,1.0346320346320346
row_003774__labour,3774,labour,308,color_3,308::color_3,限制性通气功能障碍,1,train,229,214,1.0700934579439252
row_003775__labour,3775,labour,310,color_5,310::color_5,限制性通气功能障碍,1,test,214,227,1.060747663551402
row_003776__labour,3776,labour,310,color_6,310::color_6,限制性通气功能障碍,1,train,229,228,1.0043859649122806
row_003777__labour,3777,labour,310,color_7,310::color_7,限制性通气功能障碍,1,test,227,230,1.013215859030837
row_003778__labour,3778,labour,312,color_1,312::color_1,限制性通气功能障碍,1,train,204,208,1.0196078431372548
row_003779__labour,3779,labour,312,color_2,312::color_2,限制性通气功能障碍,1,train,206,204,1.0098039215686274
row_003780__labour,3780,labour,312,color_3,312::color_3,限制性通气功能障碍,1,train,208,211,1.0144230769230769
row_003781__labour,3781,labour,313,color_1,313::color_1,限制性通气功能障碍,1,test,171,182,1.064327485380117
row_003782__labour,3782,labour,313,color_2,313::color_2,限制性通气功能障碍,1,val,175,187,1.0685714285714285
row_003783__labour,3783,labour,313,color_3,313::color_3,限制性通气功能障碍,1,train,177,185,1.0451977401129944
row_003784__labour,3784,labour,320,color_2,320::color_2,限制性通气功能障碍,1,train,152,151,1.0066225165562914
row_003785__labour,3785,labour,320,color_3,320::color_3,限制性通气功能障碍,1,train,145,152,1.0482758620689656
row_003786__labour,3786,labour,320,color_4,320::color_4,限制性通气功能障碍,1,train,147,136,1.0808823529411764
row_003787__labour,3787,labour,323,color_1,323::color_1,限制性通气功能障碍,1,train,178,194,1.0898876404494382
row_003788__labour,3788,labour,323,color_2,323::color_2,限制性通气功能障碍,1,test,186,191,1.0268817204301075
row_003789__labour,3789,labour,324,color_2,324::color_2,限制性通气功能障碍,1,val,132,135,1.0227272727272727
row_003790__labour,3790,labour,325,color_1,325::color_1,限制性通气功能障碍,1,train,172,171,1.0058479532163742
row_003791__labour,3791,labour,329,color_1,329::color_1,限制性通气功能障碍,1,test,159,139,1.143884892086331
row_003792__labour,3792,labour,329,color_2,329::color_2,限制性通气功能障碍,1,train,164,150,1.0933333333333333
row_003793__labour,3793,labour,329,color_3,329::color_3,限制性通气功能障碍,1,train,162,142,1.1408450704225352
row_003794__labour,3794,labour,329,color_4,329::color_4,限制性通气功能障碍,1,val,153,147,1.0408163265306123
row_003795__labour,3795,labour,330,color_1,330::color_1,限制性通气功能障碍,1,val,235,236,1.004255319148936
row_003796__labour,3796,labour,330,color_2,330::color_2,限制性通气功能障碍,1,train,240,244,1.0166666666666666
row_003797__labour,3797,labour,330,color_3,330::color_3,限制性通气功能障碍,1,train,235,222,1.0585585585585586
row_003798__labour,3798,labour,331,color_1,331::color_1,限制性通气功能障碍,1,train,168,156,1.0769230769230769
row_003799__labour,3799,labour,331,color_3,331::color_3,限制性通气功能障碍,1,train,149,151,1.0134228187919463
row_003800__labour,3800,labour,331,color_4,331::color_4,限制性通气功能障碍,1,train,163,151,1.0794701986754967
row_003801__labour,3801,labour,332,color_1,332::color_1,限制性通气功能障碍,1,test,215,199,1.0804020100502512
row_003802__labour,3802,labour,332,color_2,332::color_2,限制性通气功能障碍,1,train,221,167,1.3233532934131738
row_003803__labour,3803,labour,332,color_3,332::color_3,限制性通气功能障碍,1,test,227,177,1.2824858757062148
row_003804__labour,3804,labour,333,color_2,333::color_2,限制性通气功能障碍,1,train,263,266,1.0114068441064639
row_003805__labour,3805,labour,333,color_4,333::color_4,限制性通气功能障碍,1,train,264,269,1.018939393939394
row_003806__labour,3806,labour,333,color_5,333::color_5,限制性通气功能障碍,1,train,255,266,1.0431372549019609
row_003807__labour,3807,labour,334,color_4,334::color_4,限制性通气功能障碍,1,train,252,266,1.0555555555555556
row_003808__labour,3808,labour,334,color_5,334::color_5,限制性通气功能障碍,1,train,251,262,1.043824701195219
row_003809__labour,3809,labour,335,color_1,335::color_1,限制性通气功能障碍,1,val,211,186,1.1344086021505377
row_003810__labour,3810,labour,335,color_2,335::color_2,限制性通气功能障碍,1,val,229,186,1.2311827956989247
row_003811__labour,3811,labour,335,color_3,335::color_3,限制性通气功能障碍,1,val,217,185,1.172972972972973
row_003814__labour,3814,labour,340,color_1,340::color_1,限制性通气功能障碍,1,test,259,235,1.102127659574468
row_003815__labour,3815,labour,340,color_2,340::color_2,限制性通气功能障碍,1,train,251,240,1.0458333333333334
row_003816__labour,3816,labour,340,color_3,340::color_3,限制性通气功能障碍,1,val,259,242,1.0702479338842976
row_003817__labour,3817,labour,341,color_1,341::color_1,限制性通气功能障碍,1,train,199,201,1.0100502512562815
row_003818__labour,3818,labour,341,color_2,341::color_2,限制性通气功能障碍,1,val,198,190,1.0421052631578946
row_003819__labour,3819,labour,341,color_3,341::color_3,限制性通气功能障碍,1,val,200,176,1.1363636363636365
row_003820__labour,3820,labour,342,color_1,342::color_1,限制性通气功能障碍,1,test,223,227,1.0179372197309418
row_003821__labour,3821,labour,342,color_2,342::color_2,限制性通气功能障碍,1,train,231,220,1.05
row_003822__labour,3822,labour,342,color_3,342::color_3,限制性通气功能障碍,1,train,234,231,1.0129870129870129
row_003823__labour,3823,labour,346,color_1,346::color_1,限制性通气功能障碍,1,train,151,144,1.0486111111111112
row_003824__labour,3824,labour,346,color_2,346::color_2,限制性通气功能障碍,1,train,153,139,1.1007194244604317
row_003825__labour,3825,labour,346,color_3,346::color_3,限制性通气功能障碍,1,train,155,156,1.0064516129032257
row_003826__labour,3826,labour,347,color_1,347::color_1,限制性通气功能障碍,1,train,282,284,1.0070921985815602
row_003827__labour,3827,labour,347,color_2,347::color_2,限制性通气功能障碍,1,train,284,287,1.0105633802816902
row_003828__labour,3828,labour,347,color_3,347::color_3,限制性通气功能障碍,1,train,275,285,1.0363636363636364
row_003829__labour,3829,labour,348,color_7,348::color_7,限制性通气功能障碍,1,train,125,126,1.008
row_003830__labour,3830,labour,350,color_1,350::color_1,限制性通气功能障碍,1,test,271,276,1.018450184501845
row_003831__labour,3831,labour,351,color_1,351::color_1,限制性通气功能障碍,1,train,180,180,1.0
row_003832__labour,3832,labour,351,color_2,351::color_2,限制性通气功能障碍,1,train,176,180,1.0227272727272727
row_003833__labour,3833,labour,351,color_3,351::color_3,限制性通气功能障碍,1,train,179,183,1.0223463687150838
row_003834__labour,3834,labour,352,color_2,352::color_2,限制性通气功能障碍,1,train,115,123,1.0695652173913044
row_003835__labour,3835,labour,353,color_1,353::color_1,限制性通气功能障碍,1,train,273,248,1.1008064516129032
row_003836__labour,3836,labour,353,color_3,353::color_3,限制性通气功能障碍,1,train,262,237,1.1054852320675106
row_003837__labour,3837,labour,353,color_4,353::color_4,限制性通气功能障碍,1,train,267,259,1.0308880308880308
row_003838__labour,3838,labour,354,color_1,354::color_1,限制性通气功能障碍,1,train,202,160,1.2625
row_003839__labour,3839,labour,354,color_2,354::color_2,限制性通气功能障碍,1,test,205,163,1.2576687116564418
row_003840__labour,3840,labour,354,color_3,354::color_3,限制性通气功能障碍,1,train,205,164,1.25
row_003841__labour,3841,labour,355,color_1,355::color_1,限制性通气功能障碍,1,train,276,270,1.0222222222222221
row_003842__labour,3842,labour,355,color_2,355::color_2,限制性通气功能障碍,1,train,286,287,1.0034965034965035
row_003843__labour,3843,labour,355,color_3,355::color_3,限制性通气功能障碍,1,test,285,288,1.0105263157894737
row_003844__labour,3844,labour,357,color_1,357::color_1,限制性通气功能障碍,1,test,154,145,1.0620689655172413
row_003845__labour,3845,labour,357,color_2,357::color_2,限制性通气功能障碍,1,train,151,150,1.0066666666666666
row_003846__labour,3846,labour,358,color_1,358::color_1,限制性通气功能障碍,1,val,197,165,1.1939393939393939
row_003848__labour,3848,labour,358,color_3,358::color_3,限制性通气功能障碍,1,train,205,162,1.2654320987654322
row_003849__labour,3849,labour,359,color_1,359::color_1,限制性通气功能障碍,1,train,279,288,1.032258064516129
row_003850__labour,3850,labour,359,color_2,359::color_2,限制性通气功能障碍,1,test,285,293,1.0280701754385966
row_003851__labour,3851,labour,359,color_3,359::color_3,限制性通气功能障碍,1,val,283,294,1.03886925795053
row_003852__labour,3852,labour,360,color_5,360::color_5,限制性通气功能障碍,1,val,140,134,1.044776119402985
row_003853__labour,3853,labour,360,color_6,360::color_6,限制性通气功能障碍,1,train,137,138,1.0072992700729928
row_003854__labour,3854,labour,360,color_7,360::color_7,限制性通气功能障碍,1,test,116,103,1.1262135922330097
row_003855__labour,3855,labour,361,color_1,361::color_1,限制性通气功能障碍,1,val,280,291,1.0392857142857144
row_003856__labour,3856,labour,361,color_2,361::color_2,限制性通气功能障碍,1,train,283,287,1.0141342756183747
row_003857__labour,3857,labour,361,color_3,361::color_3,限制性通气功能障碍,1,train,289,295,1.0207612456747406
row_003858__labour,3858,labour,363,color_2,363::color_2,限制性通气功能障碍,1,train,166,170,1.0240963855421688
row_003859__labour,3859,labour,363,color_3,363::color_3,限制性通气功能障碍,1,train,149,151,1.0134228187919463
row_003860__labour,3860,labour,363,color_4,363::color_4,限制性通气功能障碍,1,train,160,164,1.025
row_003861__labour,3861,labour,364,color_1,364::color_1,限制性通气功能障碍,1,train,83,78,1.064102564102564
row_003862__labour,3862,labour,364,color_2,364::color_2,限制性通气功能障碍,1,val,81,71,1.1408450704225352
row_003863__labour,3863,labour,364,color_4,364::color_4,限制性通气功能障碍,1,train,76,72,1.0555555555555556
row_003864__labour,3864,labour,366,color_2,366::color_2,限制性通气功能障碍,1,train,226,227,1.0044247787610618
row_003865__labour,3865,labour,367,color_1,367::color_1,限制性通气功能障碍,1,train,186,192,1.032258064516129
row_003866__labour,3866,labour,367,color_2,367::color_2,限制性通气功能障碍,1,train,201,198,1.0151515151515151
row_003867__labour,3867,labour,367,color_3,367::color_3,限制性通气功能障碍,1,train,199,198,1.005050505050505
row_003868__labour,3868,labour,369,color_1,369::color_1,限制性通气功能障碍,1,train,266,270,1.0150375939849625
row_003869__labour,3869,labour,369,color_2,369::color_2,限制性通气功能障碍,1,train,265,263,1.0076045627376427
row_003870__labour,3870,labour,369,color_3,369::color_3,限制性通气功能障碍,1,train,264,265,1.003787878787879
row_003871__labour,3871,labour,370,color_1,370::color_1,限制性通气功能障碍,1,test,166,171,1.0301204819277108
row_003872__labour,3872,labour,370,color_2,370::color_2,限制性通气功能障碍,1,train,160,166,1.0375
row_003874__labour,3874,labour,371,color_2,371::color_2,限制性通气功能障碍,1,test,209,206,1.0145631067961165
row_003875__labour,3875,labour,371,color_3,371::color_3,限制性通气功能障碍,1,train,211,214,1.014218009478673
row_003876__labour,3876,labour,372,color_2,372::color_2,限制性通气功能障碍,1,test,168,169,1.005952380952381
row_003877__labour,3877,labour,372,color_3,372::color_3,限制性通气功能障碍,1,train,167,172,1.029940119760479
row_003878__labour,3878,labour,372,color_4,372::color_4,限制性通气功能障碍,1,train,163,168,1.030674846625767
row_003879__labour,3879,labour,375,color_1,375::color_1,限制性通气功能障碍,1,train,305,274,1.1131386861313868
row_003880__labour,3880,labour,375,color_2,375::color_2,限制性通气功能障碍,1,train,306,262,1.16793893129771
row_003882__labour,3882,labour,376,blue,376::blue,限制性通气功能障碍,1,train,116,121,1.043103448275862
row_003883__labour,3883,labour,376,red,376::red,限制性通气功能障碍,1,train,121,124,1.024793388429752
row_003884__labour,3884,labour,376,green,376::green,限制性通气功能障碍,1,train,122,122,1.0
row_003885__labour,3885,labour,377,blue,377::blue,限制性通气功能障碍,1,val,209,206,1.0145631067961165
row_003886__labour,3886,labour,377,red,377::red,限制性通气功能障碍,1,train,207,211,1.0193236714975846
row_003887__labour,3887,labour,377,green,377::green,限制性通气功能障碍,1,train,209,214,1.0239234449760766
row_003888__labour,3888,labour,379,blue,379::blue,限制性通气功能障碍,1,train,328,337,1.0274390243902438
row_003889__labour,3889,labour,379,green,379::green,限制性通气功能障碍,1,train,317,329,1.0378548895899053
row_003890__labour,3890,labour,379,pink,379::pink,限制性通气功能障碍,1,train,316,327,1.0348101265822784
row_003891__labour,3891,labour,380,blue,380::blue,限制性通气功能障碍,1,val,272,272,1.0
row_003892__labour,3892,labour,380,red,380::red,限制性通气功能障碍,1,train,242,254,1.0495867768595042
row_003893__labour,3893,labour,380,green,380::green,限制性通气功能障碍,1,train,242,248,1.024793388429752
row_003894__labour,3894,labour,381,red,381::red,限制性通气功能障碍,1,train,136,128,1.0625
row_003895__labour,3895,labour,381,green,381::green,限制性通气功能障碍,1,train,132,130,1.0153846153846153
row_003896__labour,3896,labour,385,blue,385::blue,限制性通气功能障碍,1,train,146,149,1.0205479452054795
row_003897__labour,3897,labour,385,red,385::red,限制性通气功能障碍,1,train,155,164,1.0580645161290323
row_003898__labour,3898,labour,31,blue,31::blue,混合性通气功能障碍,4,test,186,186,1.0
row_003899__labour,3899,labour,31,red,31::red,混合性通气功能障碍,4,test,186,186,1.0
row_003900__labour,3900,labour,31,green,31::green,混合性通气功能障碍,4,val,176,177,1.0056818181818181
row_003901__labour,3901,labour,32,red,32::red,混合性通气功能障碍,4,train,165,165,1.0
row_003902__labour,3902,labour,32,purple,32::purple,混合性通气功能障碍,4,val,181,180,1.0055555555555555
row_003903__labour,3903,labour,32,cyan,32::cyan,混合性通气功能障碍,4,train,177,177,1.0
row_003905__labour,3905,labour,33,red,33::red,混合性通气功能障碍,4,train,168,129,1.302325581395349
row_003906__labour,3906,labour,33,green,33::green,混合性通气功能障碍,4,train,175,134,1.3059701492537314
row_003907__labour,3907,labour,34,blue,34::blue,混合性通气功能障碍,4,train,218,187,1.1657754010695187
row_003908__labour,3908,labour,34,red,34::red,混合性通气功能障碍,4,test,210,214,1.019047619047619
row_003909__labour,3909,labour,34,green,34::green,混合性通气功能障碍,4,train,207,202,1.0247524752475248
row_003910__labour,3910,labour,35,blue,35::blue,混合性通气功能障碍,4,train,193,193,1.0
row_003911__labour,3911,labour,35,red,35::red,混合性通气功能障碍,4,train,192,189,1.0158730158730158
row_003912__labour,3912,labour,35,green,35::green,混合性通气功能障碍,4,train,192,191,1.0052356020942408
row_003913__labour,3913,labour,36,blue,36::blue,混合性通气功能障碍,4,train,170,148,1.1486486486486487
row_003914__labour,3914,labour,36,red,36::red,混合性通气功能障碍,4,train,162,160,1.0125
row_003915__labour,3915,labour,36,green,36::green,混合性通气功能障碍,4,train,180,182,1.011111111111111
row_003916__labour,3916,labour,37,green,37::green,混合性通气功能障碍,4,train,155,173,1.1161290322580646
row_003917__labour,3917,labour,37,purple,37::purple,混合性通气功能障碍,4,train,158,167,1.0569620253164558
row_003918__labour,3918,labour,40,blue,40::blue,混合性通气功能障碍,4,test,138,137,1.0072992700729928
row_003919__labour,3919,labour,41,blue,41::blue,混合性通气功能障碍,4,train,211,211,1.0
row_003920__labour,3920,labour,41,red,41::red,混合性通气功能障碍,4,train,205,219,1.0682926829268293
row_003921__labour,3921,labour,41,green,41::green,混合性通气功能障碍,4,val,222,222,1.0
row_003922__labour,3922,labour,43,purple,43::purple,混合性通气功能障碍,4,train,55,54,1.0185185185185186
row_003923__labour,3923,labour,43,cyan,43::cyan,混合性通气功能障碍,4,train,72,65,1.1076923076923078
row_003924__labour,3924,labour,44,blue,44::blue,混合性通气功能障碍,4,train,91,90,1.011111111111111
row_003925__labour,3925,labour,44,red,44::red,混合性通气功能障碍,4,train,78,78,1.0
row_003926__labour,3926,labour,44,green,44::green,混合性通气功能障碍,4,train,83,82,1.0121951219512195
row_003927__labour,3927,labour,45,blue,45::blue,混合性通气功能障碍,4,train,110,109,1.0091743119266054
row_003928__labour,3928,labour,45,red,45::red,混合性通气功能障碍,4,train,109,106,1.028301886792453
row_003929__labour,3929,labour,45,green,45::green,混合性通气功能障碍,4,val,110,109,1.0091743119266054
row_003930__labour,3930,labour,46,blue,46::blue,混合性通气功能障碍,4,train,125,106,1.179245283018868
row_003931__labour,3931,labour,46,red,46::red,混合性通气功能障碍,4,train,135,122,1.1065573770491803
row_003932__labour,3932,labour,46,green,46::green,混合性通气功能障碍,4,train,135,147,1.0888888888888888
row_003933__labour,3933,labour,150,blue,150::blue,混合性通气功能障碍,4,test,176,227,1.2897727272727273
row_003934__labour,3934,labour,151,blue,151::blue,混合性通气功能障碍,4,train,195,193,1.0103626943005182
row_003935__labour,3935,labour,151,red,151::red,混合性通气功能障碍,4,train,171,190,1.1111111111111112
row_003936__labour,3936,labour,151,green,151::green,混合性通气功能障碍,4,val,187,183,1.0218579234972678
row_003937__labour,3937,labour,152,red,152::red,混合性通气功能障碍,4,test,128,129,1.0078125
row_003938__labour,3938,labour,152,green,152::green,混合性通气功能障碍,4,val,98,99,1.010204081632653
row_003940__labour,3940,labour,153,blue,153::blue,混合性通气功能障碍,4,train,303,302,1.0033112582781456
row_003941__labour,3941,labour,153,red,153::red,混合性通气功能障碍,4,test,298,296,1.0067567567567568
row_003942__labour,3942,labour,153,green,153::green,混合性通气功能障碍,4,train,280,295,1.0535714285714286
row_003943__labour,3943,labour,154,blue,154::blue,混合性通气功能障碍,4,train,193,195,1.0103626943005182
row_003944__labour,3944,labour,154,red,154::red,混合性通气功能障碍,4,train,188,200,1.0638297872340425
row_003945__labour,3945,labour,154,green,154::green,混合性通气功能障碍,4,train,184,189,1.0271739130434783
row_003946__labour,3946,labour,155,blue,155::blue,混合性通气功能障碍,4,train,249,228,1.0921052631578947
row_003947__labour,3947,labour,155,red,155::red,混合性通气功能障碍,4,train,244,243,1.0041152263374487
row_003948__labour,3948,labour,155,green,155::green,混合性通气功能障碍,4,train,246,237,1.0379746835443038
row_003949__labour,3949,labour,156,blue,156::blue,混合性通气功能障碍,4,val,185,174,1.0632183908045978
row_003950__labour,3950,labour,156,red,156::red,混合性通气功能障碍,4,train,187,149,1.25503355704698
row_003952__labour,3952,labour,157,red,157::red,混合性通气功能障碍,4,train,204,213,1.0441176470588236
row_003953__labour,3953,labour,157,green,157::green,混合性通气功能障碍,4,val,222,223,1.0045045045045045
row_003954__labour,3954,labour,158,blue,158::blue,混合性通气功能障碍,4,val,263,260,1.0115384615384615
row_003955__labour,3955,labour,158,red,158::red,混合性通气功能障碍,4,train,279,277,1.0072202166064983
row_003956__labour,3956,labour,158,green,158::green,混合性通气功能障碍,4,train,263,261,1.0076628352490422
row_003957__labour,3957,labour,159,blue,159::blue,混合性通气功能障碍,4,train,207,207,1.0
row_003958__labour,3958,labour,159,red,159::red,混合性通气功能障碍,4,train,191,195,1.0209424083769634
row_003959__labour,3959,labour,159,green,159::green,混合性通气功能障碍,4,test,195,173,1.1271676300578035
row_003960__labour,3960,labour,161,blue,161::blue,混合性通气功能障碍,4,test,170,171,1.0058823529411764
row_003961__labour,3961,labour,161,red,161::red,混合性通气功能障碍,4,train,183,182,1.0054945054945055
row_003962__labour,3962,labour,161,green,161::green,混合性通气功能障碍,4,test,169,173,1.0236686390532543
row_003963__labour,3963,labour,162,blue,162::blue,混合性通气功能障碍,4,train,259,259,1.0
row_003964__labour,3964,labour,162,red,162::red,混合性通气功能障碍,4,train,258,258,1.0
row_003965__labour,3965,labour,162,green,162::green,混合性通气功能障碍,4,train,261,255,1.0235294117647058
row_003966__labour,3966,labour,163,blue,163::blue,混合性通气功能障碍,4,val,284,285,1.0035211267605635
row_003967__labour,3967,labour,163,red,163::red,混合性通气功能障碍,4,train,274,275,1.0036496350364963
row_003968__labour,3968,labour,163,green,163::green,混合性通气功能障碍,4,train,280,268,1.044776119402985
row_003969__labour,3969,labour,164,blue,164::blue,混合性通气功能障碍,4,train,333,330,1.009090909090909
row_003970__labour,3970,labour,164,red,164::red,混合性通气功能障碍,4,train,342,325,1.0523076923076924
row_003971__labour,3971,labour,164,green,164::green,混合性通气功能障碍,4,test,347,311,1.1157556270096463
row_003972__labour,3972,labour,165,blue,165::blue,混合性通气功能障碍,4,train,180,187,1.038888888888889
row_003973__labour,3973,labour,165,red,165::red,混合性通气功能障碍,4,train,181,182,1.0055248618784531
row_003974__labour,3974,labour,165,green,165::green,混合性通气功能障碍,4,train,195,194,1.0051546391752577
row_003975__labour,3975,labour,168,red,168::red,混合性通气功能障碍,4,train,255,235,1.0851063829787233
row_003976__labour,3976,labour,168,green,168::green,混合性通气功能障碍,4,train,254,259,1.0196850393700787
row_003977__labour,3977,labour,168,purple,168::purple,混合性通气功能障碍,4,test,242,235,1.0297872340425531
row_003978__labour,3978,labour,169,blue,169::blue,混合性通气功能障碍,4,train,143,159,1.1118881118881119
row_003979__labour,3979,labour,170,blue,170::blue,混合性通气功能障碍,4,train,278,260,1.0692307692307692
row_003980__labour,3980,labour,170,red,170::red,混合性通气功能障碍,4,val,276,281,1.0181159420289856
row_003981__labour,3981,labour,170,green,170::green,混合性通气功能障碍,4,train,273,272,1.0036764705882353
row_003982__labour,3982,labour,171,blue,171::blue,混合性通气功能障碍,4,train,311,309,1.006472491909385
row_003983__labour,3983,labour,171,red,171::red,混合性通气功能障碍,4,train,296,301,1.0168918918918919
row_003984__labour,3984,labour,171,green,171::green,混合性通气功能障碍,4,val,296,297,1.0033783783783783
row_003985__labour,3985,labour,172,blue,172::blue,混合性通气功能障碍,4,train,270,246,1.0975609756097562
row_003986__labour,3986,labour,172,red,172::red,混合性通气功能障碍,4,val,269,249,1.0803212851405624
row_003987__labour,3987,labour,172,green,172::green,混合性通气功能障碍,4,val,260,254,1.0236220472440944
row_003988__labour,3988,labour,173,blue,173::blue,混合性通气功能障碍,4,train,206,205,1.0048780487804878
row_003989__labour,3989,labour,173,red,173::red,混合性通气功能障碍,4,train,201,193,1.0414507772020725
row_003990__labour,3990,labour,173,green,173::green,混合性通气功能障碍,4,test,200,186,1.075268817204301
row_003991__labour,3991,labour,175,blue,175::blue,混合性通气功能障碍,4,test,68,70,1.0294117647058822
row_003992__labour,3992,labour,175,red,175::red,混合性通气功能障碍,4,test,67,68,1.0149253731343284
row_003993__labour,3993,labour,175,green,175::green,混合性通气功能障碍,4,train,66,66,1.0
row_003994__labour,3994,labour,176,blue,176::blue,混合性通气功能障碍,4,train,54,52,1.0384615384615385
row_003995__labour,3995,labour,176,red,176::red,混合性通气功能障碍,4,test,54,52,1.0384615384615385
row_003996__labour,3996,labour,176,green,176::green,混合性通气功能障碍,4,train,55,51,1.0784313725490196
row_003998__labour,3998,labour,177,red,177::red,混合性通气功能障碍,4,train,81,72,1.125
row_003999__labour,3999,labour,177,green,177::green,混合性通气功能障碍,4,train,83,72,1.1527777777777777
row_004000__labour,4000,labour,178,red,178::red,混合性通气功能障碍,4,train,58,50,1.16
row_004001__labour,4001,labour,178,green,178::green,混合性通气功能障碍,4,train,59,56,1.0535714285714286
row_004002__labour,4002,labour,178,pink,178::pink,混合性通气功能障碍,4,test,58,54,1.0740740740740742
row_004003__labour,4003,labour,179,blue,179::blue,混合性通气功能障碍,4,test,63,57,1.105263157894737
row_004004__labour,4004,labour,179,red,179::red,混合性通气功能障碍,4,test,61,57,1.0701754385964912
row_004005__labour,4005,labour,179,green,179::green,混合性通气功能障碍,4,test,60,60,1.0
row_004006__labour,4006,labour,180,blue,180::blue,混合性通气功能障碍,4,train,54,54,1.0
row_004007__labour,4007,labour,180,red,180::red,混合性通气功能障碍,4,train,56,59,1.0535714285714286
row_004008__labour,4008,labour,180,green,180::green,混合性通气功能障碍,4,train,56,56,1.0
row_004009__labour,4009,labour,181,blue,181::blue,混合性通气功能障碍,4,train,37,36,1.0277777777777777
row_004010__labour,4010,labour,181,red,181::red,混合性通气功能障碍,4,train,37,36,1.0277777777777777
row_004011__labour,4011,labour,181,pink,181::pink,混合性通气功能障碍,4,test,38,38,1.0
row_004012__labour,4012,labour,182,blue,182::blue,混合性通气功能障碍,4,train,67,56,1.1964285714285714
row_004013__labour,4013,labour,182,red,182::red,混合性通气功能障碍,4,train,67,54,1.2407407407407407
row_004014__labour,4014,labour,182,green,182::green,混合性通气功能障碍,4,train,67,59,1.1355932203389831
row_004015__labour,4015,labour,183,blue,183::blue,混合性通气功能障碍,4,train,63,63,1.0
row_004016__labour,4016,labour,183,red,183::red,混合性通气功能障碍,4,train,64,64,1.0
row_004017__labour,4017,labour,183,green,183::green,混合性通气功能障碍,4,val,63,61,1.0327868852459017
row_004018__labour,4018,labour,184,blue,184::blue,混合性通气功能障碍,4,train,250,230,1.0869565217391304
row_004019__labour,4019,labour,184,red,184::red,混合性通气功能障碍,4,val,245,198,1.2373737373737375
row_004020__labour,4020,labour,184,green,184::green,混合性通气功能障碍,4,train,62,54,1.1481481481481481
row_004021__labour,4021,labour,185,blue,185::blue,混合性通气功能障碍,4,test,240,239,1.00418410041841
row_004023__labour,4023,labour,185,green,185::green,混合性通气功能障碍,4,train,242,242,1.0
row_004024__labour,4024,labour,186,red,186::red,混合性通气功能障碍,4,train,225,226,1.0044444444444445
row_004025__labour,4025,labour,186,green,186::green,混合性通气功能障碍,4,train,215,218,1.013953488372093
row_004026__labour,4026,labour,187,pink,187::pink,混合性通气功能障碍,4,val,285,290,1.0175438596491229
row_004027__labour,4027,labour,187,blue,187::blue,混合性通气功能障碍,4,train,276,298,1.0797101449275361
row_004028__labour,4028,labour,190,brown,190::brown,混合性通气功能障碍,4,train,291,303,1.041237113402062
row_004029__labour,4029,labour,190,blue,190::blue,混合性通气功能障碍,4,train,288,298,1.0347222222222223
row_004030__labour,4030,labour,191,pink,191::pink,混合性通气功能障碍,4,train,209,218,1.0430622009569377
row_004031__labour,4031,labour,191,blue,191::blue,混合性通气功能障碍,4,train,212,222,1.0471698113207548
row_004034__labour,4034,labour,194,blue,194::blue,混合性通气功能障碍,4,train,269,266,1.0112781954887218
row_004035__labour,4035,labour,194,red,194::red,混合性通气功能障碍,4,train,269,271,1.0074349442379182
row_004036__labour,4036,labour,194,green,194::green,混合性通气功能障碍,4,val,267,270,1.0112359550561798
row_004037__labour,4037,labour,195,blue,195::blue,混合性通气功能障碍,4,train,271,274,1.011070110701107
row_004038__labour,4038,labour,195,red,195::red,混合性通气功能障碍,4,train,288,278,1.0359712230215827
row_004039__labour,4039,labour,195,green,195::green,混合性通气功能障碍,4,train,278,278,1.0
row_004040__labour,4040,labour,211,red,211::red,混合性通气功能障碍,4,train,179,180,1.005586592178771
row_004041__labour,4041,labour,215,blue,215::blue,混合性通气功能障碍,4,train,269,270,1.003717472118959
row_004042__labour,4042,labour,219,blue,219::blue,混合性通气功能障碍,4,train,219,244,1.1141552511415524
row_004043__labour,4043,labour,219,red,219::red,混合性通气功能障碍,4,test,217,249,1.1474654377880185
row_004044__labour,4044,labour,219,green,219::green,混合性通气功能障碍,4,train,220,241,1.0954545454545455
row_004045__labour,4045,labour,220,blue,220::blue,混合性通气功能障碍,4,train,270,269,1.003717472118959
row_004046__labour,4046,labour,220,red,220::red,混合性通气功能障碍,4,train,270,266,1.0150375939849625
row_004047__labour,4047,labour,220,green,220::green,混合性通气功能障碍,4,test,271,271,1.0
row_004048__labour,4048,labour,222,blue,222::blue,混合性通气功能障碍,4,train,204,174,1.1724137931034482
row_004049__labour,4049,labour,222,red,222::red,混合性通气功能障碍,4,train,208,165,1.2606060606060605
row_004050__labour,4050,labour,222,green,222::green,混合性通气功能障碍,4,train,200,157,1.2738853503184713
row_004051__labour,4051,labour,224,blue,224::blue,混合性通气功能障碍,4,train,263,238,1.1050420168067228
row_004052__labour,4052,labour,224,red,224::red,混合性通气功能障碍,4,val,262,242,1.0826446280991735
row_004053__labour,4053,labour,224,green,224::green,混合性通气功能障碍,4,test,265,249,1.0642570281124497
row_004054__labour,4054,labour,226,red,226::red,混合性通气功能障碍,4,train,148,146,1.0136986301369864
row_004055__labour,4055,labour,226,green,226::green,混合性通气功能障碍,4,train,146,149,1.0205479452054795
row_004056__labour,4056,labour,227,blue,227::blue,混合性通气功能障碍,4,train,283,296,1.0459363957597174
row_004057__labour,4057,labour,227,red,227::red,混合性通气功能障碍,4,train,287,285,1.0070175438596491
row_004058__labour,4058,labour,227,green,227::green,混合性通气功能障碍,4,test,289,291,1.0069204152249136
row_004061__labour,4061,labour,228,blue,228::blue,混合性通气功能障碍,4,train,143,109,1.311926605504587
row_004062__labour,4062,labour,229,blue,229::blue,混合性通气功能障碍,4,train,310,291,1.0652920962199313
row_004063__labour,4063,labour,229,red,229::red,混合性通气功能障碍,4,test,288,231,1.2467532467532467
row_004064__labour,4064,labour,255,red,255::red,混合性通气功能障碍,4,train,269,256,1.05078125
row_004065__labour,4065,labour,255,green,255::green,混合性通气功能障碍,4,val,263,229,1.148471615720524
row_004066__labour,4066,labour,255,pink,255::pink,混合性通气功能障碍,4,train,271,254,1.0669291338582678
row_004067__labour,4067,labour,256,red,256::red,混合性通气功能障碍,4,train,300,269,1.1152416356877324
row_004068__labour,4068,labour,256,green,256::green,混合性通气功能障碍,4,val,293,250,1.172
row_004069__labour,4069,labour,256,pink,256::pink,混合性通气功能障碍,4,train,291,298,1.0240549828178693
row_004070__labour,4070,labour,257,red,257::red,混合性通气功能障碍,4,train,291,279,1.043010752688172
row_004071__labour,4071,labour,257,blue,257::blue,混合性通气功能障碍,4,val,291,278,1.0467625899280575
row_004072__labour,4072,labour,260,blue,260::blue,混合性通气功能障碍,4,test,292,297,1.0171232876712328
row_004073__labour,4073,labour,260,green,260::green,混合性通气功能障碍,4,train,272,291,1.0698529411764706
row_004074__labour,4074,labour,261,red,261::red,混合性通气功能障碍,4,train,306,235,1.3021276595744682
row_004075__labour,4075,labour,261,green,261::green,混合性通气功能障碍,4,val,306,290,1.0551724137931036
row_004076__labour,4076,labour,263,green,263::green,混合性通气功能障碍,4,train,203,203,1.0
row_004079__labour,4079,labour,267,blue,267::blue,混合性通气功能障碍,4,train,231,203,1.1379310344827587
row_004080__labour,4080,labour,267,green,267::green,混合性通气功能障碍,4,train,233,215,1.083720930232558
row_004081__labour,4081,labour,267,red,267::red,混合性通气功能障碍,4,train,232,210,1.1047619047619048
row_004082__labour,4082,labour,268,grey,268::grey,混合性通气功能障碍,4,train,242,231,1.0476190476190477
row_004083__labour,4083,labour,268,pink,268::pink,混合性通气功能障碍,4,val,235,224,1.0491071428571428
row_004084__labour,4084,labour,293,blue,293::blue,混合性通气功能障碍,4,train,77,85,1.103896103896104
row_004085__labour,4085,labour,293,green,293::green,混合性通气功能障碍,4,test,83,85,1.0240963855421688
row_004086__labour,4086,labour,294,green,294::green,混合性通气功能障碍,4,train,88,96,1.0909090909090908
row_004087__labour,4087,labour,295,red,295::red,混合性通气功能障碍,4,test,86,81,1.0617283950617284
row_004088__labour,4088,labour,296,blue,296::blue,混合性通气功能障碍,4,test,88,72,1.2222222222222223
row_004089__labour,4089,labour,296,green,296::green,混合性通气功能障碍,4,train,92,72,1.2777777777777777
row_004091__labour,4091,labour,297,blue,297::blue,混合性通气功能障碍,4,val,90,96,1.0666666666666667
row_004092__labour,4092,labour,297,red,297::red,混合性通气功能障碍,4,test,96,96,1.0
row_004093__labour,4093,labour,297,green,297::green,混合性通气功能障碍,4,test,89,94,1.0561797752808988
row_004094__labour,4094,labour,299,blue,299::blue,混合性通气功能障碍,4,train,72,69,1.0434782608695652
row_004096__labour,4096,labour,299,green,299::green,混合性通气功能障碍,4,train,90,84,1.0714285714285714
row_004097__labour,4097,labour,398,red,398::red,混合性通气功能障碍,4,train,194,196,1.0103092783505154
row_004098__labour,4098,labour,398,green,398::green,混合性通气功能障碍,4,train,193,171,1.128654970760234
row_004099__labour,4099,labour,401,red,401::red,混合性通气功能障碍,4,train,346,257,1.3463035019455254
row_004101__labour,4101,labour,404,green,404::green,混合性通气功能障碍,4,train,193,182,1.0604395604395604
row_004102__labour,4102,labour,404,purple,404::purple,混合性通气功能障碍,4,train,194,191,1.0157068062827226
row_004103__labour,4103,labour,405,blue,405::blue,混合性通气功能障碍,4,val,134,109,1.2293577981651376
row_004106__labour,4106,labour,406,blue,406::blue,混合性通气功能障碍,4,val,277,278,1.0036101083032491
row_004107__labour,4107,labour,406,red,406::red,混合性通气功能障碍,4,val,267,254,1.0511811023622046
row_004108__labour,4108,labour,406,green,406::green,混合性通气功能障碍,4,train,269,241,1.116182572614108
row_004109__labour,4109,labour,407,blue,407::blue,混合性通气功能障碍,4,train,79,59,1.3389830508474576
row_004110__labour,4110,labour,408,blue,408::blue,混合性通气功能障碍,4,train,196,150,1.3066666666666666
row_004111__labour,4111,labour,408,red,408::red,混合性通气功能障碍,4,train,191,186,1.0268817204301075
row_004112__labour,4112,labour,408,green,408::green,混合性通气功能障碍,4,train,192,192,1.0
row_004113__labour,4113,labour,409,blue,409::blue,混合性通气功能障碍,4,train,256,250,1.024
row_004114__labour,4114,labour,410,blue,410::blue,混合性通气功能障碍,4,train,140,133,1.0526315789473684
row_004115__labour,4115,labour,410,red,410::red,混合性通气功能障碍,4,train,136,120,1.1333333333333333
row_004116__labour,4116,labour,411,red,411::red,混合性通气功能障碍,4,train,227,240,1.0572687224669604
row_004117__labour,4117,labour,413,blue,413::blue,混合性通气功能障碍,4,train,107,83,1.2891566265060241
row_004118__labour,4118,labour,413,red,413::red,混合性通气功能障碍,4,train,113,119,1.0530973451327434
row_004120__labour,4120,labour,414,red,414::red,混合性通气功能障碍,4,val,135,119,1.134453781512605
row_004121__labour,4121,labour,414,green,414::green,混合性通气功能障碍,4,train,135,125,1.08
row_004122__labour,4122,labour,415,green,415::green,混合性通气功能障碍,4,train,264,265,1.003787878787879
row_004123__labour,4123,labour,415,purple,415::purple,混合性通气功能障碍,4,val,263,256,1.02734375
row_004124__labour,4124,labour,416,blue,416::blue,混合性通气功能障碍,4,train,225,233,1.0355555555555556
row_004125__labour,4125,labour,416,red,416::red,混合性通气功能障碍,4,val,230,231,1.0043478260869565
row_004126__labour,4126,labour,416,green,416::green,混合性通气功能障碍,4,train,220,223,1.0136363636363637
row_004127__labour,4127,labour,417,blue,417::blue,混合性通气功能障碍,4,train,270,241,1.120331950207469
row_004128__labour,4128,labour,417,red,417::red,混合性通气功能障碍,4,val,269,245,1.0979591836734695
row_004129__labour,4129,labour,417,green,417::green,混合性通气功能障碍,4,train,264,247,1.0688259109311742
row_004130__labour,4130,labour,421,green,421::green,混合性通气功能障碍,4,train,139,119,1.1680672268907564
row_004131__labour,4131,labour,424,blue,424::blue,混合性通气功能障碍,4,train,70,78,1.1142857142857143
row_004132__labour,4132,labour,425,blue,425::blue,混合性通气功能障碍,4,train,215,238,1.1069767441860465
row_004133__labour,4133,labour,425,red,425::red,混合性通气功能障碍,4,test,219,262,1.1963470319634704
row_004134__labour,4134,labour,425,green,425::green,混合性通气功能障碍,4,train,223,254,1.1390134529147982
row_004135__labour,4135,labour,426,green,426::green,混合性通气功能障碍,4,val,149,155,1.0402684563758389
row_004136__labour,4136,labour,427,green,427::green,混合性通气功能障碍,4,train,142,146,1.028169014084507
row_004138__labour,4138,labour,430,red,430::red,混合性通气功能障碍,4,train,261,265,1.0153256704980842
row_004139__labour,4139,labour,430,green,430::green,混合性通气功能障碍,4,train,267,211,1.2654028436018958
row_004141__labour,4141,labour,432,green,432::green,混合性通气功能障碍,4,test,164,157,1.0445859872611465
row_004142__labour,4142,labour,433,blue,433::blue,混合性通气功能障碍,4,train,115,102,1.1274509803921569
row_004144__labour,4144,labour,433,green,433::green,混合性通气功能障碍,4,train,116,88,1.3181818181818181
row_004145__labour,4145,labour,434,purple,434::purple,混合性通气功能障碍,4,val,236,250,1.0593220338983051
row_004146__labour,4146,labour,439,blue,439::blue,混合性通气功能障碍,4,train,170,160,1.0625
row_004147__labour,4147,labour,439,red,439::red,混合性通气功能障碍,4,train,164,170,1.0365853658536586
row_004148__labour,4148,labour,439,green,439::green,混合性通气功能障碍,4,train,167,180,1.0778443113772456
row_004150__labour,4150,labour,441,blue,441::blue,混合性通气功能障碍,4,train,166,164,1.0121951219512195
row_004151__labour,4151,labour,441,red,441::red,混合性通气功能障碍,4,train,162,161,1.0062111801242235
row_004152__labour,4152,labour,442,blue,442::blue,混合性通气功能障碍,4,val,270,231,1.1688311688311688
row_004153__labour,4153,labour,442,red,442::red,混合性通气功能障碍,4,train,260,217,1.1981566820276497
row_004155__labour,4155,labour,444,blue,444::blue,混合性通气功能障碍,4,val,284,288,1.0140845070422535
row_004156__labour,4156,labour,444,red,444::red,混合性通气功能障碍,4,test,305,266,1.1466165413533835
row_004157__labour,4157,labour,444,green,444::green,混合性通气功能障碍,4,test,302,303,1.0033112582781456
row_004159__labour,4159,labour,446,blue,446::blue,混合性通气功能障碍,4,train,104,104,1.0
row_004160__labour,4160,labour,446,red,446::red,混合性通气功能障碍,4,train,98,102,1.0408163265306123
row_004161__labour,4161,labour,446,green,446::green,混合性通气功能障碍,4,val,103,81,1.271604938271605
row_004164__labour,4164,labour,448,purple,448::purple,混合性通气功能障碍,4,train,201,190,1.0578947368421052
row_004165__labour,4165,labour,448,blue,448::blue,混合性通气功能障碍,4,val,186,171,1.087719298245614
row_004167__labour,4167,labour,450,blue,450::blue,混合性通气功能障碍,4,train,307,314,1.022801302931596
row_004168__labour,4168,labour,450,red,450::red,混合性通气功能障碍,4,train,294,298,1.0136054421768708
row_004169__labour,4169,labour,450,green,450::green,混合性通气功能障碍,4,train,287,303,1.0557491289198606
row_004170__labour,4170,labour,451,blue,451::blue,混合性通气功能障碍,4,train,202,205,1.0148514851485149
row_004171__labour,4171,labour,452,blue,452::blue,混合性通气功能障碍,4,train,247,241,1.0248962655601659
row_004172__labour,4172,labour,452,green,452::green,混合性通气功能障碍,4,train,247,242,1.0206611570247934
row_004173__labour,4173,labour,454,red,454::red,混合性通气功能障碍,4,train,209,207,1.0096618357487923
row_004174__labour,4174,labour,454,blue,454::blue,混合性通气功能障碍,4,train,211,217,1.028436018957346
row_004175__labour,4175,labour,455,blue,455::blue,混合性通气功能障碍,4,train,244,232,1.0517241379310345
row_004176__labour,4176,labour,455,red,455::red,混合性通气功能障碍,4,train,241,236,1.021186440677966
row_004177__labour,4177,labour,455,green,455::green,混合性通气功能障碍,4,train,240,239,1.00418410041841
row_004178__labour,4178,labour,456,blue,456::blue,混合性通气功能障碍,4,test,196,182,1.0769230769230769
row_004182__labour,4182,labour,459,blue,459::blue,混合性通气功能障碍,4,train,171,178,1.04093567251462
row_004183__labour,4183,labour,459,red,459::red,混合性通气功能障碍,4,train,165,180,1.0909090909090908
row_004184__labour,4184,labour,459,purple,459::purple,混合性通气功能障碍,4,train,168,177,1.0535714285714286
row_004185__labour,4185,labour,460,purple,460::purple,混合性通气功能障碍,4,val,247,249,1.008097165991903
row_004186__labour,4186,labour,460,green,460::green,混合性通气功能障碍,4,train,237,238,1.0042194092827004
row_004187__labour,4187,labour,461,blue,461::blue,混合性通气功能障碍,4,train,177,194,1.0960451977401129
row_004188__labour,4188,labour,461,red,461::red,混合性通气功能障碍,4,train,162,180,1.1111111111111112
row_004189__labour,4189,labour,461,green,461::green,混合性通气功能障碍,4,train,163,171,1.049079754601227
row_004190__labour,4190,labour,462,green,462::green,混合性通气功能障碍,4,train,256,244,1.0491803278688525
row_004191__labour,4191,labour,462,purple,462::purple,混合性通气功能障碍,4,train,252,243,1.037037037037037
row_004192__labour,4192,labour,463,blue,463::blue,混合性通气功能障碍,4,train,233,218,1.0688073394495412
row_004193__labour,4193,labour,463,red,463::red,混合性通气功能障碍,4,train,236,230,1.0260869565217392
row_004194__labour,4194,labour,463,green,463::green,混合性通气功能障碍,4,val,235,223,1.053811659192825
row_004195__labour,4195,labour,464,blue,464::blue,混合性通气功能障碍,4,val,262,326,1.2442748091603053
row_004196__labour,4196,labour,464,green,464::green,混合性通气功能障碍,4,train,277,344,1.2418772563176896
row_004197__labour,4197,labour,465,blue,465::blue,混合性通气功能障碍,4,train,81,83,1.0246913580246915
row_004198__labour,4198,labour,465,red,465::red,混合性通气功能障碍,4,test,76,77,1.013157894736842
row_004199__labour,4199,labour,466,blue,466::blue,混合性通气功能障碍,4,val,290,295,1.0172413793103448
row_004201__labour,4201,labour,466,purple,466::purple,混合性通气功能障碍,4,train,303,306,1.00990099009901
row_004202__labour,4202,labour,468,blue,468::blue,混合性通气功能障碍,4,train,150,154,1.0266666666666666
row_004203__labour,4203,labour,468,red,468::red,混合性通气功能障碍,4,train,149,155,1.0402684563758389
row_004204__labour,4204,labour,468,green,468::green,混合性通气功能障碍,4,train,152,155,1.019736842105263
row_004205__labour,4205,labour,469,blue,469::blue,混合性通气功能障碍,4,train,158,155,1.0193548387096774
row_004206__labour,4206,labour,469,red,469::red,混合性通气功能障碍,4,train,162,164,1.0123456790123457
row_004207__labour,4207,labour,469,green,469::green,混合性通气功能障碍,4,train,158,159,1.0063291139240507
row_004208__labour,4208,labour,470,purple,470::purple,混合性通气功能障碍,4,train,82,106,1.2926829268292683
row_004209__labour,4209,labour,470,green,470::green,混合性通气功能障碍,4,train,100,110,1.1
row_004210__labour,4210,labour,471,blue,471::blue,混合性通气功能障碍,4,val,227,201,1.1293532338308458
row_004211__labour,4211,labour,471,red,471::red,混合性通气功能障碍,4,train,224,237,1.0580357142857142
row_004212__labour,4212,labour,471,green,471::green,混合性通气功能障碍,4,train,225,226,1.0044444444444445
row_004213__labour,4213,labour,472,blue,472::blue,混合性通气功能障碍,4,train,173,170,1.0176470588235293
row_004214__labour,4214,labour,472,red,472::red,混合性通气功能障碍,4,train,173,184,1.0635838150289016
row_004215__labour,4215,labour,472,green,472::green,混合性通气功能障碍,4,train,161,196,1.2173913043478262
row_004216__labour,4216,labour,473,blue,473::blue,混合性通气功能障碍,4,train,184,196,1.065217391304348
row_004217__labour,4217,labour,473,red,473::red,混合性通气功能障碍,4,test,183,192,1.0491803278688525
row_004218__labour,4218,labour,473,green,473::green,混合性通气功能障碍,4,train,184,188,1.0217391304347827
row_004219__labour,4219,labour,474,blue,474::blue,混合性通气功能障碍,4,train,211,204,1.0343137254901962
row_004220__labour,4220,labour,474,red,474::red,混合性通气功能障碍,4,train,210,197,1.0659898477157361
row_004221__labour,4221,labour,474,green,474::green,混合性通气功能障碍,4,train,208,186,1.118279569892473
row_004222__labour,4222,labour,475,blue,475::blue,混合性通气功能障碍,4,train,179,191,1.0670391061452513
row_004223__labour,4223,labour,475,red,475::red,混合性通气功能障碍,4,train,183,195,1.0655737704918034
row_004224__labour,4224,labour,475,green,475::green,混合性通气功能障碍,4,train,176,191,1.0852272727272727
row_004225__labour,4225,labour,476,blue,476::blue,混合性通气功能障碍,4,val,205,206,1.0048780487804878
row_004226__labour,4226,labour,476,red,476::red,混合性通气功能障碍,4,train,206,212,1.029126213592233
row_004227__labour,4227,labour,476,green,476::green,混合性通气功能障碍,4,train,206,211,1.0242718446601942
row_004228__labour,4228,labour,478,blue,478::blue,混合性通气功能障碍,4,train,142,145,1.0211267605633803
row_004229__labour,4229,labour,478,red,478::red,混合性通气功能障碍,4,val,137,129,1.062015503875969
row_004230__labour,4230,labour,478,green,478::green,混合性通气功能障碍,4,train,127,147,1.1574803149606299
row_004231__labour,4231,labour,479,blue,479::blue,混合性通气功能障碍,4,train,302,271,1.1143911439114391
row_004232__labour,4232,labour,479,red,479::red,混合性通气功能障碍,4,train,291,277,1.0505415162454874
row_004233__labour,4233,labour,479,green,479::green,混合性通气功能障碍,4,test,294,274,1.072992700729927
row_004234__labour,4234,labour,480,green,480::green,混合性通气功能障碍,4,test,147,147,1.0
row_004235__labour,4235,labour,480,brown,480::brown,混合性通气功能障碍,4,train,159,161,1.0125786163522013
row_004236__labour,4236,labour,481,red,481::red,混合性通气功能障碍,4,test,180,190,1.0555555555555556
row_004237__labour,4237,labour,482,red,482::red,混合性通气功能障碍,4,train,165,165,1.0
row_004238__labour,4238,labour,482,green,482::green,混合性通气功能障碍,4,train,167,173,1.035928143712575
row_004239__labour,4239,labour,482,purple,482::purple,混合性通气功能障碍,4,train,162,166,1.0246913580246915
row_004241__labour,4241,labour,484,red,484::red,混合性通气功能障碍,4,test,151,147,1.0272108843537415
row_004242__labour,4242,labour,485,blue,485::blue,混合性通气功能障碍,4,test,185,165,1.121212121212121
row_004243__labour,4243,labour,485,red,485::red,混合性通气功能障碍,4,train,181,179,1.011173184357542
row_004244__labour,4244,labour,485,green,485::green,混合性通气功能障碍,4,train,177,161,1.0993788819875776
row_004245__labour,4245,labour,486,blue,486::blue,混合性通气功能障碍,4,train,212,176,1.2045454545454546
row_004248__labour,4248,labour,487,blue,487::blue,混合性通气功能障碍,4,val,128,129,1.0078125
row_004249__labour,4249,labour,487,red,487::red,混合性通气功能障碍,4,test,128,127,1.0078740157480315
row_004250__labour,4250,labour,487,green,487::green,混合性通气功能障碍,4,val,131,140,1.0687022900763359
row_004251__labour,4251,labour,488,blue,488::blue,混合性通气功能障碍,4,train,256,247,1.0364372469635628
row_004252__labour,4252,labour,488,red,488::red,混合性通气功能障碍,4,train,262,244,1.0737704918032787
row_004253__labour,4253,labour,488,green,488::green,混合性通气功能障碍,4,train,258,243,1.0617283950617284
row_004254__labour,4254,labour,491,blue,491::blue,混合性通气功能障碍,4,train,260,238,1.0924369747899159
row_004255__labour,4255,labour,494,red,494::red,混合性通气功能障碍,4,train,128,116,1.103448275862069
row_004256__labour,4256,labour,495,green,495::green,混合性通气功能障碍,4,train,206,205,1.0048780487804878
row_004257__labour,4257,labour,498,blue,498::blue,混合性通气功能障碍,4,train,175,176,1.0057142857142858
row_004258__labour,4258,labour,498,red,498::red,混合性通气功能障碍,4,train,176,179,1.0170454545454546
row_004259__labour,4259,labour,498,green,498::green,混合性通气功能障碍,4,train,158,161,1.018987341772152
row_004260__labour,4260,labour,499,blue,499::blue,混合性通气功能障碍,4,test,302,294,1.0272108843537415
row_004261__labour,4261,labour,499,red,499::red,混合性通气功能障碍,4,test,307,302,1.0165562913907285
row_004262__labour,4262,labour,499,green,499::green,混合性通气功能障碍,4,train,298,307,1.0302013422818792
row_004263__labour,4263,labour,500,blue,500::blue,混合性通气功能障碍,4,train,168,189,1.125
row_004264__labour,4264,labour,500,red,500::red,混合性通气功能障碍,4,train,168,181,1.0773809523809523
row_004265__labour,4265,labour,500,green,500::green,混合性通气功能障碍,4,test,164,173,1.0548780487804879
row_004266__labour,4266,labour,502,red,502::red,混合性通气功能障碍,4,val,303,314,1.0363036303630364
row_004267__labour,4267,labour,502,green,502::green,混合性通气功能障碍,4,train,295,316,1.071186440677966
row_004268__labour,4268,labour,503,blue,503::blue,混合性通气功能障碍,4,train,240,243,1.0125
row_004269__labour,4269,labour,503,red,503::red,混合性通气功能障碍,4,train,244,223,1.094170403587444
row_004270__labour,4270,labour,503,green,503::green,混合性通气功能障碍,4,val,248,242,1.024793388429752
row_004271__labour,4271,labour,504,blue,504::blue,混合性通气功能障碍,4,train,243,236,1.0296610169491525
row_004272__labour,4272,labour,504,red,504::red,混合性通气功能障碍,4,train,238,239,1.004201680672269
row_004273__labour,4273,labour,504,green,504::green,混合性通气功能障碍,4,val,240,245,1.0208333333333333
row_004274__labour,4274,labour,505,blue,505::blue,混合性通气功能障碍,4,val,83,73,1.1369863013698631
row_004275__labour,4275,labour,505,red,505::red,混合性通气功能障碍,4,train,84,63,1.3333333333333333
row_004276__labour,4276,labour,505,green,505::green,混合性通气功能障碍,4,train,87,65,1.3384615384615384
row_004279__labour,4279,labour,507,green,507::green,混合性通气功能障碍,4,train,196,156,1.2564102564102564
row_004280__labour,4280,labour,509,blue,509::blue,混合性通气功能障碍,4,train,170,178,1.0470588235294118
row_004281__labour,4281,labour,509,red,509::red,混合性通气功能障碍,4,train,167,169,1.0119760479041917
row_004282__labour,4282,labour,509,green,509::green,混合性通气功能障碍,4,train,165,180,1.0909090909090908
row_004283__labour,4283,labour,510,blue,510::blue,混合性通气功能障碍,4,train,225,228,1.0133333333333334
row_004284__labour,4284,labour,511,blue,511::blue,混合性通气功能障碍,4,train,203,210,1.0344827586206897
row_004285__labour,4285,labour,511,red,511::red,混合性通气功能障碍,4,train,209,218,1.0430622009569377
row_004286__labour,4286,labour,511,green,511::green,混合性通气功能障碍,4,train,204,214,1.0490196078431373
row_004287__labour,4287,labour,512,blue,512::blue,混合性通气功能障碍,4,train,201,205,1.0199004975124377
row_004288__labour,4288,labour,512,red,512::red,混合性通气功能障碍,4,train,202,210,1.0396039603960396
row_004289__labour,4289,labour,512,green,512::green,混合性通气功能障碍,4,val,200,215,1.075
row_004290__labour,4290,labour,513,blue,513::blue,混合性通气功能障碍,4,test,184,203,1.1032608695652173
row_004291__labour,4291,labour,513,red,513::red,混合性通气功能障碍,4,train,196,200,1.0204081632653061
row_004292__labour,4292,labour,513,green,513::green,混合性通气功能障碍,4,val,196,208,1.0612244897959184
row_004293__labour,4293,labour,514,blue,514::blue,混合性通气功能障碍,4,train,203,222,1.0935960591133005
row_004294__labour,4294,labour,514,red,514::red,混合性通气功能障碍,4,train,209,214,1.0239234449760766
row_004295__labour,4295,labour,514,green,514::green,混合性通气功能障碍,4,train,216,222,1.0277777777777777
row_004296__labour,4296,labour,522,blue,522::blue,混合性通气功能障碍,4,train,203,220,1.083743842364532
row_004297__labour,4297,labour,522,red,522::red,混合性通气功能障碍,4,val,202,228,1.1287128712871286
row_004298__labour,4298,labour,522,green,522::green,混合性通气功能障碍,4,test,233,233,1.0
row_004299__labour,4299,labour,523,blue,523::blue,混合性通气功能障碍,4,train,237,238,1.0042194092827004
row_004300__labour,4300,labour,523,red,523::red,混合性通气功能障碍,4,train,235,231,1.0173160173160174
row_004301__labour,4301,labour,523,green,523::green,混合性通气功能障碍,4,train,238,249,1.046218487394958
row_004302__labour,4302,labour,524,blue,524::blue,混合性通气功能障碍,4,train,267,275,1.0299625468164795
row_004303__labour,4303,labour,524,red,524::red,混合性通气功能障碍,4,train,267,272,1.0187265917602997
row_004304__labour,4304,labour,524,green,524::green,混合性通气功能障碍,4,val,256,265,1.03515625
row_004305__labour,4305,labour,525,blue,525::blue,混合性通气功能障碍,4,train,243,239,1.0167364016736402
row_004306__labour,4306,labour,525,red,525::red,混合性通气功能障碍,4,test,242,234,1.0341880341880343
row_004307__labour,4307,labour,525,green,525::green,混合性通气功能障碍,4,test,235,235,1.0
row_004308__labour,4308,labour,527,red,527::red,混合性通气功能障碍,4,val,303,299,1.0133779264214047
row_004309__labour,4309,labour,527,purple,527::purple,混合性通气功能障碍,4,train,306,292,1.047945205479452
row_004310__labour,4310,labour,529,red,529::red,混合性通气功能障碍,4,train,284,292,1.028169014084507
row_004311__labour,4311,labour,529,green,529::green,混合性通气功能障碍,4,train,276,278,1.0072463768115942
row_004312__labour,4312,labour,529,purple,529::purple,混合性通气功能障碍,4,test,272,268,1.0149253731343284
row_004313__labour,4313,labour,530,red,530::red,混合性通气功能障碍,4,train,311,273,1.1391941391941391
row_004314__labour,4314,labour,530,green,530::green,混合性通气功能障碍,4,test,306,275,1.1127272727272728
row_004315__labour,4315,labour,530,purple,530::purple,混合性通气功能障碍,4,val,305,275,1.1090909090909091
row_004316__labour,4316,labour,531,green,531::green,混合性通气功能障碍,4,train,303,303,1.0
row_004317__labour,4317,labour,531,purple,531::purple,混合性通气功能障碍,4,train,296,303,1.0236486486486487
row_004318__labour,4318,labour,533,red,533::red,混合性通气功能障碍,4,train,63,67,1.0634920634920635
row_004319__labour,4319,labour,533,purple,533::purple,混合性通气功能障碍,4,train,72,73,1.0138888888888888
row_004320__labour,4320,labour,535,blue,535::blue,混合性通气功能障碍,4,train,186,213,1.1451612903225807
row_004321__labour,4321,labour,536,blue,536::blue,混合性通气功能障碍,4,train,183,175,1.0457142857142858
row_004322__labour,4322,labour,536,green,536::green,混合性通气功能障碍,4,test,190,189,1.0052910052910053
row_004323__labour,4323,labour,539,blue,539::blue,混合性通气功能障碍,4,train,195,189,1.0317460317460319
row_004324__labour,4324,labour,539,red,539::red,混合性通气功能障碍,4,test,192,199,1.0364583333333333
row_004325__labour,4325,labour,539,green,539::green,混合性通气功能障碍,4,train,189,195,1.0317460317460319
row_004326__labour,4326,labour,540,blue,540::blue,混合性通气功能障碍,4,train,145,166,1.1448275862068966
row_004327__labour,4327,labour,541,blue,541::blue,混合性通气功能障碍,4,train,148,142,1.0422535211267605
row_004328__labour,4328,labour,541,red,541::red,混合性通气功能障碍,4,test,148,136,1.088235294117647
row_004329__labour,4329,labour,541,green,541::green,混合性通气功能障碍,4,train,148,144,1.0277777777777777
row_004330__labour,4330,labour,542,blue,542::blue,混合性通气功能障碍,4,train,253,248,1.0201612903225807
row_004331__labour,4331,labour,542,red,542::red,混合性通气功能障碍,4,train,251,262,1.043824701195219
row_004333__labour,4333,labour,545,blue,545::blue,混合性通气功能障碍,4,train,179,200,1.1173184357541899
row_004334__labour,4334,labour,545,red,545::red,混合性通气功能障碍,4,train,181,196,1.0828729281767955
row_004335__labour,4335,labour,546,blue,546::blue,混合性通气功能障碍,4,train,155,164,1.0580645161290323
row_004336__labour,4336,labour,546,red,546::red,混合性通气功能障碍,4,test,162,165,1.0185185185185186
row_004337__labour,4337,labour,546,green,546::green,混合性通气功能障碍,4,val,159,162,1.0188679245283019
row_004338__labour,4338,labour,548,blue,548::blue,混合性通气功能障碍,4,train,160,182,1.1375
row_004339__labour,4339,labour,548,red,548::red,混合性通气功能障碍,4,train,165,184,1.1151515151515152
row_004340__labour,4340,labour,548,green,548::green,混合性通气功能障碍,4,val,167,178,1.0658682634730539
row_004341__labour,4341,labour,549,blue,549::blue,混合性通气功能障碍,4,val,235,237,1.0085106382978724
row_004342__labour,4342,labour,549,red,549::red,混合性通气功能障碍,4,train,234,237,1.0128205128205128
row_004343__labour,4343,labour,549,green,549::green,混合性通气功能障碍,4,train,233,239,1.0257510729613735
row_004344__labour,4344,labour,550,blue,550::blue,混合性通气功能障碍,4,train,188,166,1.1325301204819278
row_004345__labour,4345,labour,550,red,550::red,混合性通气功能障碍,4,test,183,148,1.2364864864864864
row_004346__labour,4346,labour,550,green,550::green,混合性通气功能障碍,4,train,177,156,1.1346153846153846
row_004347__labour,4347,labour,551,blue,551::blue,混合性通气功能障碍,4,train,217,185,1.172972972972973
row_004348__labour,4348,labour,551,red,551::red,混合性通气功能障碍,4,train,209,206,1.0145631067961165
row_004349__labour,4349,labour,551,green,551::green,混合性通气功能障碍,4,train,205,182,1.1263736263736264
row_004350__labour,4350,labour,552,blue,552::blue,混合性通气功能障碍,4,train,240,215,1.1162790697674418
row_004351__labour,4351,labour,552,red,552::red,混合性通气功能障碍,4,train,244,224,1.0892857142857142
row_004352__labour,4352,labour,552,green,552::green,混合性通气功能障碍,4,train,244,220,1.1090909090909091
row_004353__labour,4353,labour,553,blue,553::blue,混合性通气功能障碍,4,train,176,202,1.1477272727272727
row_004354__labour,4354,labour,553,red,553::red,混合性通气功能障碍,4,train,194,202,1.041237113402062
row_004355__labour,4355,labour,553,green,553::green,混合性通气功能障碍,4,train,182,202,1.10989010989011
row_004356__labour,4356,labour,554,blue,554::blue,混合性通气功能障碍,4,val,236,222,1.063063063063063
row_004357__labour,4357,labour,554,red,554::red,混合性通气功能障碍,4,train,235,212,1.1084905660377358
row_004358__labour,4358,labour,554,green,554::green,混合性通气功能障碍,4,train,235,215,1.0930232558139534
row_004359__labour,4359,labour,555,blue,555::blue,混合性通气功能障碍,4,val,217,200,1.085
row_004360__labour,4360,labour,555,red,555::red,混合性通气功能障碍,4,train,208,209,1.0048076923076923
row_004361__labour,4361,labour,555,green,555::green,混合性通气功能障碍,4,train,206,207,1.0048543689320388
row_004362__labour,4362,labour,558,blue,558::blue,混合性通气功能障碍,4,train,127,131,1.031496062992126
row_004363__labour,4363,labour,558,red,558::red,混合性通气功能障碍,4,train,128,128,1.0
row_004364__labour,4364,labour,558,green,558::green,混合性通气功能障碍,4,val,126,123,1.024390243902439
row_004365__labour,4365,labour,559,blue,559::blue,混合性通气功能障碍,4,train,129,134,1.0387596899224807
row_004366__labour,4366,labour,559,red,559::red,混合性通气功能障碍,4,train,141,149,1.0567375886524824
row_004367__labour,4367,labour,559,green,559::green,混合性通气功能障碍,4,val,132,139,1.053030303030303
row_004368__labour,4368,labour,560,blue,560::blue,混合性通气功能障碍,4,train,261,265,1.0153256704980842
row_004369__labour,4369,labour,560,red,560::red,混合性通气功能障碍,4,train,279,212,1.3160377358490567
row_004370__labour,4370,labour,560,green,560::green,混合性通气功能障碍,4,train,270,276,1.0222222222222221
row_004371__labour,4371,labour,561,blue,561::blue,混合性通气功能障碍,4,train,139,159,1.143884892086331
row_004372__labour,4372,labour,562,blue,562::blue,混合性通气功能障碍,4,train,197,200,1.015228426395939
row_004373__labour,4373,labour,562,red,562::red,混合性通气功能障碍,4,train,198,210,1.0606060606060606
row_004374__labour,4374,labour,562,green,562::green,混合性通气功能障碍,4,train,197,211,1.0710659898477157
row_004375__labour,4375,labour,563,blue,563::blue,混合性通气功能障碍,4,train,211,218,1.033175355450237
row_004376__labour,4376,labour,563,red,563::red,混合性通气功能障碍,4,train,216,225,1.0416666666666667
row_004377__labour,4377,labour,563,green,563::green,混合性通气功能障碍,4,train,215,219,1.0186046511627906
row_004378__labour,4378,labour,564,blue,564::blue,混合性通气功能障碍,4,train,190,153,1.2418300653594772
row_004379__labour,4379,labour,564,red,564::red,混合性通气功能障碍,4,train,185,156,1.185897435897436
row_004380__labour,4380,labour,564,green,564::green,混合性通气功能障碍,4,train,192,157,1.2229299363057324
row_004381__labour,4381,labour,565,blue,565::blue,混合性通气功能障碍,4,train,275,274,1.0036496350364963
row_004382__labour,4382,labour,565,red,565::red,混合性通气功能障碍,4,test,270,274,1.0148148148148148
row_004383__labour,4383,labour,565,green,565::green,混合性通气功能障碍,4,train,269,232,1.1594827586206897
row_004384__labour,4384,labour,567,blue,567::blue,混合性通气功能障碍,4,val,249,242,1.0289256198347108
row_004385__labour,4385,labour,567,red,567::red,混合性通气功能障碍,4,train,242,227,1.066079295154185
row_004386__labour,4386,labour,567,green,567::green,混合性通气功能障碍,4,train,245,241,1.016597510373444
row_004387__labour,4387,labour,568,blue,568::blue,混合性通气功能障碍,4,train,283,287,1.0141342756183747
row_004388__labour,4388,labour,568,red,568::red,混合性通气功能障碍,4,val,285,283,1.0070671378091873
row_004389__labour,4389,labour,568,green,568::green,混合性通气功能障碍,4,test,284,257,1.105058365758755
row_004390__labour,4390,labour,569,red,569::red,混合性通气功能障碍,4,train,253,235,1.0765957446808512
row_004391__labour,4391,labour,569,green,569::green,混合性通气功能障碍,4,train,250,231,1.0822510822510822
row_004392__labour,4392,labour,570,blue,570::blue,混合性通气功能障碍,4,train,332,321,1.0342679127725856
row_004393__labour,4393,labour,570,red,570::red,混合性通气功能障碍,4,val,327,322,1.015527950310559
row_004394__labour,4394,labour,570,green,570::green,混合性通气功能障碍,4,test,337,333,1.012012012012012
row_004395__labour,4395,labour,574,blue,574::blue,混合性通气功能障碍,4,train,259,261,1.0077220077220077
row_004396__labour,4396,labour,574,red,574::red,混合性通气功能障碍,4,train,253,260,1.0276679841897234
row_004397__labour,4397,labour,574,green,574::green,混合性通气功能障碍,4,train,247,258,1.0445344129554657
row_004398__labour,4398,labour,575,blue,575::blue,混合性通气功能障碍,4,test,158,153,1.0326797385620916
row_004399__labour,4399,labour,579,blue,579::blue,混合性通气功能障碍,4,train,236,235,1.004255319148936
row_004400__labour,4400,labour,579,red,579::red,混合性通气功能障碍,4,train,234,223,1.0493273542600896
row_004401__labour,4401,labour,579,green,579::green,混合性通气功能障碍,4,val,239,246,1.0292887029288702
row_004402__labour,4402,labour,580,blue,580::blue,混合性通气功能障碍,4,test,111,119,1.072072072072072
row_004403__labour,4403,labour,580,red,580::red,混合性通气功能障碍,4,train,107,115,1.074766355140187
row_004404__labour,4404,labour,581,blue,581::blue,混合性通气功能障碍,4,train,141,132,1.0681818181818181
row_004405__labour,4405,labour,581,red,581::red,混合性通气功能障碍,4,train,145,130,1.1153846153846154
row_004406__labour,4406,labour,581,green,581::green,混合性通气功能障碍,4,train,146,122,1.1967213114754098
row_004407__labour,4407,labour,582,blue,582::blue,混合性通气功能障碍,4,train,226,249,1.1017699115044248
row_004408__labour,4408,labour,582,red,582::red,混合性通气功能障碍,4,train,221,238,1.0769230769230769
row_004409__labour,4409,labour,582,green,582::green,混合性通气功能障碍,4,val,224,245,1.09375
row_004410__labour,4410,labour,584,blue,584::blue,混合性通气功能障碍,4,train,109,102,1.0686274509803921
row_004411__labour,4411,labour,584,red,584::red,混合性通气功能障碍,4,train,108,92,1.173913043478261
row_004412__labour,4412,labour,584,green,584::green,混合性通气功能障碍,4,test,110,104,1.0576923076923077
row_004413__labour,4413,labour,585,blue,585::blue,混合性通气功能障碍,4,val,260,255,1.0196078431372548
row_004414__labour,4414,labour,585,red,585::red,混合性通气功能障碍,4,train,259,253,1.023715415019763
row_004415__labour,4415,labour,585,green,585::green,混合性通气功能障碍,4,train,260,250,1.04
row_004416__labour,4416,labour,587,blue,587::blue,混合性通气功能障碍,4,train,327,356,1.0886850152905199
row_004417__labour,4417,labour,587,red,587::red,混合性通气功能障碍,4,test,323,273,1.1831501831501832
row_004418__labour,4418,labour,587,green,587::green,混合性通气功能障碍,4,test,326,369,1.1319018404907975
row_004419__labour,4419,labour,588,red,588::red,混合性通气功能障碍,4,test,199,196,1.0153061224489797
row_004420__labour,4420,labour,588,green,588::green,混合性通气功能障碍,4,train,197,185,1.0648648648648649
row_004421__labour,4421,labour,588,purple,588::purple,混合性通气功能障碍,4,train,200,153,1.3071895424836601
row_004422__labour,4422,labour,589,red,589::red,混合性通气功能障碍,4,train,213,225,1.056338028169014
row_004423__labour,4423,labour,589,green,589::green,混合性通气功能障碍,4,test,227,205,1.1073170731707318
row_004424__labour,4424,labour,1,blue,1::blue,阻塞性通气功能障碍,3,train,287,318,1.10801393728223
row_004425__labour,4425,labour,1,red,1::red,阻塞性通气功能障碍,3,val,301,249,1.2088353413654618
row_004426__labour,4426,labour,1,green,1::green,阻塞性通气功能障碍,3,train,294,291,1.0103092783505154
row_004427__labour,4427,labour,2,blue,2::blue,阻塞性通气功能障碍,3,train,200,184,1.0869565217391304
row_004428__labour,4428,labour,2,red,2::red,阻塞性通气功能障碍,3,train,198,189,1.0476190476190477
row_004429__labour,4429,labour,2,green,2::green,阻塞性通气功能障碍,3,train,207,178,1.1629213483146068
row_004430__labour,4430,labour,3,blue,3::blue,阻塞性通气功能障碍,3,val,314,314,1.0
row_004431__labour,4431,labour,3,red,3::red,阻塞性通气功能障碍,3,train,313,271,1.154981549815498
row_004432__labour,4432,labour,3,green,3::green,阻塞性通气功能障碍,3,train,327,326,1.0030674846625767
row_004433__labour,4433,labour,4,blue,4::blue,阻塞性通气功能障碍,3,train,296,299,1.010135135135135
row_004434__labour,4434,labour,4,red,4::red,阻塞性通气功能障碍,3,train,306,303,1.00990099009901
row_004435__labour,4435,labour,4,green,4::green,阻塞性通气功能障碍,3,val,307,303,1.0132013201320131
row_004436__labour,4436,labour,5,blue,5::blue,阻塞性通气功能障碍,3,test,358,355,1.008450704225352
row_004437__labour,4437,labour,5,red,5::red,阻塞性通气功能障碍,3,train,361,361,1.0
row_004438__labour,4438,labour,5,green,5::green,阻塞性通气功能障碍,3,train,363,362,1.0027624309392265
row_004439__labour,4439,labour,6,blue,6::blue,阻塞性通气功能障碍,3,val,376,377,1.002659574468085
row_004440__labour,4440,labour,6,red,6::red,阻塞性通气功能障碍,3,test,375,359,1.0445682451253482
row_004441__labour,4441,labour,6,green,6::green,阻塞性通气功能障碍,3,test,378,363,1.0413223140495869
row_004442__labour,4442,labour,7,blue,7::blue,阻塞性通气功能障碍,3,train,374,371,1.0080862533692723
row_004443__labour,4443,labour,7,red,7::red,阻塞性通气功能障碍,3,train,370,369,1.002710027100271
row_004444__labour,4444,labour,7,green,7::green,阻塞性通气功能障碍,3,train,364,370,1.0164835164835164
row_004445__labour,4445,labour,8,blue,8::blue,阻塞性通气功能障碍,3,train,334,354,1.0598802395209581
row_004446__labour,4446,labour,8,red,8::red,阻塞性通气功能障碍,3,val,349,357,1.0229226361031518
row_004447__labour,4447,labour,8,green,8::green,阻塞性通气功能障碍,3,train,346,347,1.0028901734104045
row_004448__labour,4448,labour,9,red,9::red,阻塞性通气功能障碍,3,train,362,371,1.0248618784530388
row_004449__labour,4449,labour,9,green,9::green,阻塞性通气功能障碍,3,train,365,369,1.010958904109589
row_004450__labour,4450,labour,12,red,12::red,阻塞性通气功能障碍,3,train,477,469,1.0170575692963753
row_004451__labour,4451,labour,12,green,12::green,阻塞性通气功能障碍,3,test,466,445,1.047191011235955
row_004452__labour,4452,labour,13,blue,13::blue,阻塞性通气功能障碍,3,val,215,162,1.3271604938271604
row_004453__labour,4453,labour,13,red,13::red,阻塞性通气功能障碍,3,train,238,202,1.1782178217821782
row_004454__labour,4454,labour,14,red,14::red,阻塞性通气功能障碍,3,train,218,182,1.1978021978021978
row_004455__labour,4455,labour,14,green,14::green,阻塞性通气功能障碍,3,train,218,188,1.1595744680851063
row_004456__labour,4456,labour,15,blue,15::blue,阻塞性通气功能障碍,3,train,333,295,1.1288135593220339
row_004457__labour,4457,labour,15,red,15::red,阻塞性通气功能障碍,3,train,334,278,1.2014388489208634
row_004458__labour,4458,labour,15,green,15::green,阻塞性通气功能障碍,3,train,334,302,1.1059602649006623
row_004459__labour,4459,labour,16,blue,16::blue,阻塞性通气功能障碍,3,train,304,303,1.0033003300330032
row_004460__labour,4460,labour,16,red,16::red,阻塞性通气功能障碍,3,test,304,306,1.006578947368421
row_004461__labour,4461,labour,16,green,16::green,阻塞性通气功能障碍,3,train,302,302,1.0
row_004462__labour,4462,labour,17,blue,17::blue,阻塞性通气功能障碍,3,train,331,335,1.012084592145015
row_004463__labour,4463,labour,17,green,17::green,阻塞性通气功能障碍,3,train,313,319,1.0191693290734825
row_004464__labour,4464,labour,18,blue,18::blue,阻塞性通气功能障碍,3,test,358,358,1.0
row_004465__labour,4465,labour,18,red,18::red,阻塞性通气功能障碍,3,train,357,357,1.0
row_004466__labour,4466,labour,19,blue,19::blue,阻塞性通气功能障碍,3,train,312,314,1.0064102564102564
row_004467__labour,4467,labour,19,red,19::red,阻塞性通气功能障碍,3,val,310,314,1.0129032258064516
row_004469__labour,4469,labour,20,red,20::red,阻塞性通气功能障碍,3,test,218,196,1.1122448979591837
row_004470__labour,4470,labour,20,green,20::green,阻塞性通气功能障碍,3,train,220,221,1.0045454545454546
row_004471__labour,4471,labour,22,blue,22::blue,阻塞性通气功能障碍,3,train,179,147,1.217687074829932
row_004472__labour,4472,labour,22,red,22::red,阻塞性通气功能障碍,3,test,174,153,1.1372549019607843
row_004473__labour,4473,labour,22,green,22::green,阻塞性通气功能障碍,3,train,172,175,1.0174418604651163
row_004474__labour,4474,labour,23,blue,23::blue,阻塞性通气功能障碍,3,train,342,289,1.1833910034602075
row_004475__labour,4475,labour,23,red,23::red,阻塞性通气功能障碍,3,train,328,331,1.0091463414634145
row_004476__labour,4476,labour,23,green,23::green,阻塞性通气功能障碍,3,train,335,315,1.0634920634920635
row_004477__labour,4477,labour,24,blue,24::blue,阻塞性通气功能障碍,3,train,400,337,1.1869436201780414
row_004479__labour,4479,labour,25,blue,25::blue,阻塞性通气功能障碍,3,train,391,395,1.010230179028133
row_004480__labour,4480,labour,25,red,25::red,阻塞性通气功能障碍,3,train,383,311,1.2315112540192925
row_004481__labour,4481,labour,26,red,26::red,阻塞性通气功能障碍,3,train,437,439,1.0045766590389016
row_004482__labour,4482,labour,26,green,26::green,阻塞性通气功能障碍,3,train,441,441,1.0
row_004483__labour,4483,labour,28,blue,28::blue,阻塞性通气功能障碍,3,train,421,423,1.004750593824228
row_004484__labour,4484,labour,28,red,28::red,阻塞性通气功能障碍,3,train,418,395,1.058227848101266
row_004485__labour,4485,labour,28,green,28::green,阻塞性通气功能障碍,3,train,436,440,1.0091743119266054
row_004486__labour,4486,labour,30,blue,30::blue,阻塞性通气功能障碍,3,train,374,391,1.0454545454545454
row_004487__labour,4487,labour,30,red,30::red,阻塞性通气功能障碍,3,val,375,379,1.0106666666666666
row_004488__labour,4488,labour,30,green,30::green,阻塞性通气功能障碍,3,train,356,371,1.0421348314606742
row_004489__labour,4489,labour,33,blue,33::blue,阻塞性通气功能障碍,3,train,282,280,1.0071428571428571
row_004490__labour,4490,labour,33,red,33::red,阻塞性通气功能障碍,3,train,265,264,1.003787878787879
row_004491__labour,4491,labour,33,green,33::green,阻塞性通气功能障碍,3,train,356,371,1.0421348314606742
row_004492__labour,4492,labour,35,red,35::red,阻塞性通气功能障碍,3,train,266,271,1.018796992481203
row_004493__labour,4493,labour,35,green,35::green,阻塞性通气功能障碍,3,train,260,263,1.0115384615384615
row_004494__labour,4494,labour,36,green,36::green,阻塞性通气功能障碍,3,train,283,287,1.0141342756183747
row_004495__labour,4495,labour,37,green,37::green,阻塞性通气功能障碍,3,train,257,268,1.0428015564202335
row_004496__labour,4496,labour,40,blue,40::blue,阻塞性通气功能障碍,3,test,279,280,1.003584229390681
row_004497__labour,4497,labour,40,red,40::red,阻塞性通气功能障碍,3,train,265,267,1.0075471698113208
row_004498__labour,4498,labour,40,green,40::green,阻塞性通气功能障碍,3,val,282,283,1.00354609929078
row_004499__labour,4499,labour,43,blue,43::blue,阻塞性通气功能障碍,3,train,214,218,1.0186915887850467
row_004500__labour,4500,labour,43,green,43::green,阻塞性通气功能障碍,3,train,212,219,1.0330188679245282
row_004501__labour,4501,labour,52,blue,52::blue,阻塞性通气功能障碍,3,val,268,270,1.007462686567164
row_004502__labour,4502,labour,52,red,52::red,阻塞性通气功能障碍,3,val,270,217,1.2442396313364055
row_004503__labour,4503,labour,52,green,52::green,阻塞性通气功能障碍,3,train,269,271,1.0074349442379182
row_004504__labour,4504,labour,53,blue,53::blue,阻塞性通气功能障碍,3,train,431,430,1.0023255813953489
row_004505__labour,4505,labour,53,red,53::red,阻塞性通气功能障碍,3,test,427,430,1.0070257611241218
row_004506__labour,4506,labour,53,green,53::green,阻塞性通气功能障碍,3,train,429,430,1.0023310023310024
row_004507__labour,4507,labour,54,blue,54::blue,阻塞性通气功能障碍,3,train,380,377,1.0079575596816976
row_004508__labour,4508,labour,54,red,54::red,阻塞性通气功能障碍,3,val,362,361,1.002770083102493
row_004509__labour,4509,labour,54,green,54::green,阻塞性通气功能障碍,3,val,374,373,1.002680965147453
row_004510__labour,4510,labour,55,green,55::green,阻塞性通气功能障碍,3,test,240,246,1.025
row_004512__labour,4512,labour,58,red,58::red,阻塞性通气功能障碍,3,train,179,179,1.0
row_004513__labour,4513,labour,58,green,58::green,阻塞性通气功能障碍,3,train,185,178,1.0393258426966292
row_004514__labour,4514,labour,59,blue,59::blue,阻塞性通气功能障碍,3,train,196,192,1.0208333333333333
row_004515__labour,4515,labour,59,red,59::red,阻塞性通气功能障碍,3,train,193,190,1.0157894736842106
row_004516__labour,4516,labour,59,green,59::green,阻塞性通气功能障碍,3,val,190,165,1.1515151515151516
row_004517__labour,4517,labour,60,blue,60::blue,阻塞性通气功能障碍,3,train,216,225,1.0416666666666667
row_004518__labour,4518,labour,60,red,60::red,阻塞性通气功能障碍,3,test,221,225,1.0180995475113122
row_004519__labour,4519,labour,60,pink,60::pink,阻塞性通气功能障碍,3,train,218,217,1.0046082949308757
row_004520__labour,4520,labour,71,blue,71::blue,阻塞性通气功能障碍,3,val,251,251,1.0
row_004521__labour,4521,labour,72,red,72::red,阻塞性通气功能障碍,3,train,329,251,1.3107569721115537
row_004522__labour,4522,labour,72,green,72::green,阻塞性通气功能障碍,3,train,328,342,1.0426829268292683
row_004523__labour,4523,labour,73,blue,73::blue,阻塞性通气功能障碍,3,train,350,355,1.0142857142857142
row_004524__labour,4524,labour,73,red,73::red,阻塞性通气功能障碍,3,test,345,345,1.0
row_004525__labour,4525,labour,73,green,73::green,阻塞性通气功能障碍,3,test,349,281,1.2419928825622777
row_004526__labour,4526,labour,74,blue,74::blue,阻塞性通气功能障碍,3,train,386,387,1.0025906735751295
row_004527__labour,4527,labour,74,red,74::red,阻塞性通气功能障碍,3,train,378,379,1.0026455026455026
row_004528__labour,4528,labour,74,green,74::green,阻塞性通气功能障碍,3,train,367,369,1.005449591280654
row_004529__labour,4529,labour,75,blue,75::blue,阻塞性通气功能障碍,3,train,251,249,1.0080321285140563
row_004530__labour,4530,labour,75,red,75::red,阻塞性通气功能障碍,3,train,251,250,1.004
row_004531__labour,4531,labour,75,green,75::green,阻塞性通气功能障碍,3,train,254,256,1.0078740157480315
row_004532__labour,4532,labour,76,red,76::red,阻塞性通气功能障碍,3,train,359,342,1.0497076023391814
row_004533__labour,4533,labour,76,green,76::green,阻塞性通气功能障碍,3,val,362,316,1.1455696202531647
row_004534__labour,4534,labour,77,blue,77::blue,阻塞性通气功能障碍,3,train,442,441,1.002267573696145
row_004535__labour,4535,labour,77,red,77::red,阻塞性通气功能障碍,3,train,442,443,1.002262443438914
row_004536__labour,4536,labour,77,green,77::green,阻塞性通气功能障碍,3,val,434,439,1.0115207373271888
row_004537__labour,4537,labour,105,blue,105::blue,阻塞性通气功能障碍,3,train,211,217,1.028436018957346
row_004539__labour,4539,labour,105,green,105::green,阻塞性通气功能障碍,3,train,215,226,1.0511627906976744
row_004540__labour,4540,labour,106,blue,106::blue,阻塞性通气功能障碍,3,val,496,470,1.0553191489361702
row_004541__labour,4541,labour,106,green,106::green,阻塞性通气功能障碍,3,train,492,430,1.1441860465116278
row_004542__labour,4542,labour,107,blue,107::blue,阻塞性通气功能障碍,3,train,502,473,1.0613107822410148
row_004543__labour,4543,labour,107,red,107::red,阻塞性通气功能障碍,3,train,502,487,1.0308008213552362
row_004544__labour,4544,labour,107,green,107::green,阻塞性通气功能障碍,3,test,501,466,1.0751072961373391
row_004545__labour,4545,labour,108,blue,108::blue,阻塞性通气功能障碍,3,train,259,250,1.036
row_004546__labour,4546,labour,108,red,108::red,阻塞性通气功能障碍,3,train,265,258,1.0271317829457365
row_004547__labour,4547,labour,108,green,108::green,阻塞性通气功能障碍,3,train,257,254,1.0118110236220472
row_004548__labour,4548,labour,109,blue,109::blue,阻塞性通气功能障碍,3,val,266,262,1.015267175572519
row_004549__labour,4549,labour,109,red,109::red,阻塞性通气功能障碍,3,test,258,254,1.015748031496063
row_004550__labour,4550,labour,109,green,109::green,阻塞性通气功能障碍,3,train,257,258,1.0038910505836576
row_004551__labour,4551,labour,110,red,110::red,阻塞性通气功能障碍,3,test,307,321,1.0456026058631922
row_004552__labour,4552,labour,110,green,110::green,阻塞性通气功能障碍,3,test,290,310,1.0689655172413792
row_004553__labour,4553,labour,111,blue,111::blue,阻塞性通气功能障碍,3,train,198,201,1.0151515151515151
row_004554__labour,4554,labour,111,red,111::red,阻塞性通气功能障碍,3,train,199,199,1.0
row_004555__labour,4555,labour,111,green,111::green,阻塞性通气功能障碍,3,train,193,191,1.0104712041884816
row_004556__labour,4556,labour,112,blue,112::blue,阻塞性通气功能障碍,3,train,219,202,1.0841584158415842
row_004557__labour,4557,labour,112,red,112::red,阻塞性通气功能障碍,3,val,209,199,1.050251256281407
row_004558__labour,4558,labour,112,green,112::green,阻塞性通气功能障碍,3,val,220,214,1.02803738317757
row_004559__labour,4559,labour,114,blue,114::blue,阻塞性通气功能障碍,3,train,256,249,1.0281124497991967
row_004560__labour,4560,labour,114,red,114::red,阻塞性通气功能障碍,3,train,267,253,1.0553359683794465
row_004561__labour,4561,labour,114,green,114::green,阻塞性通气功能障碍,3,train,271,260,1.0423076923076924
row_004562__labour,4562,labour,116,blue,116::blue,阻塞性通气功能障碍,3,train,255,247,1.0323886639676114
row_004563__labour,4563,labour,116,red,116::red,阻塞性通气功能障碍,3,test,247,246,1.0040650406504066
row_004564__labour,4564,labour,116,green,116::green,阻塞性通气功能障碍,3,train,252,244,1.0327868852459017
row_004566__labour,4566,labour,117,red,117::red,阻塞性通气功能障碍,3,test,356,353,1.0084985835694051
row_004567__labour,4567,labour,118,blue,118::blue,阻塞性通气功能障碍,3,train,214,195,1.0974358974358975
row_004568__labour,4568,labour,118,red,118::red,阻塞性通气功能障碍,3,test,288,286,1.006993006993007
row_004569__labour,4569,labour,118,green,118::green,阻塞性通气功能障碍,3,train,278,274,1.0145985401459854
row_004570__labour,4570,labour,120,blue,120::blue,阻塞性通气功能障碍,3,val,198,202,1.02020202020202
row_004571__labour,4571,labour,120,red,120::red,阻塞性通气功能障碍,3,train,190,144,1.3194444444444444
row_004572__labour,4572,labour,121,red,121::red,阻塞性通气功能障碍,3,val,260,279,1.073076923076923
row_004573__labour,4573,labour,123,blue,123::blue,阻塞性通气功能障碍,3,train,262,258,1.0155038759689923
row_004574__labour,4574,labour,123,red,123::red,阻塞性通气功能障碍,3,val,263,239,1.100418410041841
row_004575__labour,4575,labour,123,green,123::green,阻塞性通气功能障碍,3,train,261,261,1.0
row_004576__labour,4576,labour,125,red,125::red,阻塞性通气功能障碍,3,train,239,278,1.1631799163179917
row_004577__labour,4577,labour,125,green,125::green,阻塞性通气功能障碍,3,train,234,266,1.1367521367521367
row_004578__labour,4578,labour,126,blue,126::blue,阻塞性通气功能障碍,3,train,259,199,1.3015075376884422
row_004579__labour,4579,labour,126,red,126::red,阻塞性通气功能障碍,3,train,250,243,1.02880658436214
row_004580__labour,4580,labour,126,green,126::green,阻塞性通气功能障碍,3,train,245,241,1.016597510373444
row_004583__labour,4583,labour,227,blue,227::blue,阻塞性通气功能障碍,3,train,247,246,1.0040650406504066
row_004584__labour,4584,labour,227,red,227::red,阻塞性通气功能障碍,3,train,230,246,1.0695652173913044
row_004585__labour,4585,labour,227,green,227::green,阻塞性通气功能障碍,3,test,230,245,1.065217391304348
row_004586__labour,4586,labour,228,blue,228::blue,阻塞性通气功能障碍,3,train,363,367,1.0110192837465564
row_004587__labour,4587,labour,228,green,228::green,阻塞性通气功能障碍,3,train,346,336,1.0297619047619047
row_004588__labour,4588,labour,230,blue,230::blue,阻塞性通气功能障碍,3,train,301,294,1.0238095238095237
row_004589__labour,4589,labour,230,red,230::red,阻塞性通气功能障碍,3,train,301,288,1.0451388888888888
row_004590__labour,4590,labour,230,green,230::green,阻塞性通气功能障碍,3,train,303,288,1.0520833333333333
row_004592__labour,4592,labour,231,red,231::red,阻塞性通气功能障碍,3,train,259,194,1.3350515463917525
row_004593__labour,4593,labour,231,green,231::green,阻塞性通气功能障碍,3,train,250,220,1.1363636363636365
row_004594__labour,4594,labour,233,blue,233::blue,阻塞性通气功能障碍,3,train,351,347,1.0115273775216138
row_004595__labour,4595,labour,233,red,233::red,阻塞性通气功能障碍,3,test,354,349,1.0143266475644699
row_004596__labour,4596,labour,233,green,233::green,阻塞性通气功能障碍,3,train,351,340,1.0323529411764707
row_004597__labour,4597,labour,234,blue,234::blue,阻塞性通气功能障碍,3,val,174,174,1.0
row_004598__labour,4598,labour,234,red,234::red,阻塞性通气功能障碍,3,train,183,181,1.011049723756906
row_004599__labour,4599,labour,234,green,234::green,阻塞性通气功能障碍,3,train,182,176,1.0340909090909092
row_004600__labour,4600,labour,235,blue,235::blue,阻塞性通气功能障碍,3,val,309,312,1.0097087378640777
row_004601__labour,4601,labour,235,red,235::red,阻塞性通气功能障碍,3,test,295,296,1.0033898305084745
row_004602__labour,4602,labour,235,green,235::green,阻塞性通气功能障碍,3,val,300,305,1.0166666666666666
row_004603__labour,4603,labour,237,blue,237::blue,阻塞性通气功能障碍,3,train,290,270,1.0740740740740742
row_004604__labour,4604,labour,237,red,237::red,阻塞性通气功能障碍,3,train,295,259,1.138996138996139
row_004605__labour,4605,labour,237,green,237::green,阻塞性通气功能障碍,3,train,300,246,1.2195121951219512
row_004606__labour,4606,labour,238,blue,238::blue,阻塞性通气功能障碍,3,train,449,440,1.0204545454545455
row_004607__labour,4607,labour,238,red,238::red,阻塞性通气功能障碍,3,train,451,439,1.0273348519362187
row_004608__labour,4608,labour,238,green,238::green,阻塞性通气功能障碍,3,train,444,439,1.0113895216400912
row_004609__labour,4609,labour,239,red,239::red,阻塞性通气功能障碍,3,train,131,130,1.0076923076923077
row_004610__labour,4610,labour,239,green,239::green,阻塞性通气功能障碍,3,train,131,130,1.0076923076923077
row_004611__labour,4611,labour,243,blue,243::blue,阻塞性通气功能障碍,3,train,241,226,1.0663716814159292
row_004613__labour,4613,labour,243,green,243::green,阻塞性通气功能障碍,3,train,240,239,1.00418410041841
row_004614__labour,4614,labour,244,blue,244::blue,阻塞性通气功能障碍,3,train,138,138,1.0
row_004615__labour,4615,labour,244,green,244::green,阻塞性通气功能障碍,3,train,129,122,1.0573770491803278
row_004616__labour,4616,labour,244,pink,244::pink,阻塞性通气功能障碍,3,train,140,135,1.037037037037037
row_004617__labour,4617,labour,245,red,245::red,阻塞性通气功能障碍,3,train,237,241,1.0168776371308017
row_004618__labour,4618,labour,245,green,245::green,阻塞性通气功能障碍,3,test,243,246,1.0123456790123457
row_004619__labour,4619,labour,245,pink,245::pink,阻塞性通气功能障碍,3,train,252,252,1.0
row_004620__labour,4620,labour,249,blue,249::blue,阻塞性通气功能障碍,3,train,380,366,1.0382513661202186
row_004621__labour,4621,labour,249,red,249::red,阻塞性通气功能障碍,3,train,385,368,1.046195652173913
row_004622__labour,4622,labour,249,green,249::green,阻塞性通气功能障碍,3,train,392,368,1.065217391304348
row_004623__labour,4623,labour,250,blue,250::blue,阻塞性通气功能障碍,3,test,394,393,1.0025445292620865
row_004624__labour,4624,labour,250,red,250::red,阻塞性通气功能障碍,3,val,399,397,1.0050377833753148
row_004625__labour,4625,labour,250,green,250::green,阻塞性通气功能障碍,3,test,393,394,1.0025445292620865
row_004626__labour,4626,labour,251,red,251::red,阻塞性通气功能障碍,3,train,416,406,1.0246305418719213
row_004627__labour,4627,labour,251,green,251::green,阻塞性通气功能障碍,3,val,416,400,1.04
row_004628__labour,4628,labour,253,blue,253::blue,阻塞性通气功能障碍,3,test,344,343,1.0029154518950438
row_004629__labour,4629,labour,253,red,253::red,阻塞性通气功能障碍,3,train,342,341,1.002932551319648
row_004630__labour,4630,labour,253,green,253::green,阻塞性通气功能障碍,3,train,335,335,1.0
row_004631__labour,4631,labour,254,blue,254::blue,阻塞性通气功能障碍,3,train,248,233,1.0643776824034334
row_004632__labour,4632,labour,254,red,254::red,阻塞性通气功能障碍,3,train,230,218,1.055045871559633
row_004633__labour,4633,labour,254,green,254::green,阻塞性通气功能障碍,3,train,235,239,1.0170212765957447
row_004634__labour,4634,labour,255,blue,255::blue,阻塞性通气功能障碍,3,train,241,206,1.1699029126213591
row_004635__labour,4635,labour,255,red,255::red,阻塞性通气功能障碍,3,train,247,219,1.1278538812785388
row_004636__labour,4636,labour,255,green,255::green,阻塞性通气功能障碍,3,val,241,224,1.0758928571428572
row_004637__labour,4637,labour,256,blue,256::blue,阻塞性通气功能障碍,3,val,330,319,1.0344827586206897
row_004638__labour,4638,labour,256,red,256::red,阻塞性通气功能障碍,3,train,322,306,1.0522875816993464
row_004639__labour,4639,labour,256,green,256::green,阻塞性通气功能障碍,3,val,314,297,1.0572390572390573
row_004641__labour,4641,labour,257,red,257::red,阻塞性通气功能障碍,3,train,325,327,1.0061538461538462
row_004642__labour,4642,labour,257,green,257::green,阻塞性通气功能障碍,3,train,323,282,1.1453900709219857
row_004644__labour,4644,labour,258,red,258::red,阻塞性通气功能障碍,3,train,200,177,1.1299435028248588
row_004645__labour,4645,labour,258,green,258::green,阻塞性通气功能障碍,3,train,203,178,1.1404494382022472
row_004646__labour,4646,labour,259,blue,259::blue,阻塞性通气功能障碍,3,train,293,270,1.0851851851851853
row_004647__labour,4647,labour,259,red,259::red,阻塞性通气功能障碍,3,val,298,282,1.0567375886524824
row_004648__labour,4648,labour,259,green,259::green,阻塞性通气功能障碍,3,train,300,279,1.075268817204301
row_004649__labour,4649,labour,260,blue,260::blue,阻塞性通气功能障碍,3,test,222,204,1.088235294117647
row_004650__labour,4650,labour,260,red,260::red,阻塞性通气功能障碍,3,train,219,199,1.100502512562814
row_004651__labour,4651,labour,260,green,260::green,阻塞性通气功能障碍,3,train,221,191,1.1570680628272252
row_004652__labour,4652,labour,261,blue,261::blue,阻塞性通气功能障碍,3,train,360,362,1.0055555555555555
row_004653__labour,4653,labour,261,red,261::red,阻塞性通气功能障碍,3,train,366,366,1.0
row_004654__labour,4654,labour,261,green,261::green,阻塞性通气功能障碍,3,val,349,330,1.0575757575757576
row_004655__labour,4655,labour,262,blue,262::blue,阻塞性通气功能障碍,3,train,419,343,1.2215743440233235
row_004658__labour,4658,labour,264,blue,264::blue,阻塞性通气功能障碍,3,train,408,375,1.088
row_004659__labour,4659,labour,264,red,264::red,阻塞性通气功能障碍,3,train,405,382,1.0602094240837696
row_004660__labour,4660,labour,264,green,264::green,阻塞性通气功能障碍,3,train,405,390,1.0384615384615385
row_004661__labour,4661,labour,265,pink,265::pink,阻塞性通气功能障碍,3,train,393,381,1.031496062992126
row_004662__labour,4662,labour,265,red,265::red,阻塞性通气功能障碍,3,val,384,383,1.0026109660574412
row_004663__labour,4663,labour,265,green,265::green,阻塞性通气功能障碍,3,train,390,391,1.0025641025641026
row_004664__labour,4664,labour,268,blue,268::blue,阻塞性通气功能障碍,3,train,338,326,1.0368098159509203
row_004665__labour,4665,labour,268,red,268::red,阻塞性通气功能障碍,3,train,325,327,1.0061538461538462
row_004667__labour,4667,labour,270,red,270::red,阻塞性通气功能障碍,3,train,353,319,1.1065830721003134
row_004668__labour,4668,labour,270,green,270::green,阻塞性通气功能障碍,3,train,359,307,1.1693811074918568
row_004672__labour,4672,labour,274,green,274::green,阻塞性通气功能障碍,3,val,370,370,1.0
row_004673__labour,4673,labour,275,blue,275::blue,阻塞性通气功能障碍,3,train,330,335,1.0151515151515151
row_004674__labour,4674,labour,275,red,275::red,阻塞性通气功能障碍,3,train,325,334,1.0276923076923077
row_004675__labour,4675,labour,275,pink,275::pink,阻塞性通气功能障碍,3,train,339,336,1.0089285714285714
row_004676__labour,4676,labour,276,blue,276::blue,阻塞性通气功能障碍,3,train,229,230,1.0043668122270741
row_004677__labour,4677,labour,276,red,276::red,阻塞性通气功能障碍,3,val,234,231,1.0129870129870129
row_004678__labour,4678,labour,276,green,276::green,阻塞性通气功能障碍,3,val,237,237,1.0
row_004679__labour,4679,labour,277,blue,277::blue,阻塞性通气功能障碍,3,train,303,302,1.0033112582781456
row_004680__labour,4680,labour,277,red,277::red,阻塞性通气功能障碍,3,val,302,302,1.0
row_004681__labour,4681,labour,277,green,277::green,阻塞性通气功能障碍,3,train,289,291,1.0069204152249136
row_004682__labour,4682,labour,278,red,278::red,阻塞性通气功能障碍,3,train,330,317,1.0410094637223974
row_004683__labour,4683,labour,278,green,278::green,阻塞性通气功能障碍,3,train,321,306,1.0490196078431373
row_004684__labour,4684,labour,279,blue,279::blue,阻塞性通气功能障碍,3,test,302,303,1.0033112582781456
row_004685__labour,4685,labour,279,red,279::red,阻塞性通气功能障碍,3,test,291,289,1.0069204152249136
row_004686__labour,4686,labour,279,green,279::green,阻塞性通气功能障碍,3,train,295,291,1.013745704467354
row_004687__labour,4687,labour,280,blue,280::blue,阻塞性通气功能障碍,3,train,476,473,1.0063424947145878
row_004688__labour,4688,labour,280,red,280::red,阻塞性通气功能障碍,3,train,441,450,1.0204081632653061
row_004689__labour,4689,labour,280,green,280::green,阻塞性通气功能障碍,3,val,484,483,1.0020703933747412
row_004690__labour,4690,labour,281,blue,281::blue,阻塞性通气功能障碍,3,train,328,283,1.1590106007067138
row_004691__labour,4691,labour,281,red,281::red,阻塞性通气功能障碍,3,train,327,250,1.308
row_004692__labour,4692,labour,281,green,281::green,阻塞性通气功能障碍,3,train,323,254,1.2716535433070866
row_004693__labour,4693,labour,282,blue,282::blue,阻塞性通气功能障碍,3,train,319,293,1.0887372013651877
row_004694__labour,4694,labour,282,red,282::red,阻塞性通气功能障碍,3,train,319,305,1.0459016393442624
row_004695__labour,4695,labour,282,green,282::green,阻塞性通气功能障碍,3,train,318,315,1.0095238095238095
row_004696__labour,4696,labour,283,blue,283::blue,阻塞性通气功能障碍,3,train,267,266,1.0037593984962405
row_004697__labour,4697,labour,283,red,283::red,阻塞性通气功能障碍,3,train,266,266,1.0
row_004698__labour,4698,labour,283,green,283::green,阻塞性通气功能障碍,3,test,260,259,1.0038610038610039
row_004702__labour,4702,labour,343,color_1,343::color_1,阻塞性通气功能障碍,3,test,327,334,1.0214067278287462
row_004703__labour,4703,labour,343,color_2,343::color_2,阻塞性通气功能障碍,3,val,358,361,1.0083798882681565
row_004704__labour,4704,labour,343,color_3,343::color_3,阻塞性通气功能障碍,3,train,349,361,1.0343839541547277
row_004706__labour,4706,labour,345,color_1,345::color_1,阻塞性通气功能障碍,3,train,383,291,1.3161512027491409
row_004709__labour,4709,labour,346,color_1,346::color_1,阻塞性通气功能障碍,3,train,309,310,1.0032362459546926
row_004710__labour,4710,labour,346,color_2,346::color_2,阻塞性通气功能障碍,3,train,306,231,1.3246753246753247
row_004711__labour,4711,labour,346,color_3,346::color_3,阻塞性通气功能障碍,3,train,299,305,1.020066889632107
row_004712__labour,4712,labour,350,color_1,350::color_1,阻塞性通气功能障碍,3,test,291,281,1.0355871886120998
row_004713__labour,4713,labour,350,color_2,350::color_2,阻塞性通气功能障碍,3,train,288,290,1.0069444444444444
row_004714__labour,4714,labour,350,color_3,350::color_3,阻塞性通气功能障碍,3,train,280,287,1.025
row_004715__labour,4715,labour,351,color_1,351::color_1,阻塞性通气功能障碍,3,train,241,218,1.1055045871559632
row_004716__labour,4716,labour,351,color_2,351::color_2,阻塞性通气功能障碍,3,train,241,219,1.1004566210045663
row_004717__labour,4717,labour,351,color_3,351::color_3,阻塞性通气功能障碍,3,train,241,185,1.3027027027027027
row_004719__labour,4719,labour,353,color_2,353::color_2,阻塞性通气功能障碍,3,train,132,137,1.0378787878787878
row_004720__labour,4720,labour,353,color_3,353::color_3,阻塞性通气功能障碍,3,train,129,117,1.1025641025641026
row_004721__labour,4721,labour,355,color_1,355::color_1,阻塞性通气功能障碍,3,train,172,152,1.131578947368421
row_004722__labour,4722,labour,355,color_2,355::color_2,阻塞性通气功能障碍,3,train,172,165,1.0424242424242425
row_004723__labour,4723,labour,355,color_3,355::color_3,阻塞性通气功能障碍,3,test,168,176,1.0476190476190477
row_004724__labour,4724,labour,356,color_2,356::color_2,阻塞性通气功能障碍,3,train,372,354,1.0508474576271187
row_004725__labour,4725,labour,356,color_3,356::color_3,阻塞性通气功能障碍,3,train,369,348,1.0603448275862069
row_004726__labour,4726,labour,357,color_1,357::color_1,阻塞性通气功能障碍,3,test,242,245,1.012396694214876
row_004727__labour,4727,labour,357,color_2,357::color_2,阻塞性通气功能障碍,3,train,227,231,1.0176211453744493
row_004728__labour,4728,labour,357,color_3,357::color_3,阻塞性通气功能障碍,3,train,241,245,1.016597510373444
row_004729__labour,4729,labour,359,color_1,359::color_1,阻塞性通气功能障碍,3,train,246,254,1.032520325203252
row_004730__labour,4730,labour,359,color_2,359::color_2,阻塞性通气功能障碍,3,test,248,253,1.0201612903225807
row_004731__labour,4731,labour,359,color_3,359::color_3,阻塞性通气功能障碍,3,val,245,250,1.0204081632653061
row_004732__labour,4732,labour,361,color_3,361::color_3,阻塞性通气功能障碍,3,train,296,250,1.184
row_004733__labour,4733,labour,364,color_1,364::color_1,阻塞性通气功能障碍,3,train,289,297,1.027681660899654
row_004734__labour,4734,labour,364,color_2,364::color_2,阻塞性通气功能障碍,3,val,282,298,1.0567375886524824
row_004735__labour,4735,labour,365,color_1,365::color_1,阻塞性通气功能障碍,3,val,321,304,1.055921052631579
row_004736__labour,4736,labour,365,color_2,365::color_2,阻塞性通气功能障碍,3,train,322,325,1.0093167701863355
row_004737__labour,4737,labour,365,color_3,365::color_3,阻塞性通气功能障碍,3,train,319,320,1.0031347962382444
row_004738__labour,4738,labour,367,color_1,367::color_1,阻塞性通气功能障碍,3,train,262,264,1.0076335877862594
row_004739__labour,4739,labour,367,color_2,367::color_2,阻塞性通气功能障碍,3,train,269,264,1.018939393939394
row_004740__labour,4740,labour,367,color_3,367::color_3,阻塞性通气功能障碍,3,train,269,268,1.0037313432835822
row_004742__labour,4742,labour,369,color_2,369::color_2,阻塞性通气功能障碍,3,train,238,188,1.2659574468085106
row_004744__labour,4744,labour,371,color_1,371::color_1,阻塞性通气功能障碍,3,test,338,342,1.0118343195266273
row_004745__labour,4745,labour,371,color_2,371::color_2,阻塞性通气功能障碍,3,test,340,303,1.1221122112211221
row_004746__labour,4746,labour,371,color_3,371::color_3,阻塞性通气功能障碍,3,train,337,331,1.0181268882175227
row_004747__labour,4747,labour,372,color_1,372::color_1,阻塞性通气功能障碍,3,train,265,254,1.0433070866141732
row_004748__labour,4748,labour,373,color_1,373::color_1,阻塞性通气功能障碍,3,train,305,250,1.22
row_004749__labour,4749,labour,373,color_2,373::color_2,阻塞性通气功能障碍,3,test,317,318,1.003154574132492
row_004750__labour,4750,labour,373,color_3,373::color_3,阻塞性通气功能障碍,3,train,303,311,1.0264026402640265
row_004751__labour,4751,labour,374,color_1,374::color_1,阻塞性通气功能障碍,3,train,220,227,1.0318181818181817
row_004752__labour,4752,labour,374,color_2,374::color_2,阻塞性通气功能障碍,3,test,228,232,1.0175438596491229
row_004753__labour,4753,labour,374,color_3,374::color_3,阻塞性通气功能障碍,3,train,223,228,1.0224215246636772
row_004754__labour,4754,labour,375,color_1,375::color_1,阻塞性通气功能障碍,3,train,458,441,1.038548752834467
row_004755__labour,4755,labour,375,color_2,375::color_2,阻塞性通气功能障碍,3,train,448,449,1.0022321428571428
row_004756__labour,4756,labour,375,color_3,375::color_3,阻塞性通气功能障碍,3,train,465,425,1.0941176470588236
row_004757__labour,4757,labour,376,color_1,376::color_1,阻塞性通气功能障碍,3,val,322,291,1.1065292096219932
row_004758__labour,4758,labour,376,color_2,376::color_2,阻塞性通气功能障碍,3,train,314,295,1.064406779661017
row_004759__labour,4759,labour,376,color_3,376::color_3,阻塞性通气功能障碍,3,test,318,293,1.0853242320819112
row_004760__labour,4760,labour,377,color_1,377::color_1,阻塞性通气功能障碍,3,train,475,452,1.0508849557522124
row_004761__labour,4761,labour,377,color_2,377::color_2,阻塞性通气功能障碍,3,val,479,482,1.0062630480167014
row_004762__labour,4762,labour,377,color_3,377::color_3,阻塞性通气功能障碍,3,train,478,468,1.0213675213675213
row_004763__labour,4763,labour,378,color_1,378::color_1,阻塞性通气功能障碍,3,train,345,348,1.008695652173913
row_004764__labour,4764,labour,378,color_2,378::color_2,阻塞性通气功能障碍,3,train,338,341,1.0088757396449703
row_004765__labour,4765,labour,378,color_3,378::color_3,阻塞性通气功能障碍,3,test,340,345,1.0147058823529411
row_004767__labour,4767,labour,380,color_1,380::color_1,阻塞性通气功能障碍,3,train,445,441,1.0090702947845804
row_004768__labour,4768,labour,380,color_2,380::color_2,阻塞性通气功能障碍,3,train,442,444,1.004524886877828
row_004769__labour,4769,labour,380,color_3,380::color_3,阻塞性通气功能障碍,3,train,450,433,1.0392609699769053
row_004770__labour,4770,labour,381,color_1,381::color_1,阻塞性通气功能障碍,3,test,341,334,1.0209580838323353
row_004771__labour,4771,labour,381,color_2,381::color_2,阻塞性通气功能障碍,3,train,345,342,1.0087719298245614
row_004772__labour,4772,labour,381,color_3,381::color_3,阻塞性通气功能障碍,3,test,347,347,1.0
row_004773__labour,4773,labour,382,color_1,382::color_1,阻塞性通气功能障碍,3,train,282,271,1.040590405904059
row_004774__labour,4774,labour,382,color_2,382::color_2,阻塞性通气功能障碍,3,train,305,264,1.1553030303030303
row_004775__labour,4775,labour,382,color_3,382::color_3,阻塞性通气功能障碍,3,train,293,233,1.257510729613734
row_004776__labour,4776,labour,385,color_1,385::color_1,阻塞性通气功能障碍,3,val,358,317,1.1293375394321767
row_004777__labour,4777,labour,385,color_2,385::color_2,阻塞性通气功能障碍,3,train,399,343,1.163265306122449
row_004778__labour,4778,labour,385,color_3,385::color_3,阻塞性通气功能障碍,3,train,361,320,1.128125
row_004780__labour,4780,labour,387,color_2,387::color_2,阻塞性通气功能障碍,3,train,146,149,1.0205479452054795
row_004781__labour,4781,labour,387,color_3,387::color_3,阻塞性通气功能障碍,3,train,148,114,1.2982456140350878
row_004782__labour,4782,labour,389,color_1,389::color_1,阻塞性通气功能障碍,3,train,387,287,1.348432055749129
row_004783__labour,4783,labour,390,color_1,390::color_1,阻塞性通气功能障碍,3,train,466,415,1.1228915662650603
row_004784__labour,4784,labour,390,color_2,390::color_2,阻塞性通气功能障碍,3,train,459,432,1.0625
row_004785__labour,4785,labour,390,color_3,390::color_3,阻塞性通气功能障碍,3,train,464,430,1.0790697674418606
row_004786__labour,4786,labour,391,color_1,391::color_1,阻塞性通气功能障碍,3,val,292,242,1.2066115702479339
row_004787__labour,4787,labour,391,color_2,391::color_2,阻塞性通气功能障碍,3,train,297,294,1.010204081632653
row_004788__labour,4788,labour,391,color_3,391::color_3,阻塞性通气功能障碍,3,train,301,300,1.0033333333333334
row_004789__labour,4789,labour,396,color_1,396::color_1,阻塞性通气功能障碍,3,val,329,361,1.0972644376899696
row_004790__labour,4790,labour,397,color_1,397::color_1,阻塞性通气功能障碍,3,train,319,332,1.0407523510971788
row_004791__labour,4791,labour,397,color_2,397::color_2,阻塞性通气功能障碍,3,train,320,338,1.05625
row_004792__labour,4792,labour,397,color_3,397::color_3,阻塞性通气功能障碍,3,test,339,345,1.0176991150442478
row_004793__labour,4793,labour,398,color_1,398::color_1,阻塞性通气功能障碍,3,train,474,437,1.0846681922196797
row_004794__labour,4794,labour,398,color_2,398::color_2,阻塞性通气功能障碍,3,test,467,469,1.0042826552462527
row_004795__labour,4795,labour,399,color_1,399::color_1,阻塞性通气功能障碍,3,train,162,164,1.0123456790123457
row_004796__labour,4796,labour,399,color_2,399::color_2,阻塞性通气功能障碍,3,train,165,150,1.1
row_004797__labour,4797,labour,399,color_3,399::color_3,阻塞性通气功能障碍,3,val,163,161,1.0124223602484472
row_004798__labour,4798,labour,402,color_1,402::color_1,阻塞性通气功能障碍,3,train,354,360,1.0169491525423728
row_004799__labour,4799,labour,402,color_2,402::color_2,阻塞性通气功能障碍,3,train,358,372,1.0391061452513966
row_004800__labour,4800,labour,402,color_3,402::color_3,阻塞性通气功能障碍,3,train,359,378,1.052924791086351
row_004801__labour,4801,labour,403,color_2,403::color_2,阻塞性通气功能障碍,3,train,255,276,1.0823529411764705
row_004802__labour,4802,labour,403,color_3,403::color_3,阻塞性通气功能障碍,3,train,247,252,1.0202429149797572
row_004803__labour,4803,labour,405,color_1,405::color_1,阻塞性通气功能障碍,3,train,327,341,1.0428134556574924
row_004804__labour,4804,labour,405,color_2,405::color_2,阻塞性通气功能障碍,3,train,325,326,1.003076923076923
row_004805__labour,4805,labour,405,color_3,405::color_3,阻塞性通气功能障碍,3,train,325,330,1.0153846153846153
row_004806__labour,4806,labour,406,color_1,406::color_1,阻塞性通气功能障碍,3,train,459,439,1.0455580865603644
row_004807__labour,4807,labour,406,color_2,406::color_2,阻塞性通气功能障碍,3,train,456,456,1.0
row_004808__labour,4808,labour,406,color_3,406::color_3,阻塞性通气功能障碍,3,train,462,464,1.0043290043290043
row_004809__labour,4809,labour,407,color_1,407::color_1,阻塞性通气功能障碍,3,test,121,152,1.256198347107438
row_004810__labour,4810,labour,407,color_2,407::color_2,阻塞性通气功能障碍,3,test,132,151,1.143939393939394
row_004811__labour,4811,labour,407,color_3,407::color_3,阻塞性通气功能障碍,3,train,130,140,1.0769230769230769
row_004813__labour,4813,labour,409,color_2,409::color_2,阻塞性通气功能障碍,3,test,349,330,1.0575757575757576
row_004815__labour,4815,labour,410,color_1,410::color_1,阻塞性通气功能障碍,3,train,356,346,1.0289017341040463
row_004816__labour,4816,labour,410,color_2,410::color_2,阻塞性通气功能障碍,3,train,351,322,1.0900621118012421
row_004817__labour,4817,labour,410,color_3,410::color_3,阻塞性通气功能障碍,3,train,350,352,1.0057142857142858
row_004818__labour,4818,labour,411,color_1,411::color_1,阻塞性通气功能障碍,3,train,236,202,1.1683168316831682
row_004820__labour,4820,labour,411,color_3,411::color_3,阻塞性通气功能障碍,3,train,236,196,1.2040816326530612
row_004821__labour,4821,labour,412,color_1,412::color_1,阻塞性通气功能障碍,3,train,192,206,1.0729166666666667
row_004822__labour,4822,labour,412,color_2,412::color_2,阻塞性通气功能障碍,3,train,201,203,1.0099502487562189
row_004823__labour,4823,labour,412,color_3,412::color_3,阻塞性通气功能障碍,3,train,205,223,1.0878048780487806
row_004824__labour,4824,labour,413,color_1,413::color_1,阻塞性通气功能障碍,3,train,315,277,1.1371841155234657
row_004825__labour,4825,labour,413,color_2,413::color_2,阻塞性通气功能障碍,3,test,312,304,1.0263157894736843
row_004826__labour,4826,labour,413,color_3,413::color_3,阻塞性通气功能障碍,3,train,314,294,1.0680272108843538
row_004827__labour,4827,labour,414,color_1,414::color_1,阻塞性通气功能障碍,3,train,369,402,1.089430894308943
row_004828__labour,4828,labour,414,color_2,414::color_2,阻塞性通气功能障碍,3,train,367,388,1.0572207084468666
row_004829__labour,4829,labour,414,color_3,414::color_3,阻塞性通气功能障碍,3,val,357,409,1.145658263305322
row_004830__labour,4830,labour,417,color_1,417::color_1,阻塞性通气功能障碍,3,train,243,248,1.0205761316872428
row_004831__labour,4831,labour,417,color_2,417::color_2,阻塞性通气功能障碍,3,val,235,240,1.0212765957446808
row_004832__labour,4832,labour,417,color_3,417::color_3,阻塞性通气功能障碍,3,train,246,249,1.0121951219512195
row_004833__labour,4833,labour,418,color_3,418::color_3,阻塞性通气功能障碍,3,train,346,257,1.3463035019455254
row_004834__labour,4834,labour,419,color_1,419::color_1,阻塞性通气功能障碍,3,val,292,293,1.0034246575342465
row_004835__labour,4835,labour,419,color_2,419::color_2,阻塞性通气功能障碍,3,test,306,289,1.0588235294117647
row_004836__labour,4836,labour,419,color_3,419::color_3,阻塞性通气功能障碍,3,train,310,285,1.087719298245614
row_004837__labour,4837,labour,422,color_1,422::color_1,阻塞性通气功能障碍,3,train,145,156,1.0758620689655172
row_004838__labour,4838,labour,422,color_2,422::color_2,阻塞性通气功能障碍,3,train,143,150,1.048951048951049
row_004839__labour,4839,labour,424,color_3,424::color_3,阻塞性通气功能障碍,3,train,512,515,1.005859375
row_004840__labour,4840,labour,426,color_1,426::color_1,阻塞性通气功能障碍,3,test,348,347,1.0028818443804035
row_004841__labour,4841,labour,427,color_1,427::color_1,阻塞性通气功能障碍,3,train,308,285,1.080701754385965
row_004842__labour,4842,labour,427,color_2,427::color_2,阻塞性通气功能障碍,3,test,305,299,1.020066889632107
row_004843__labour,4843,labour,427,color_3,427::color_3,阻塞性通气功能障碍,3,train,302,291,1.0378006872852235
row_004844__labour,4844,labour,428,color_1,428::color_1,阻塞性通气功能障碍,3,train,263,221,1.1900452488687783
row_004846__labour,4846,labour,430,color_2,430::color_2,阻塞性通气功能障碍,3,train,285,238,1.1974789915966386
row_004847__labour,4847,labour,430,color_3,430::color_3,阻塞性通气功能障碍,3,train,297,283,1.0494699646643109
row_004848__labour,4848,labour,432,color_3,432::color_3,阻塞性通气功能障碍,3,train,368,330,1.1151515151515152
row_004849__labour,4849,labour,433,color_1,433::color_1,阻塞性通气功能障碍,3,train,288,290,1.0069444444444444
row_004850__labour,4850,labour,433,color_2,433::color_2,阻塞性通气功能障碍,3,train,300,303,1.01
row_004851__labour,4851,labour,433,color_3,433::color_3,阻塞性通气功能障碍,3,val,289,292,1.0103806228373702
row_004852__labour,4852,labour,434,color_1,434::color_1,阻塞性通气功能障碍,3,train,247,257,1.040485829959514
row_004853__labour,4853,labour,434,color_2,434::color_2,阻塞性通气功能障碍,3,train,269,264,1.018939393939394
row_004854__labour,4854,labour,434,color_3,434::color_3,阻塞性通气功能障碍,3,val,253,222,1.1396396396396395
row_004855__labour,4855,labour,435,color_1,435::color_1,阻塞性通气功能障碍,3,test,283,223,1.2690582959641257
row_004856__labour,4856,labour,435,color_2,435::color_2,阻塞性通气功能障碍,3,train,292,269,1.0855018587360594
row_004857__labour,4857,labour,435,color_3,435::color_3,阻塞性通气功能障碍,3,train,292,243,1.2016460905349795
row_004858__labour,4858,labour,436,color_1,436::color_1,阻塞性通气功能障碍,3,train,346,348,1.0057803468208093
row_004859__labour,4859,labour,436,color_2,436::color_2,阻塞性通气功能障碍,3,train,356,359,1.0084269662921348
row_004860__labour,4860,labour,436,color_3,436::color_3,阻塞性通气功能障碍,3,test,348,353,1.014367816091954
row_004861__labour,4861,labour,437,color_2,437::color_2,阻塞性通气功能障碍,3,train,210,229,1.0904761904761904
row_004862__labour,4862,labour,437,color_3,437::color_3,阻塞性通气功能障碍,3,train,312,309,1.0097087378640777
row_004863__labour,4863,labour,439,color_1,439::color_1,阻塞性通气功能障碍,3,train,327,321,1.0186915887850467
row_004864__labour,4864,labour,439,color_2,439::color_2,阻塞性通气功能障碍,3,train,333,332,1.0030120481927711
row_004865__labour,4865,labour,439,color_3,439::color_3,阻塞性通气功能障碍,3,train,348,267,1.303370786516854
row_004866__labour,4866,labour,445,color_1,445::color_1,阻塞性通气功能障碍,3,test,349,347,1.005763688760807
row_004867__labour,4867,labour,445,color_2,445::color_2,阻塞性通气功能障碍,3,train,354,332,1.0662650602409638
row_004868__labour,4868,labour,445,color_3,445::color_3,阻塞性通气功能障碍,3,train,350,334,1.0479041916167664
row_004869__labour,4869,labour,446,color_1,446::color_1,阻塞性通气功能障碍,3,train,376,377,1.002659574468085
row_004870__labour,4870,labour,446,color_2,446::color_2,阻塞性通气功能障碍,3,val,378,379,1.0026455026455026
row_004871__labour,4871,labour,446,color_3,446::color_3,阻塞性通气功能障碍,3,train,374,369,1.013550135501355
row_004872__labour,4872,labour,448,color_1,448::color_1,阻塞性通气功能障碍,3,train,334,283,1.1802120141342756
row_004873__labour,4873,labour,448,color_2,448::color_2,阻塞性通气功能障碍,3,test,332,285,1.1649122807017545
row_004874__labour,4874,labour,448,color_3,448::color_3,阻塞性通气功能障碍,3,test,327,255,1.2823529411764707
row_004875__labour,4875,labour,449,color_1,449::color_1,阻塞性通气功能障碍,3,train,275,239,1.1506276150627615
row_004876__labour,4876,labour,449,color_2,449::color_2,阻塞性通气功能障碍,3,train,272,275,1.0110294117647058
row_004877__labour,4877,labour,452,color_1,452::color_1,阻塞性通气功能障碍,3,test,369,411,1.113821138211382
row_004878__labour,4878,labour,452,color_2,452::color_2,阻塞性通气功能障碍,3,train,370,403,1.0891891891891892
row_004879__labour,4879,labour,452,color_3,452::color_3,阻塞性通气功能障碍,3,train,374,417,1.1149732620320856
row_004880__labour,4880,labour,453,color_2,453::color_2,阻塞性通气功能障碍,3,val,472,386,1.2227979274611398
row_004881__labour,4881,labour,453,color_3,453::color_3,阻塞性通气功能障碍,3,train,472,391,1.207161125319693
row_004882__labour,4882,labour,454,color_1,454::color_1,阻塞性通气功能障碍,3,train,362,353,1.0254957507082152
row_004883__labour,4883,labour,454,color_2,454::color_2,阻塞性通气功能障碍,3,train,356,349,1.0200573065902578
row_004884__labour,4884,labour,454,color_3,454::color_3,阻塞性通气功能障碍,3,train,347,339,1.0235988200589972
row_004885__labour,4885,labour,457,color_1,457::color_1,阻塞性通气功能障碍,3,train,466,423,1.1016548463356974
row_004886__labour,4886,labour,457,color_2,457::color_2,阻塞性通气功能障碍,3,train,481,468,1.0277777777777777
row_004887__labour,4887,labour,457,color_3,457::color_3,阻塞性通气功能障碍,3,train,481,428,1.1238317757009346
row_004888__labour,4888,labour,458,color_1,458::color_1,阻塞性通气功能障碍,3,train,517,509,1.0157170923379175
row_004889__labour,4889,labour,458,color_2,458::color_2,阻塞性通气功能障碍,3,val,508,514,1.0118110236220472
row_004890__labour,4890,labour,458,color_3,458::color_3,阻塞性通气功能障碍,3,train,510,523,1.0254901960784313
row_004891__labour,4891,labour,461,color_1,461::color_1,阻塞性通气功能障碍,3,val,280,266,1.0526315789473684
row_004892__labour,4892,labour,461,color_2,461::color_2,阻塞性通气功能障碍,3,test,283,264,1.071969696969697
row_004893__labour,4893,labour,461,color_3,461::color_3,阻塞性通气功能障碍,3,train,285,274,1.0401459854014599
row_004894__labour,4894,labour,462,color_1,462::color_1,阻塞性通气功能障碍,3,train,190,149,1.2751677852348993
row_004895__labour,4895,labour,462,color_2,462::color_2,阻塞性通气功能障碍,3,val,178,150,1.1866666666666668
row_004897__labour,4897,labour,463,color_1,463::color_1,阻塞性通气功能障碍,3,train,308,315,1.0227272727272727
row_004898__labour,4898,labour,464,color_1,464::color_1,阻塞性通气功能障碍,3,train,355,320,1.109375
row_004899__labour,4899,labour,464,color_2,464::color_2,阻塞性通气功能障碍,3,test,352,320,1.1
row_004900__labour,4900,labour,464,color_3,464::color_3,阻塞性通气功能障碍,3,train,348,353,1.014367816091954
row_004901__labour,4901,labour,465,color_2,465::color_2,阻塞性通气功能障碍,3,train,413,405,1.019753086419753
row_004902__labour,4902,labour,466,color_1,466::color_1,阻塞性通气功能障碍,3,train,480,447,1.0738255033557047
row_004903__labour,4903,labour,466,color_2,466::color_2,阻塞性通气功能障碍,3,train,480,458,1.0480349344978166
row_004904__gy,4904,gy,Z0000384866,P1,Z0000384866::P1,非特异性通气功能障碍,5,train,138,138,1.0
row_004905__gy,4905,gy,Z0000384866,P2,Z0000384866::P2,非特异性通气功能障碍,5,val,142,143,1.0070422535211268
row_004906__gy,4906,gy,Z0000384866,P3,Z0000384866::P3,非特异性通气功能障碍,5,train,143,142,1.0070422535211268
row_004907__gy,4907,gy,M0080285113,P1,M0080285113::P1,非特异性通气功能障碍,5,test,122,125,1.0245901639344261
row_004908__gy,4908,gy,M0080285113,P2,M0080285113::P2,非特异性通气功能障碍,5,train,121,118,1.0254237288135593
row_004909__gy,4909,gy,M0080285113,P3,M0080285113::P3,非特异性通气功能障碍,5,test,119,123,1.0336134453781514
row_004910__gy,4910,gy,0081387003,P1,0081387003::P1,非特异性通气功能障碍,5,val,175,172,1.0174418604651163
row_004911__gy,4911,gy,0081387003,P2,0081387003::P2,非特异性通气功能障碍,5,train,175,154,1.1363636363636365
row_004912__gy,4912,gy,0081387003,P3,0081387003::P3,非特异性通气功能障碍,5,val,176,148,1.1891891891891893
row_004913__gy,4913,gy,0081513455,P1,0081513455::P1,非特异性通气功能障碍,5,train,166,164,1.0121951219512195
row_004914__gy,4914,gy,0081513455,P2,0081513455::P2,非特异性通气功能障碍,5,test,162,162,1.0
row_004915__gy,4915,gy,0081513455,P3,0081513455::P3,非特异性通气功能障碍,5,train,168,168,1.0
row_004916__gy,4916,gy,M0000023121,P1,M0000023121::P1,非特异性通气功能障碍,5,train,112,117,1.0446428571428572
row_004917__gy,4917,gy,M0000023121,P2,M0000023121::P2,非特异性通气功能障碍,5,train,113,113,1.0
row_004918__gy,4918,gy,M0000023121,P3,M0000023121::P3,非特异性通气功能障碍,5,val,116,109,1.0642201834862386
row_004919__gy,4919,gy,Z0000650306,P1,Z0000650306::P1,非特异性通气功能障碍,5,val,143,156,1.0909090909090908
row_004920__gy,4920,gy,Z0000650306,P2,Z0000650306::P2,非特异性通气功能障碍,5,val,144,154,1.0694444444444444
row_004921__gy,4921,gy,Z0000650306,P3,Z0000650306::P3,非特异性通气功能障碍,5,train,147,154,1.0476190476190477
row_004922__gy,4922,gy,Z0000702973,P1,Z0000702973::P1,非特异性通气功能障碍,5,train,128,104,1.2307692307692308
row_004923__gy,4923,gy,Z0000702973,P2,Z0000702973::P2,非特异性通气功能障碍,5,val,123,106,1.1603773584905661
row_004924__gy,4924,gy,Z0000702973,P3,Z0000702973::P3,非特异性通气功能障碍,5,train,128,104,1.2307692307692308
row_004925__gy,4925,gy,M0082120131,P1,M0082120131::P1,非特异性通气功能障碍,5,train,160,160,1.0
row_004926__gy,4926,gy,M0082120131,P2,M0082120131::P2,非特异性通气功能障碍,5,train,161,148,1.087837837837838
row_004927__gy,4927,gy,M0082120131,P3,M0082120131::P3,非特异性通气功能障碍,5,train,160,153,1.0457516339869282
row_004928__gy,4928,gy,0000560436,P1,0000560436::P1,非特异性通气功能障碍,5,test,165,143,1.1538461538461537
row_004929__gy,4929,gy,0000560436,P2,0000560436::P2,非特异性通气功能障碍,5,test,160,163,1.01875
row_004930__gy,4930,gy,0000560436,P3,0000560436::P3,非特异性通气功能障碍,5,train,158,159,1.0063291139240507
row_004931__gy,4931,gy,Z0000697892,P1,Z0000697892::P1,非特异性通气功能障碍,5,val,134,134,1.0
row_004932__gy,4932,gy,Z0000697892,P2,Z0000697892::P2,非特异性通气功能障碍,5,train,130,129,1.0077519379844961
row_004933__gy,4933,gy,Z0000697892,P3,Z0000697892::P3,非特异性通气功能障碍,5,test,131,126,1.0396825396825398
row_004934__gy,4934,gy,Z0000744955,P1,Z0000744955::P1,非特异性通气功能障碍,5,val,106,126,1.1886792452830188
row_004935__gy,4935,gy,Z0000744955,P2,Z0000744955::P2,非特异性通气功能障碍,5,train,100,131,1.31
row_004936__gy,4936,gy,Z0000744955,P3,Z0000744955::P3,非特异性通气功能障碍,5,val,116,131,1.1293103448275863
row_004937__gy,4937,gy,Z0000701694,P1,Z0000701694::P1,非特异性通气功能障碍,5,train,98,101,1.030612244897959
row_004939__gy,4939,gy,Z0000701694,P3,Z0000701694::P3,非特异性通气功能障碍,5,test,97,100,1.0309278350515463
row_004940__gy,4940,gy,Z0008054394,P1,Z0008054394::P1,非特异性通气功能障碍,5,train,157,160,1.019108280254777
row_004941__gy,4941,gy,Z0008054394,P2,Z0008054394::P2,非特异性通气功能障碍,5,val,157,124,1.2661290322580645
row_004942__gy,4942,gy,Z0008054394,P3,Z0008054394::P3,非特异性通气功能障碍,5,train,156,158,1.0128205128205128
row_004943__gy,4943,gy,M0000129021,P1,M0000129021::P1,非特异性通气功能障碍,5,train,130,124,1.0483870967741935
row_004944__gy,4944,gy,M0000129021,P2,M0000129021::P2,非特异性通气功能障碍,5,train,132,133,1.0075757575757576
row_004945__gy,4945,gy,M0000129021,P3,M0000129021::P3,非特异性通气功能障碍,5,train,131,130,1.0076923076923077
row_004946__gy,4946,gy,M0081969300,P1,M0081969300::P1,非特异性通气功能障碍,5,train,134,140,1.044776119402985
row_004947__gy,4947,gy,M0081969300,P2,M0081969300::P2,非特异性通气功能障碍,5,train,135,139,1.0296296296296297
row_004948__gy,4948,gy,M0081969300,P3,M0081969300::P3,非特异性通气功能障碍,5,train,134,136,1.0149253731343284
row_004949__gy,4949,gy,Z0000637527,P1,Z0000637527::P1,非特异性通气功能障碍,5,train,70,75,1.0714285714285714
row_004950__gy,4950,gy,Z0000637527,P2,Z0000637527::P2,非特异性通气功能障碍,5,train,71,74,1.0422535211267605
row_004951__gy,4951,gy,Z0000637527,P3,Z0000637527::P3,非特异性通气功能障碍,5,train,71,74,1.0422535211267605
row_004952__gy,4952,gy,0081241575,P1,0081241575::P1,非特异性通气功能障碍,5,train,132,135,1.0227272727272727
row_004953__gy,4953,gy,0081241575,P2,0081241575::P2,非特异性通气功能障碍,5,train,130,133,1.023076923076923
row_004954__gy,4954,gy,0081241575,P3,0081241575::P3,非特异性通气功能障碍,5,train,131,136,1.0381679389312977
row_004955__gy,4955,gy,0081185475,P1,0081185475::P1,非特异性通气功能障碍,5,train,176,180,1.0227272727272727
row_004956__gy,4956,gy,0081185475,P2,0081185475::P2,非特异性通气功能障碍,5,train,170,174,1.0235294117647058
row_004957__gy,4957,gy,0081185475,P3,0081185475::P3,非特异性通气功能障碍,5,train,173,178,1.0289017341040463
row_004958__gy,4958,gy,M0080239210,P1,M0080239210::P1,非特异性通气功能障碍,5,train,129,140,1.0852713178294573
row_004959__gy,4959,gy,M0080239210,P2,M0080239210::P2,非特异性通气功能障碍,5,train,132,134,1.0151515151515151
row_004960__gy,4960,gy,M0080239210,P3,M0080239210::P3,非特异性通气功能障碍,5,train,127,135,1.062992125984252
row_004961__gy,4961,gy,0081174889,P1,0081174889::P1,非特异性通气功能障碍,5,train,129,130,1.0077519379844961
row_004962__gy,4962,gy,0081174889,P2,0081174889::P2,非特异性通气功能障碍,5,test,125,129,1.032
row_004963__gy,4963,gy,0081174889,P3,0081174889::P3,非特异性通气功能障碍,5,train,120,122,1.0166666666666666
row_004964__gy,4964,gy,Z0000697892,P1,Z0000697892::P1,非特异性通气功能障碍,5,val,134,134,1.0
row_004965__gy,4965,gy,Z0000697892,P2,Z0000697892::P2,非特异性通气功能障碍,5,train,130,129,1.0077519379844961
row_004966__gy,4966,gy,Z0000697892,P3,Z0000697892::P3,非特异性通气功能障碍,5,test,131,126,1.0396825396825398
row_004967__gy,4967,gy,M0081606831,P1,M0081606831::P1,非特异性通气功能障碍,5,train,133,137,1.0300751879699248
row_004968__gy,4968,gy,M0081606831,P2,M0081606831::P2,非特异性通气功能障碍,5,train,132,136,1.0303030303030303
row_004969__gy,4969,gy,M0081606831,P3,M0081606831::P3,非特异性通气功能障碍,5,train,132,134,1.0151515151515151
row_004970__gy,4970,gy,M0081666669,P1,M0081666669::P1,非特异性通气功能障碍,5,train,106,112,1.0566037735849056
row_004971__gy,4971,gy,M0081666669,P2,M0081666669::P2,非特异性通气功能障碍,5,train,105,111,1.0571428571428572
row_004972__gy,4972,gy,M0081666669,P3,M0081666669::P3,非特异性通气功能障碍,5,train,107,108,1.0093457943925233
row_004973__gy,4973,gy,0081370216,P1,0081370216::P1,非特异性通气功能障碍,5,train,144,149,1.0347222222222223
row_004974__gy,4974,gy,0081370216,P2,0081370216::P2,非特异性通气功能障碍,5,train,145,150,1.0344827586206897
row_004975__gy,4975,gy,0081370216,P3,0081370216::P3,非特异性通气功能障碍,5,train,146,148,1.0136986301369864
row_004976__gy,4976,gy,0080292279,P1,0080292279::P1,非特异性通气功能障碍,5,train,112,99,1.1313131313131313
row_004977__gy,4977,gy,0080292279,P2,0080292279::P2,非特异性通气功能障碍,5,val,111,97,1.1443298969072164
row_004978__gy,4978,gy,0080292279,P3,0080292279::P3,非特异性通气功能障碍,5,train,116,98,1.183673469387755
row_004979__gy,4979,gy,M0082162917,P1,M0082162917::P1,非特异性通气功能障碍,5,train,111,114,1.027027027027027
row_004981__gy,4981,gy,M0082162917,P3,M0082162917::P3,非特异性通气功能障碍,5,test,112,99,1.1313131313131313
row_004982__gy,4982,gy,000049412,P1,000049412::P1,非特异性通气功能障碍,5,train,109,114,1.0458715596330275
row_004983__gy,4983,gy,000049412,P2,000049412::P2,非特异性通气功能障碍,5,train,108,112,1.037037037037037
row_004984__gy,4984,gy,000049412,P3,000049412::P3,非特异性通气功能障碍,5,test,111,115,1.0360360360360361
row_004985__gy,4985,gy,M0081872468,P1,M0081872468::P1,非特异性通气功能障碍,5,train,114,119,1.043859649122807
row_004986__gy,4986,gy,M0081872468,P2,M0081872468::P2,非特异性通气功能障碍,5,train,112,116,1.0357142857142858
row_004987__gy,4987,gy,M0081872468,P3,M0081872468::P3,非特异性通气功能障碍,5,train,116,116,1.0
row_004988__gy,4988,gy,M0081585823,P1,M0081585823::P1,非特异性通气功能障碍,5,train,130,133,1.023076923076923
row_004989__gy,4989,gy,M0081585823,P2,M0081585823::P2,非特异性通气功能障碍,5,val,126,130,1.0317460317460319
row_004990__gy,4990,gy,M0081585823,P3,M0081585823::P3,非特异性通气功能障碍,5,test,128,113,1.1327433628318584
row_004991__gy,4991,gy,M0000585545,P1,M0000585545::P1,非特异性通气功能障碍,5,train,70,74,1.0571428571428572
row_004992__gy,4992,gy,M0000585545,P2,M0000585545::P2,非特异性通气功能障碍,5,train,75,76,1.0133333333333334
row_004993__gy,4993,gy,M0000585545,P3,M0000585545::P3,非特异性通气功能障碍,5,train,72,73,1.0138888888888888
row_004994__gy,4994,gy,M0082319977,P1,M0082319977::P1,非特异性通气功能障碍,5,train,91,96,1.054945054945055
row_004995__gy,4995,gy,M0082319977,P2,M0082319977::P2,非特异性通气功能障碍,5,test,89,93,1.0449438202247192
row_004996__gy,4996,gy,M0082319977,P3,M0082319977::P3,非特异性通气功能障碍,5,train,95,94,1.0106382978723405
row_004997__gy,4997,gy,LXY19630120,P1,LXY19630120::P1,非特异性通气功能障碍,5,train,144,150,1.0416666666666667
row_004998__gy,4998,gy,LXY19630120,P2,LXY19630120::P2,非特异性通气功能障碍,5,train,146,149,1.0205479452054795
row_005000__gy,5000,gy,0080277168,P1,0080277168::P1,非特异性通气功能障碍,5,train,133,131,1.015267175572519
row_005001__gy,5001,gy,0080277168,P2,0080277168::P2,非特异性通气功能障碍,5,train,134,123,1.089430894308943
row_005002__gy,5002,gy,0080277168,P3,0080277168::P3,非特异性通气功能障碍,5,train,131,138,1.0534351145038168
row_005003__gy,5003,gy,Z0000667069,P1,Z0000667069::P1,非特异性通气功能障碍,5,train,121,112,1.0803571428571428
row_005004__gy,5004,gy,Z0000667069,P2,Z0000667069::P2,非特异性通气功能障碍,5,test,96,111,1.15625
row_005005__gy,5005,gy,Z0000667069,P3,Z0000667069::P3,非特异性通气功能障碍,5,train,117,98,1.1938775510204083
row_005006__gy,5006,gy,M0081595584,P1,M0081595584::P1,非特异性通气功能障碍,5,test,119,122,1.0252100840336134
row_005007__gy,5007,gy,M0081595584,P2,M0081595584::P2,非特异性通气功能障碍,5,train,115,118,1.0260869565217392
row_005008__gy,5008,gy,M0081595584,P3,M0081595584::P3,非特异性通气功能障碍,5,train,126,125,1.008
